algo,pivot,neighborhood,meme_divers_try,meme_mean_try,meme_cross_rate_mut,meme_offspring,meme_pop,meme_mut_rate,meme_cross_rate,instance,best_known_cost,cost,elapsed_seconds,solution
memetic,first,['exchange'],3,10,0,10,20,0.1,0.5,N-be75eec_150,3482828,3418928,1.676588,
memetic,first,['exchange'],3,10,0,10,20,0.1,0.5,N-be75eec_150,3482828,3430158,5.062746,
memetic,first,['exchange'],3,10,0,10,20,0.1,0.5,N-be75eec_150,3482828,3433217,8.268783,
memetic,first,['exchange'],3,10,0,10,20,0.1,0.5,N-be75eec_150,3482828,3433899,19.399822,
memetic,first,['exchange'],3,10,0,10,20,0.1,0.5,N-be75eec_150,3482828,3436784,28.972366,
memetic,first,['exchange'],3,10,0,10,20,0.1,0.5,N-be75eec_150,3482828,3437361,32.1315,
memetic,first,['exchange'],3,10,0,10,20,0.1,0.5,N-be75eec_150,3482828,3438731,33.740993,
memetic,first,['exchange'],3,10,0,10,20,0.1,0.5,N-be75eec_150,3482828,3440167,43.414833,
memetic,first,['exchange'],3,10,0,10,20,0.1,0.5,N-be75eec_150,3482828,3440936,45.071453,
memetic,first,['exchange'],3,10,0,10,20,0.1,0.5,N-be75eec_150,3482828,3441186,50.04557,
memetic,first,['exchange'],3,10,0,10,20,0.1,0.5,N-be75eec_150,3482828,3441394,53.431362,
memetic,first,['exchange'],3,10,0,10,20,0.1,0.5,N-be75eec_150,3482828,3444030,64.730766,
memetic,first,['exchange'],3,10,0,10,20,0.1,0.5,N-be75eec_150,3482828,3444467,77.801994,
memetic,first,['exchange'],3,10,0,10,20,0.1,0.5,N-be75eec_150,3482828,3446377,81.323578,
memetic,first,['exchange'],3,10,0,10,20,0.1,0.5,N-be75eec_150,3482828,3450590,101.362701,
memetic,first,['exchange'],3,10,0,10,20,0.1,0.5,N-be75eec_150,3482828,3451702,191.183563,
memetic,first,['exchange'],3,10,0,10,20,0.1,0.5,N-be75eec_150,3482828,3452576,225.822647,
memetic,first,['exchange'],3,10,0,10,20,0.1,0.5,N-be75eec_150,3482828,3454214,236.924301,
memetic,first,['exchange'],3,10,0,10,20,0.1,0.5,N-be75eec_150,3482828,3458382,356.329254,
memetic,first,['exchange'],3,10,0,10,20,0.1,0.5,N-be75eec_150,3482828,3458578,469.562042,
memetic,first,['exchange'],3,10,0,10,20,0.1,0.5,N-be75eec_150,3482828,3460580,612.565308,
memetic,first,['exchange'],3,10,0,10,20,0.1,0.5,N-be75eec_150,3482828,3461767,777.046814,
memetic,first,['exchange'],3,10,0,10,20,0.1,0.5,N-be75eec_150,3482828,3462078,814.814392,
memetic,first,['exchange'],3,10,0,10,20,0.1,0.5,N-be75eec_150,3482828,3462214,1443.450317,
memetic,first,['exchange'],3,10,0,10,20,0.1,0.5,N-be75eec_150,3482828,3466862,1465.072998,
memetic,first,['exchange'],3,10,0,10,20,0.1,0.5,N-be75eec_150,3482828,3466862,1904.305908,
memetic,first,['exchange'],3,10,0,10,20,0.3,0.5,N-be75eec_150,3482828,3419926,2.856979,
memetic,first,['exchange'],3,10,0,10,20,0.3,0.5,N-be75eec_150,3482828,3420597,8.755197,
memetic,first,['exchange'],3,10,0,10,20,0.3,0.5,N-be75eec_150,3482828,3421733,11.92306,
memetic,first,['exchange'],3,10,0,10,20,0.3,0.5,N-be75eec_150,3482828,3431947,17.735943,
memetic,first,['exchange'],3,10,0,10,20,0.3,0.5,N-be75eec_150,3482828,3434104,32.678501,
memetic,first,['exchange'],3,10,0,10,20,0.3,0.5,N-be75eec_150,3482828,3436305,38.713264,
memetic,first,['exchange'],3,10,0,10,20,0.3,0.5,N-be75eec_150,3482828,3438454,48.056225,
memetic,first,['exchange'],3,10,0,10,20,0.3,0.5,N-be75eec_150,3482828,3439521,145.355087,
memetic,first,['exchange'],3,10,0,10,20,0.3,0.5,N-be75eec_150,3482828,3446191,184.416855,
memetic,first,['exchange'],3,10,0,10,20,0.3,0.5,N-be75eec_150,3482828,3446892,250.000916,
memetic,first,['exchange'],3,10,0,10,20,0.3,0.5,N-be75eec_150,3482828,3451397,575.033875,
memetic,first,['exchange'],3,10,0,10,20,0.3,0.5,N-be75eec_150,3482828,3454028,741.525452,
memetic,first,['exchange'],3,10,0,10,20,0.3,0.5,N-be75eec_150,3482828,3454028,1548.213257,
memetic,first,['exchange'],3,10,0.5,10,20,0.1,0.5,N-be75eec_150,3482828,3418928,1.696101,
memetic,first,['exchange'],3,10,0.5,10,20,0.1,0.5,N-be75eec_150,3482828,3432884,3.406627,
memetic,first,['exchange'],3,10,0.5,10,20,0.1,0.5,N-be75eec_150,3482828,3434635,8.792973,
memetic,first,['exchange'],3,10,0.5,10,20,0.1,0.5,N-be75eec_150,3482828,3437393,10.472208,
memetic,first,['exchange'],3,10,0.5,10,20,0.1,0.5,N-be75eec_150,3482828,3441682,15.726659,
memetic,first,['exchange'],3,10,0.5,10,20,0.1,0.5,N-be75eec_150,3482828,3442535,17.16177,
memetic,first,['exchange'],3,10,0.5,10,20,0.1,0.5,N-be75eec_150,3482828,3443790,20.351177,
memetic,first,['exchange'],3,10,0.5,10,20,0.1,0.5,N-be75eec_150,3482828,3445329,23.616083,
memetic,first,['exchange'],3,10,0.5,10,20,0.1,0.5,N-be75eec_150,3482828,3448137,26.871897,
memetic,first,['exchange'],3,10,0.5,10,20,0.1,0.5,N-be75eec_150,3482828,3448996,34.421055,
memetic,first,['exchange'],3,10,0.5,10,20,0.1,0.5,N-be75eec_150,3482828,3450852,40.457809,
memetic,first,['exchange'],3,10,0.5,10,20,0.1,0.5,N-be75eec_150,3482828,3451764,45.088745,
memetic,first,['exchange'],3,10,0.5,10,20,0.1,0.5,N-be75eec_150,3482828,3452962,55.500954,
memetic,first,['exchange'],3,10,0.5,10,20,0.1,0.5,N-be75eec_150,3482828,3455039,57.070877,
memetic,first,['exchange'],3,10,0.5,10,20,0.1,0.5,N-be75eec_150,3482828,3455140,58.478584,
memetic,first,['exchange'],3,10,0.5,10,20,0.1,0.5,N-be75eec_150,3482828,3456558,59.878139,
memetic,first,['exchange'],3,10,0.5,10,20,0.1,0.5,N-be75eec_150,3482828,3458639,65.718422,
memetic,first,['exchange'],3,10,0.5,10,20,0.1,0.5,N-be75eec_150,3482828,3458771,77.005714,
memetic,first,['exchange'],3,10,0.5,10,20,0.1,0.5,N-be75eec_150,3482828,3459332,79.931595,
memetic,first,['exchange'],3,10,0.5,10,20,0.1,0.5,N-be75eec_150,3482828,3459651,81.37011,
memetic,first,['exchange'],3,10,0.5,10,20,0.1,0.5,N-be75eec_150,3482828,3461103,82.916199,
memetic,first,['exchange'],3,10,0.5,10,20,0.1,0.5,N-be75eec_150,3482828,3465470,85.999786,
memetic,first,['exchange'],3,10,0.5,10,20,0.1,0.5,N-be75eec_150,3482828,3466310,166.265396,
memetic,first,['exchange'],3,10,0.5,10,20,0.1,0.5,N-be75eec_150,3482828,3467238,239.358871,
memetic,first,['exchange'],3,10,0.5,10,20,0.1,0.5,N-be75eec_150,3482828,3467363,277.262604,
memetic,first,['exchange'],3,10,0.5,10,20,0.1,0.5,N-be75eec_150,3482828,3467619,296.379059,
memetic,first,['exchange'],3,10,0.5,10,20,0.1,0.5,N-be75eec_150,3482828,3468462,297.773651,
memetic,first,['exchange'],3,10,0.5,10,20,0.1,0.5,N-be75eec_150,3482828,3468542,765.825317,
memetic,first,['exchange'],3,10,0.5,10,20,0.1,0.5,N-be75eec_150,3482828,3470064,767.023926,
memetic,first,['exchange'],3,10,0.5,10,20,0.1,0.5,N-be75eec_150,3482828,3471409,1401.930664,
memetic,first,['exchange'],3,10,0.5,10,20,0.1,0.5,N-be75eec_150,3482828,3471416,1593.436279,
memetic,first,['exchange'],3,10,0.5,10,20,0.1,0.5,N-be75eec_150,3482828,3471417,1621.443115,
memetic,first,['exchange'],3,10,0.5,10,20,0.1,0.5,N-be75eec_150,3482828,3471429,1622.333008,
memetic,first,['exchange'],3,10,0.5,10,20,0.1,0.5,N-be75eec_150,3482828,3471446,1624.017944,
memetic,first,['exchange'],3,10,0.5,10,20,0.1,0.5,N-be75eec_150,3482828,3471459,1631.200684,
memetic,first,['exchange'],3,10,0.5,10,20,0.1,0.5,N-be75eec_150,3482828,3472188,1632.111572,
memetic,first,['exchange'],3,10,0.5,10,20,0.1,0.5,N-be75eec_150,3482828,3472269,1684.942261,
memetic,first,['exchange'],3,10,0.5,10,20,0.1,0.5,N-be75eec_150,3482828,3472314,1702.962036,
memetic,first,['exchange'],3,10,0.5,10,20,0.1,0.5,N-be75eec_150,3482828,3472400,1728.35083,
memetic,first,['exchange'],3,10,0.5,10,20,0.1,0.5,N-be75eec_150,3482828,3472440,1743.463745,
memetic,first,['exchange'],3,10,0.5,10,20,0.1,0.5,N-be75eec_150,3482828,3472479,1760.825317,
memetic,first,['exchange'],3,10,0.5,10,20,0.1,0.5,N-be75eec_150,3482828,3472505,1775.668579,
memetic,first,['exchange'],3,10,0.5,10,20,0.1,0.5,N-be75eec_150,3482828,3472507,1776.397461,
memetic,first,['exchange'],3,10,0.5,10,20,0.1,0.5,N-be75eec_150,3482828,3472539,1784.181152,
memetic,first,['exchange'],3,10,0.5,10,20,0.1,0.5,N-be75eec_150,3482828,3472592,1784.830444,
memetic,first,['exchange'],3,10,0.5,10,20,0.1,0.5,N-be75eec_150,3482828,3472609,1786.290894,
memetic,first,['exchange'],3,10,0.5,10,20,0.1,0.5,N-be75eec_150,3482828,3472621,1790.231201,
memetic,first,['exchange'],3,10,0.5,10,20,0.1,0.5,N-be75eec_150,3482828,3472640,1799.418701,
memetic,first,['exchange'],3,10,0.5,10,20,0.1,0.5,N-be75eec_150,3482828,3472673,1802.253174,
memetic,first,['exchange'],3,10,0.5,10,20,0.1,0.5,N-be75eec_150,3482828,3472803,1804.344727,
memetic,first,['exchange'],3,10,0.5,10,20,0.1,0.5,N-be75eec_150,3482828,3472880,1812.641357,
memetic,first,['exchange'],3,10,0.5,10,20,0.1,0.5,N-be75eec_150,3482828,3473109,2134.857422,
memetic,first,['exchange'],3,10,0.5,10,20,0.1,0.5,N-be75eec_150,3482828,3473112,2137.921387,
memetic,first,['exchange'],3,10,0.5,10,20,0.1,0.5,N-be75eec_150,3482828,3473135,2161.628906,
memetic,first,['exchange'],3,10,0.5,10,20,0.1,0.5,N-be75eec_150,3482828,3473138,2164.611084,
memetic,first,['exchange'],3,10,0.5,10,20,0.1,0.5,N-be75eec_150,3482828,3473141,2167.19165,
memetic,first,['exchange'],3,10,0.5,10,20,0.1,0.5,N-be75eec_150,3482828,3473152,2523.5354,
memetic,first,['exchange'],3,10,0.5,10,20,0.1,0.5,N-be75eec_150,3482828,3473196,2537.216064,
memetic,first,['exchange'],3,10,0.5,10,20,0.1,0.5,N-be75eec_150,3482828,3473307,2553.994141,
memetic,first,['exchange'],3,10,0.5,10,20,0.1,0.5,N-be75eec_150,3482828,3473351,2566.390381,
memetic,first,['exchange'],3,10,0.5,10,20,0.1,0.5,N-be75eec_150,3482828,3473560,2567.692383,
memetic,first,['exchange'],3,10,0.5,10,20,0.1,0.5,N-be75eec_150,3482828,3474061,2583.290527,
memetic,first,['exchange'],3,10,0.5,10,20,0.1,0.5,N-be75eec_150,3482828,3474066,2657.311035,
memetic,first,['exchange'],3,10,0.5,10,20,0.1,0.5,N-be75eec_150,3482828,3474077,2885.98584,
memetic,first,['exchange'],3,10,0.5,10,20,0.1,0.5,N-be75eec_150,3482828,3474092,2892.669189,
memetic,first,['exchange'],3,10,0.5,10,20,0.1,0.5,N-be75eec_150,3482828,3474095,2901.729248,
memetic,first,['exchange'],3,10,0.5,10,20,0.1,0.5,N-be75eec_150,3482828,3474099,2902.316406,
memetic,first,['exchange'],3,10,0.5,10,20,0.1,0.5,N-be75eec_150,3482828,3474102,2911.630371,
memetic,first,['exchange'],3,10,0.5,10,20,0.1,0.5,N-be75eec_150,3482828,3474102,3626.609863,
memetic,first,['exchange'],3,10,0.5,10,20,0.3,0.5,N-be75eec_150,3482828,3421565,2.415225,
memetic,first,['exchange'],3,10,0.5,10,20,0.3,0.5,N-be75eec_150,3482828,3421581,4.900106,
memetic,first,['exchange'],3,10,0.5,10,20,0.3,0.5,N-be75eec_150,3482828,3424719,7.25673,
memetic,first,['exchange'],3,10,0.5,10,20,0.3,0.5,N-be75eec_150,3482828,3427559,9.636864,
memetic,first,['exchange'],3,10,0.5,10,20,0.3,0.5,N-be75eec_150,3482828,3429198,12.199392,
memetic,first,['exchange'],3,10,0.5,10,20,0.3,0.5,N-be75eec_150,3482828,3430504,16.709124,
memetic,first,['exchange'],3,10,0.5,10,20,0.3,0.5,N-be75eec_150,3482828,3434863,19.244129,
memetic,first,['exchange'],3,10,0.5,10,20,0.3,0.5,N-be75eec_150,3482828,3435160,26.339243,
memetic,first,['exchange'],3,10,0.5,10,20,0.3,0.5,N-be75eec_150,3482828,3440351,33.382401,
memetic,first,['exchange'],3,10,0.5,10,20,0.3,0.5,N-be75eec_150,3482828,3445218,35.562054,
memetic,first,['exchange'],3,10,0.5,10,20,0.3,0.5,N-be75eec_150,3482828,3447101,51.287243,
memetic,first,['exchange'],3,10,0.5,10,20,0.3,0.5,N-be75eec_150,3482828,3448323,53.607857,
memetic,first,['exchange'],3,10,0.5,10,20,0.3,0.5,N-be75eec_150,3482828,3448728,60.763786,
memetic,first,['exchange'],3,10,0.5,10,20,0.3,0.5,N-be75eec_150,3482828,3450368,72.624718,
memetic,first,['exchange'],3,10,0.5,10,20,0.3,0.5,N-be75eec_150,3482828,3452050,74.921478,
memetic,first,['exchange'],3,10,0.5,10,20,0.3,0.5,N-be75eec_150,3482828,3452986,112.577103,
memetic,first,['exchange'],3,10,0.5,10,20,0.3,0.5,N-be75eec_150,3482828,3453964,121.925537,
memetic,first,['exchange'],3,10,0.5,10,20,0.3,0.5,N-be75eec_150,3482828,3455312,126.457184,
memetic,first,['exchange'],3,10,0.5,10,20,0.3,0.5,N-be75eec_150,3482828,3459798,138.014175,
memetic,first,['exchange'],3,10,0.5,10,20,0.3,0.5,N-be75eec_150,3482828,3461021,218.259796,
memetic,first,['exchange'],3,10,0.5,10,20,0.3,0.5,N-be75eec_150,3482828,3461134,266.308685,
memetic,first,['exchange'],3,10,0.5,10,20,0.3,0.5,N-be75eec_150,3482828,3462126,333.81781,
memetic,first,['exchange'],3,10,0.5,10,20,0.3,0.5,N-be75eec_150,3482828,3462835,507.347595,
memetic,first,['exchange'],3,10,0.5,10,20,0.3,0.5,N-be75eec_150,3482828,3462952,530.27124,
memetic,first,['exchange'],3,10,0.5,10,20,0.3,0.5,N-be75eec_150,3482828,3464890,549.055298,
memetic,first,['exchange'],3,10,0.5,10,20,0.3,0.5,N-be75eec_150,3482828,3465745,968.317017,
memetic,first,['exchange'],3,10,0.5,10,20,0.3,0.5,N-be75eec_150,3482828,3465745,2027.059204,
memetic,first,['exchange'],3,10,0.8,10,20,0.1,0.5,N-be75eec_150,3482828,3428064,1.692542,
memetic,first,['exchange'],3,10,0.8,10,20,0.1,0.5,N-be75eec_150,3482828,3428505,6.815063,
memetic,first,['exchange'],3,10,0.8,10,20,0.1,0.5,N-be75eec_150,3482828,3428796,8.460974,
memetic,first,['exchange'],3,10,0.8,10,20,0.1,0.5,N-be75eec_150,3482828,3437801,13.503087,
memetic,first,['exchange'],3,10,0.8,10,20,0.1,0.5,N-be75eec_150,3482828,3441334,15.129956,
memetic,first,['exchange'],3,10,0.8,10,20,0.1,0.5,N-be75eec_150,3482828,3446520,16.592257,
memetic,first,['exchange'],3,10,0.8,10,20,0.1,0.5,N-be75eec_150,3482828,3449663,21.1364,
memetic,first,['exchange'],3,10,0.8,10,20,0.1,0.5,N-be75eec_150,3482828,3452140,27.194342,
memetic,first,['exchange'],3,10,0.8,10,20,0.1,0.5,N-be75eec_150,3482828,3452373,33.357609,
memetic,first,['exchange'],3,10,0.8,10,20,0.1,0.5,N-be75eec_150,3482828,3454882,36.28476,
memetic,first,['exchange'],3,10,0.8,10,20,0.1,0.5,N-be75eec_150,3482828,3457487,37.845688,
memetic,first,['exchange'],3,10,0.8,10,20,0.1,0.5,N-be75eec_150,3482828,3458682,43.634056,
memetic,first,['exchange'],3,10,0.8,10,20,0.1,0.5,N-be75eec_150,3482828,3459109,47.61235,
memetic,first,['exchange'],3,10,0.8,10,20,0.1,0.5,N-be75eec_150,3482828,3459419,58.541752,
memetic,first,['exchange'],3,10,0.8,10,20,0.1,0.5,N-be75eec_150,3482828,3461060,62.178955,
memetic,first,['exchange'],3,10,0.8,10,20,0.1,0.5,N-be75eec_150,3482828,3462240,76.777061,
memetic,first,['exchange'],3,10,0.8,10,20,0.1,0.5,N-be75eec_150,3482828,3464596,82.835747,
memetic,first,['exchange'],3,10,0.8,10,20,0.1,0.5,N-be75eec_150,3482828,3464690,218.763184,
memetic,first,['exchange'],3,10,0.8,10,20,0.1,0.5,N-be75eec_150,3482828,3464709,315.692871,
memetic,first,['exchange'],3,10,0.8,10,20,0.1,0.5,N-be75eec_150,3482828,3465253,329.799438,
memetic,first,['exchange'],3,10,0.8,10,20,0.1,0.5,N-be75eec_150,3482828,3465940,421.756744,
memetic,first,['exchange'],3,10,0.8,10,20,0.1,0.5,N-be75eec_150,3482828,3466873,553.417725,
memetic,first,['exchange'],3,10,0.8,10,20,0.1,0.5,N-be75eec_150,3482828,3467836,577.371216,
memetic,first,['exchange'],3,10,0.8,10,20,0.1,0.5,N-be75eec_150,3482828,3468832,622.120605,
memetic,first,['exchange'],3,10,0.8,10,20,0.1,0.5,N-be75eec_150,3482828,3469375,655.16571,
memetic,first,['exchange'],3,10,0.8,10,20,0.1,0.5,N-be75eec_150,3482828,3469380,780.7948,
memetic,first,['exchange'],3,10,0.8,10,20,0.1,0.5,N-be75eec_150,3482828,3469399,789.598633,
memetic,first,['exchange'],3,10,0.8,10,20,0.1,0.5,N-be75eec_150,3482828,3469458,791.850098,
memetic,first,['exchange'],3,10,0.8,10,20,0.1,0.5,N-be75eec_150,3482828,3469473,792.597229,
memetic,first,['exchange'],3,10,0.8,10,20,0.1,0.5,N-be75eec_150,3482828,3469507,800.128601,
memetic,first,['exchange'],3,10,0.8,10,20,0.1,0.5,N-be75eec_150,3482828,3469515,804.318115,
memetic,first,['exchange'],3,10,0.8,10,20,0.1,0.5,N-be75eec_150,3482828,3469566,1065.540161,
memetic,first,['exchange'],3,10,0.8,10,20,0.1,0.5,N-be75eec_150,3482828,3469584,1067.155029,
memetic,first,['exchange'],3,10,0.8,10,20,0.1,0.5,N-be75eec_150,3482828,3469657,1068.528076,
memetic,first,['exchange'],3,10,0.8,10,20,0.1,0.5,N-be75eec_150,3482828,3470168,1069.393433,
memetic,first,['exchange'],3,10,0.8,10,20,0.1,0.5,N-be75eec_150,3482828,3470509,1070.851929,
memetic,first,['exchange'],3,10,0.8,10,20,0.1,0.5,N-be75eec_150,3482828,3470512,1078.791382,
memetic,first,['exchange'],3,10,0.8,10,20,0.1,0.5,N-be75eec_150,3482828,3470517,1080.481567,
memetic,first,['exchange'],3,10,0.8,10,20,0.1,0.5,N-be75eec_150,3482828,3470771,1081.533569,
memetic,first,['exchange'],3,10,0.8,10,20,0.1,0.5,N-be75eec_150,3482828,3470785,1082.727539,
memetic,first,['exchange'],3,10,0.8,10,20,0.1,0.5,N-be75eec_150,3482828,3470798,1084.526489,
memetic,first,['exchange'],3,10,0.8,10,20,0.1,0.5,N-be75eec_150,3482828,3470814,1089.258545,
memetic,first,['exchange'],3,10,0.8,10,20,0.1,0.5,N-be75eec_150,3482828,3470820,1089.867432,
memetic,first,['exchange'],3,10,0.8,10,20,0.1,0.5,N-be75eec_150,3482828,3470840,1099.296265,
memetic,first,['exchange'],3,10,0.8,10,20,0.1,0.5,N-be75eec_150,3482828,3470846,1101.077759,
memetic,first,['exchange'],3,10,0.8,10,20,0.1,0.5,N-be75eec_150,3482828,3471136,1105.19458,
memetic,first,['exchange'],3,10,0.8,10,20,0.1,0.5,N-be75eec_150,3482828,3471180,1108.817261,
memetic,first,['exchange'],3,10,0.8,10,20,0.1,0.5,N-be75eec_150,3482828,3471242,1109.619385,
memetic,first,['exchange'],3,10,0.8,10,20,0.1,0.5,N-be75eec_150,3482828,3471334,1110.717407,
memetic,first,['exchange'],3,10,0.8,10,20,0.1,0.5,N-be75eec_150,3482828,3471335,1111.119873,
memetic,first,['exchange'],3,10,0.8,10,20,0.1,0.5,N-be75eec_150,3482828,3471349,1115.044556,
memetic,first,['exchange'],3,10,0.8,10,20,0.1,0.5,N-be75eec_150,3482828,3471350,1117.421997,
memetic,first,['exchange'],3,10,0.8,10,20,0.1,0.5,N-be75eec_150,3482828,3471502,1297.241211,
memetic,first,['exchange'],3,10,0.8,10,20,0.1,0.5,N-be75eec_150,3482828,3471584,1300.800537,
memetic,first,['exchange'],3,10,0.8,10,20,0.1,0.5,N-be75eec_150,3482828,3471801,1303.947998,
memetic,first,['exchange'],3,10,0.8,10,20,0.1,0.5,N-be75eec_150,3482828,3471887,1306.123291,
memetic,first,['exchange'],3,10,0.8,10,20,0.1,0.5,N-be75eec_150,3482828,3471945,1306.5896,
memetic,first,['exchange'],3,10,0.8,10,20,0.1,0.5,N-be75eec_150,3482828,3471949,1309.095825,
memetic,first,['exchange'],3,10,0.8,10,20,0.1,0.5,N-be75eec_150,3482828,3471960,1312.990112,
memetic,first,['exchange'],3,10,0.8,10,20,0.1,0.5,N-be75eec_150,3482828,3472017,1518.431885,
memetic,first,['exchange'],3,10,0.8,10,20,0.1,0.5,N-be75eec_150,3482828,3472141,1522.621582,
memetic,first,['exchange'],3,10,0.8,10,20,0.1,0.5,N-be75eec_150,3482828,3472268,1524.410278,
memetic,first,['exchange'],3,10,0.8,10,20,0.1,0.5,N-be75eec_150,3482828,3472375,1527.494995,
memetic,first,['exchange'],3,10,0.8,10,20,0.1,0.5,N-be75eec_150,3482828,3472736,1534.350098,
memetic,first,['exchange'],3,10,0.8,10,20,0.1,0.5,N-be75eec_150,3482828,3472762,1691.599365,
memetic,first,['exchange'],3,10,0.8,10,20,0.1,0.5,N-be75eec_150,3482828,3472787,1694.303467,
memetic,first,['exchange'],3,10,0.8,10,20,0.1,0.5,N-be75eec_150,3482828,3472901,1886.7323,
memetic,first,['exchange'],3,10,0.8,10,20,0.1,0.5,N-be75eec_150,3482828,3472916,2032.790527,
memetic,first,['exchange'],3,10,0.8,10,20,0.1,0.5,N-be75eec_150,3482828,3472916,2435.293457,
memetic,first,['exchange'],3,10,0.8,10,20,0.3,0.5,N-be75eec_150,3482828,3418928,1.880402,
memetic,first,['exchange'],3,10,0.8,10,20,0.3,0.5,N-be75eec_150,3482828,3435858,3.905624,
memetic,first,['exchange'],3,10,0.8,10,20,0.3,0.5,N-be75eec_150,3482828,3437615,13.294119,
memetic,first,['exchange'],3,10,0.8,10,20,0.3,0.5,N-be75eec_150,3482828,3440965,14.925508,
memetic,first,['exchange'],3,10,0.8,10,20,0.3,0.5,N-be75eec_150,3482828,3446561,18.162149,
memetic,first,['exchange'],3,10,0.8,10,20,0.3,0.5,N-be75eec_150,3482828,3448630,23.521757,
memetic,first,['exchange'],3,10,0.8,10,20,0.3,0.5,N-be75eec_150,3482828,3449015,26.709116,
memetic,first,['exchange'],3,10,0.8,10,20,0.3,0.5,N-be75eec_150,3482828,3450681,33.429562,
memetic,first,['exchange'],3,10,0.8,10,20,0.3,0.5,N-be75eec_150,3482828,3451445,35.162022,
memetic,first,['exchange'],3,10,0.8,10,20,0.3,0.5,N-be75eec_150,3482828,3452079,45.033588,
memetic,first,['exchange'],3,10,0.8,10,20,0.3,0.5,N-be75eec_150,3482828,3455696,46.647453,
memetic,first,['exchange'],3,10,0.8,10,20,0.3,0.5,N-be75eec_150,3482828,3455717,87.009995,
memetic,first,['exchange'],3,10,0.8,10,20,0.3,0.5,N-be75eec_150,3482828,3456000,93.178932,
memetic,first,['exchange'],3,10,0.8,10,20,0.3,0.5,N-be75eec_150,3482828,3457220,110.434799,
memetic,first,['exchange'],3,10,0.8,10,20,0.3,0.5,N-be75eec_150,3482828,3458554,135.151566,
memetic,first,['exchange'],3,10,0.8,10,20,0.3,0.5,N-be75eec_150,3482828,3459018,147.615982,
memetic,first,['exchange'],3,10,0.8,10,20,0.3,0.5,N-be75eec_150,3482828,3459033,209.351974,
memetic,first,['exchange'],3,10,0.8,10,20,0.3,0.5,N-be75eec_150,3482828,3460737,222.345108,
memetic,first,['exchange'],3,10,0.8,10,20,0.3,0.5,N-be75eec_150,3482828,3460896,286.031067,
memetic,first,['exchange'],3,10,0.8,10,20,0.3,0.5,N-be75eec_150,3482828,3460967,295.931915,
memetic,first,['exchange'],3,10,0.8,10,20,0.3,0.5,N-be75eec_150,3482828,3461243,364.810913,
memetic,first,['exchange'],3,10,0.8,10,20,0.3,0.5,N-be75eec_150,3482828,3461628,448.673523,
memetic,first,['exchange'],3,10,0.8,10,20,0.3,0.5,N-be75eec_150,3482828,3462664,500.256714,
memetic,first,['exchange'],3,10,0.8,10,20,0.3,0.5,N-be75eec_150,3482828,3462699,552.049927,
memetic,first,['exchange'],3,10,0.8,10,20,0.3,0.5,N-be75eec_150,3482828,3463231,573.428894,
memetic,first,['exchange'],3,10,0.8,10,20,0.3,0.5,N-be75eec_150,3482828,3464156,581.775879,
memetic,first,['exchange'],3,10,0.8,10,20,0.3,0.5,N-be75eec_150,3482828,3464441,655.692078,
memetic,first,['exchange'],3,10,0.8,10,20,0.3,0.5,N-be75eec_150,3482828,3465305,722.837769,
memetic,first,['exchange'],3,10,0.8,10,20,0.3,0.5,N-be75eec_150,3482828,3465401,818.22583,
memetic,first,['exchange'],3,10,0.8,10,20,0.3,0.5,N-be75eec_150,3482828,3465969,879.31189,
memetic,first,['exchange'],3,10,0.8,10,20,0.3,0.5,N-be75eec_150,3482828,3466899,901.685852,
memetic,first,['exchange'],3,10,0.8,10,20,0.3,0.5,N-be75eec_150,3482828,3467398,970.65509,
memetic,first,['exchange'],3,10,0.8,10,20,0.3,0.5,N-be75eec_150,3482828,3468165,1009.26709,
memetic,first,['exchange'],3,10,0.8,10,20,0.3,0.5,N-be75eec_150,3482828,3468743,1023.670044,
memetic,first,['exchange'],3,10,0.8,10,20,0.3,0.5,N-be75eec_150,3482828,3469252,1044.308228,
memetic,first,['exchange'],3,10,0.8,10,20,0.3,0.5,N-be75eec_150,3482828,3470274,1100.523804,
memetic,first,['exchange'],3,10,0.8,10,20,0.3,0.5,N-be75eec_150,3482828,3470337,1128.610596,
memetic,first,['exchange'],3,10,0.8,10,20,0.3,0.5,N-be75eec_150,3482828,3470400,1145.276611,
memetic,first,['exchange'],3,10,0.8,10,20,0.3,0.5,N-be75eec_150,3482828,3470411,1148.821045,
memetic,first,['exchange'],3,10,0.8,10,20,0.3,0.5,N-be75eec_150,3482828,3470510,1158.782471,
memetic,first,['exchange'],3,10,0.8,10,20,0.3,0.5,N-be75eec_150,3482828,3470520,1167.194458,
memetic,first,['exchange'],3,10,0.8,10,20,0.3,0.5,N-be75eec_150,3482828,3470567,1167.911987,
memetic,first,['exchange'],3,10,0.8,10,20,0.3,0.5,N-be75eec_150,3482828,3470578,1176.566528,
memetic,first,['exchange'],3,10,0.8,10,20,0.3,0.5,N-be75eec_150,3482828,3470585,1193.129761,
memetic,first,['exchange'],3,10,0.8,10,20,0.3,0.5,N-be75eec_150,3482828,3470629,1196.749634,
memetic,first,['exchange'],3,10,0.8,10,20,0.3,0.5,N-be75eec_150,3482828,3470635,1204.870483,
memetic,first,['exchange'],3,10,0.8,10,20,0.3,0.5,N-be75eec_150,3482828,3470646,1216.727783,
memetic,first,['exchange'],3,10,0.8,10,20,0.3,0.5,N-be75eec_150,3482828,3470661,1221.26416,
memetic,first,['exchange'],3,10,0.8,10,20,0.3,0.5,N-be75eec_150,3482828,3470801,1244.660767,
memetic,first,['exchange'],3,10,0.8,10,20,0.3,0.5,N-be75eec_150,3482828,3470919,1536.209229,
memetic,first,['exchange'],3,10,0.8,10,20,0.3,0.5,N-be75eec_150,3482828,3470922,1537.701294,
memetic,first,['exchange'],3,10,0.8,10,20,0.3,0.5,N-be75eec_150,3482828,3470933,1551.936279,
memetic,first,['exchange'],3,10,0.8,10,20,0.3,0.5,N-be75eec_150,3482828,3470944,1556.65271,
memetic,first,['exchange'],3,10,0.8,10,20,0.3,0.5,N-be75eec_150,3482828,3470955,1567.965942,
memetic,first,['exchange'],3,10,0.8,10,20,0.3,0.5,N-be75eec_150,3482828,3471004,2144.154541,
memetic,first,['exchange'],3,10,0.8,10,20,0.3,0.5,N-be75eec_150,3482828,3471013,2425.502686,
memetic,first,['exchange'],3,10,0.8,10,20,0.3,0.5,N-be75eec_150,3482828,3471182,2435.156006,
memetic,first,['exchange'],3,10,0.8,10,20,0.3,0.5,N-be75eec_150,3482828,3471183,2437.811523,
memetic,first,['exchange'],3,10,0.8,10,20,0.3,0.5,N-be75eec_150,3482828,3471197,2438.316406,
memetic,first,['exchange'],3,10,0.8,10,20,0.3,0.5,N-be75eec_150,3482828,3471208,2440.447266,
memetic,first,['exchange'],3,10,0.8,10,20,0.3,0.5,N-be75eec_150,3482828,3471212,2448.64502,
memetic,first,['exchange'],3,10,0.8,10,20,0.3,0.5,N-be75eec_150,3482828,3471215,2665.842285,
memetic,first,['exchange'],3,10,0.8,10,20,0.3,0.5,N-be75eec_150,3482828,3471219,2670.852295,
memetic,first,['exchange'],3,10,0.8,10,20,0.3,0.5,N-be75eec_150,3482828,3471221,2676.030518,
memetic,first,['exchange'],3,10,0.8,10,20,0.3,0.5,N-be75eec_150,3482828,3471252,2912.699219,
memetic,first,['exchange'],3,10,0.8,10,20,0.3,0.5,N-be75eec_150,3482828,3471267,2916.169434,
memetic,first,['exchange'],3,10,0.8,10,20,0.3,0.5,N-be75eec_150,3482828,3471300,2918.50708,
memetic,first,['exchange'],3,10,0.8,10,20,0.3,0.5,N-be75eec_150,3482828,3471309,2919.089111,
memetic,first,['exchange'],3,10,0.8,10,20,0.3,0.5,N-be75eec_150,3482828,3471311,2925.409912,
memetic,first,['exchange'],3,10,0.8,10,20,0.3,0.5,N-be75eec_150,3482828,3471326,3195.172119,
memetic,first,['exchange'],3,10,0.8,10,20,0.3,0.5,N-be75eec_150,3482828,3471337,3203.040283,
memetic,first,['exchange'],3,10,0.8,10,20,0.3,0.5,N-be75eec_150,3482828,3471341,3204.152832,
memetic,first,['exchange'],3,10,0.8,10,20,0.3,0.5,N-be75eec_150,3482828,3471352,3208.287109,
memetic,first,['exchange'],3,10,0.8,10,20,0.3,0.5,N-be75eec_150,3482828,3471352,3778.715332,
memetic,first,['exchange'],3,10,1,10,20,0.1,0.5,N-be75eec_150,3482828,3420208,1.684894,
memetic,first,['exchange'],3,10,1,10,20,0.1,0.5,N-be75eec_150,3482828,3428844,3.478382,
memetic,first,['exchange'],3,10,1,10,20,0.1,0.5,N-be75eec_150,3482828,3435672,6.924502,
memetic,first,['exchange'],3,10,1,10,20,0.1,0.5,N-be75eec_150,3482828,3439942,8.513741,
memetic,first,['exchange'],3,10,1,10,20,0.1,0.5,N-be75eec_150,3482828,3440605,14.697615,
memetic,first,['exchange'],3,10,1,10,20,0.1,0.5,N-be75eec_150,3482828,3443802,16.276897,
memetic,first,['exchange'],3,10,1,10,20,0.1,0.5,N-be75eec_150,3482828,3446043,17.691462,
memetic,first,['exchange'],3,10,1,10,20,0.1,0.5,N-be75eec_150,3482828,3446236,23.224222,
memetic,first,['exchange'],3,10,1,10,20,0.1,0.5,N-be75eec_150,3482828,3449380,25.715357,
memetic,first,['exchange'],3,10,1,10,20,0.1,0.5,N-be75eec_150,3482828,3455292,27.089142,
memetic,first,['exchange'],3,10,1,10,20,0.1,0.5,N-be75eec_150,3482828,3456023,35.143867,
memetic,first,['exchange'],3,10,1,10,20,0.1,0.5,N-be75eec_150,3482828,3456384,36.553761,
memetic,first,['exchange'],3,10,1,10,20,0.1,0.5,N-be75eec_150,3482828,3461248,41.447315,
memetic,first,['exchange'],3,10,1,10,20,0.1,0.5,N-be75eec_150,3482828,3462920,61.324867,
memetic,first,['exchange'],3,10,1,10,20,0.1,0.5,N-be75eec_150,3482828,3464200,102.32309,
memetic,first,['exchange'],3,10,1,10,20,0.1,0.5,N-be75eec_150,3482828,3465047,134.044556,
memetic,first,['exchange'],3,10,1,10,20,0.1,0.5,N-be75eec_150,3482828,3465104,223.506729,
memetic,first,['exchange'],3,10,1,10,20,0.1,0.5,N-be75eec_150,3482828,3465649,381.32605,
memetic,first,['exchange'],3,10,1,10,20,0.1,0.5,N-be75eec_150,3482828,3465680,417.452484,
memetic,first,['exchange'],3,10,1,10,20,0.1,0.5,N-be75eec_150,3482828,3466915,423.708557,
memetic,first,['exchange'],3,10,1,10,20,0.1,0.5,N-be75eec_150,3482828,3467005,429.246277,
memetic,first,['exchange'],3,10,1,10,20,0.1,0.5,N-be75eec_150,3482828,3467175,452.232697,
memetic,first,['exchange'],3,10,1,10,20,0.1,0.5,N-be75eec_150,3482828,3467273,455.65033,
memetic,first,['exchange'],3,10,1,10,20,0.1,0.5,N-be75eec_150,3482828,3467280,477.567139,
memetic,first,['exchange'],3,10,1,10,20,0.1,0.5,N-be75eec_150,3482828,3467355,478.547699,
memetic,first,['exchange'],3,10,1,10,20,0.1,0.5,N-be75eec_150,3482828,3467529,480.424316,
memetic,first,['exchange'],3,10,1,10,20,0.1,0.5,N-be75eec_150,3482828,3467606,491.318542,
memetic,first,['exchange'],3,10,1,10,20,0.1,0.5,N-be75eec_150,3482828,3467780,493.222565,
memetic,first,['exchange'],3,10,1,10,20,0.1,0.5,N-be75eec_150,3482828,3467827,496.356079,
memetic,first,['exchange'],3,10,1,10,20,0.1,0.5,N-be75eec_150,3482828,3467887,496.583405,
memetic,first,['exchange'],3,10,1,10,20,0.1,0.5,N-be75eec_150,3482828,3467979,497.211945,
memetic,first,['exchange'],3,10,1,10,20,0.1,0.5,N-be75eec_150,3482828,3468033,497.799622,
memetic,first,['exchange'],3,10,1,10,20,0.1,0.5,N-be75eec_150,3482828,3468042,498.427429,
memetic,first,['exchange'],3,10,1,10,20,0.1,0.5,N-be75eec_150,3482828,3468104,498.647949,
memetic,first,['exchange'],3,10,1,10,20,0.1,0.5,N-be75eec_150,3482828,3468203,498.738251,
memetic,first,['exchange'],3,10,1,10,20,0.1,0.5,N-be75eec_150,3482828,3468269,498.79776,
memetic,first,['exchange'],3,10,1,10,20,0.1,0.5,N-be75eec_150,3482828,3468280,498.92984,
memetic,first,['exchange'],3,10,1,10,20,0.1,0.5,N-be75eec_150,3482828,3468315,498.966217,
memetic,first,['exchange'],3,10,1,10,20,0.1,0.5,N-be75eec_150,3482828,3468332,499.046295,
memetic,first,['exchange'],3,10,1,10,20,0.1,0.5,N-be75eec_150,3482828,3468343,499.183197,
memetic,first,['exchange'],3,10,1,10,20,0.1,0.5,N-be75eec_150,3482828,3468371,499.320465,
memetic,first,['exchange'],3,10,1,10,20,0.1,0.5,N-be75eec_150,3482828,3468459,499.550598,
memetic,first,['exchange'],3,10,1,10,20,0.1,0.5,N-be75eec_150,3482828,3468482,499.627747,
memetic,first,['exchange'],3,10,1,10,20,0.1,0.5,N-be75eec_150,3482828,3468483,500.031952,
memetic,first,['exchange'],3,10,1,10,20,0.1,0.5,N-be75eec_150,3482828,3468493,500.310822,
memetic,first,['exchange'],3,10,1,10,20,0.1,0.5,N-be75eec_150,3482828,3468498,500.523132,
memetic,first,['exchange'],3,10,1,10,20,0.1,0.5,N-be75eec_150,3482828,3468509,500.690277,
memetic,first,['exchange'],3,10,1,10,20,0.1,0.5,N-be75eec_150,3482828,3468529,501.377502,
memetic,first,['exchange'],3,10,1,10,20,0.1,0.5,N-be75eec_150,3482828,3468982,502.288666,
memetic,first,['exchange'],3,10,1,10,20,0.1,0.5,N-be75eec_150,3482828,3469057,504.617401,
memetic,first,['exchange'],3,10,1,10,20,0.1,0.5,N-be75eec_150,3482828,3469178,504.705292,
memetic,first,['exchange'],3,10,1,10,20,0.1,0.5,N-be75eec_150,3482828,3469237,504.776703,
memetic,first,['exchange'],3,10,1,10,20,0.1,0.5,N-be75eec_150,3482828,3469252,505.678864,
memetic,first,['exchange'],3,10,1,10,20,0.1,0.5,N-be75eec_150,3482828,3469303,505.749512,
memetic,first,['exchange'],3,10,1,10,20,0.1,0.5,N-be75eec_150,3482828,3469304,506.043213,
memetic,first,['exchange'],3,10,1,10,20,0.1,0.5,N-be75eec_150,3482828,3469438,506.156952,
memetic,first,['exchange'],3,10,1,10,20,0.1,0.5,N-be75eec_150,3482828,3469439,506.922089,
memetic,first,['exchange'],3,10,1,10,20,0.1,0.5,N-be75eec_150,3482828,3469453,506.96402,
memetic,first,['exchange'],3,10,1,10,20,0.1,0.5,N-be75eec_150,3482828,3469464,507.335297,
memetic,first,['exchange'],3,10,1,10,20,0.1,0.5,N-be75eec_150,3482828,3469465,507.879242,
memetic,first,['exchange'],3,10,1,10,20,0.1,0.5,N-be75eec_150,3482828,3469512,508.955963,
memetic,first,['exchange'],3,10,1,10,20,0.1,0.5,N-be75eec_150,3482828,3469580,510.119537,
memetic,first,['exchange'],3,10,1,10,20,0.1,0.5,N-be75eec_150,3482828,3469642,652.456726,
memetic,first,['exchange'],3,10,1,10,20,0.1,0.5,N-be75eec_150,3482828,3469723,652.887024,
memetic,first,['exchange'],3,10,1,10,20,0.1,0.5,N-be75eec_150,3482828,3469755,653.140625,
memetic,first,['exchange'],3,10,1,10,20,0.1,0.5,N-be75eec_150,3482828,3469770,654.617432,
memetic,first,['exchange'],3,10,1,10,20,0.1,0.5,N-be75eec_150,3482828,3469872,654.863831,
memetic,first,['exchange'],3,10,1,10,20,0.1,0.5,N-be75eec_150,3482828,3469887,655.91626,
memetic,first,['exchange'],3,10,1,10,20,0.1,0.5,N-be75eec_150,3482828,3469898,656.358215,
memetic,first,['exchange'],3,10,1,10,20,0.1,0.5,N-be75eec_150,3482828,3469961,656.693604,
memetic,first,['exchange'],3,10,1,10,20,0.1,0.5,N-be75eec_150,3482828,3470074,656.832947,
memetic,first,['exchange'],3,10,1,10,20,0.1,0.5,N-be75eec_150,3482828,3470269,657.219238,
memetic,first,['exchange'],3,10,1,10,20,0.1,0.5,N-be75eec_150,3482828,3470295,657.583862,
memetic,first,['exchange'],3,10,1,10,20,0.1,0.5,N-be75eec_150,3482828,3470349,660.008545,
memetic,first,['exchange'],3,10,1,10,20,0.1,0.5,N-be75eec_150,3482828,3470367,947.637146,
memetic,first,['exchange'],3,10,1,10,20,0.1,0.5,N-be75eec_150,3482828,3470406,948.399658,
memetic,first,['exchange'],3,10,1,10,20,0.1,0.5,N-be75eec_150,3482828,3470417,949.531189,
memetic,first,['exchange'],3,10,1,10,20,0.1,0.5,N-be75eec_150,3482828,3470418,951.325134,
memetic,first,['exchange'],3,10,1,10,20,0.1,0.5,N-be75eec_150,3482828,3470456,1081.672729,
memetic,first,['exchange'],3,10,1,10,20,0.1,0.5,N-be75eec_150,3482828,3470573,1083.123535,
memetic,first,['exchange'],3,10,1,10,20,0.1,0.5,N-be75eec_150,3482828,3471190,1524.39209,
memetic,first,['exchange'],3,10,1,10,20,0.1,0.5,N-be75eec_150,3482828,3471299,1555.438354,
memetic,first,['exchange'],3,10,1,10,20,0.1,0.5,N-be75eec_150,3482828,3471350,1557.582031,
memetic,first,['exchange'],3,10,1,10,20,0.1,0.5,N-be75eec_150,3482828,3471510,1558.063721,
memetic,first,['exchange'],3,10,1,10,20,0.1,0.5,N-be75eec_150,3482828,3471531,1558.313477,
memetic,first,['exchange'],3,10,1,10,20,0.1,0.5,N-be75eec_150,3482828,3471633,1558.338379,
memetic,first,['exchange'],3,10,1,10,20,0.1,0.5,N-be75eec_150,3482828,3471634,1558.780029,
memetic,first,['exchange'],3,10,1,10,20,0.1,0.5,N-be75eec_150,3482828,3471638,1558.935669,
memetic,first,['exchange'],3,10,1,10,20,0.1,0.5,N-be75eec_150,3482828,3471711,1695.758423,
memetic,first,['exchange'],3,10,1,10,20,0.1,0.5,N-be75eec_150,3482828,3471781,1696.222656,
memetic,first,['exchange'],3,10,1,10,20,0.1,0.5,N-be75eec_150,3482828,3471794,1696.94458,
memetic,first,['exchange'],3,10,1,10,20,0.1,0.5,N-be75eec_150,3482828,3471797,1697.118286,
memetic,first,['exchange'],3,10,1,10,20,0.1,0.5,N-be75eec_150,3482828,3471802,1697.137085,
memetic,first,['exchange'],3,10,1,10,20,0.1,0.5,N-be75eec_150,3482828,3471904,1697.381592,
memetic,first,['exchange'],3,10,1,10,20,0.1,0.5,N-be75eec_150,3482828,3471905,1697.633179,
memetic,first,['exchange'],3,10,1,10,20,0.1,0.5,N-be75eec_150,3482828,3471925,1697.881348,
memetic,first,['exchange'],3,10,1,10,20,0.1,0.5,N-be75eec_150,3482828,3471970,1697.963745,
memetic,first,['exchange'],3,10,1,10,20,0.1,0.5,N-be75eec_150,3482828,3471974,1698.013794,
memetic,first,['exchange'],3,10,1,10,20,0.1,0.5,N-be75eec_150,3482828,3471975,1698.949951,
memetic,first,['exchange'],3,10,1,10,20,0.1,0.5,N-be75eec_150,3482828,3472148,1700.92981,
memetic,first,['exchange'],3,10,1,10,20,0.1,0.5,N-be75eec_150,3482828,3472175,1702.128906,
memetic,first,['exchange'],3,10,1,10,20,0.1,0.5,N-be75eec_150,3482828,3472179,1702.341064,
memetic,first,['exchange'],3,10,1,10,20,0.1,0.5,N-be75eec_150,3482828,3472374,1702.833252,
memetic,first,['exchange'],3,10,1,10,20,0.1,0.5,N-be75eec_150,3482828,3472488,1703.246826,
memetic,first,['exchange'],3,10,1,10,20,0.1,0.5,N-be75eec_150,3482828,3472691,1705.12793,
memetic,first,['exchange'],3,10,1,10,20,0.1,0.5,N-be75eec_150,3482828,3472691,2045.075195,
memetic,first,['exchange'],3,10,1,10,20,0.3,0.5,N-be75eec_150,3482828,3420208,1.785519,
memetic,first,['exchange'],3,10,1,10,20,0.3,0.5,N-be75eec_150,3482828,3428844,3.594403,
memetic,first,['exchange'],3,10,1,10,20,0.3,0.5,N-be75eec_150,3482828,3435672,7.039317,
memetic,first,['exchange'],3,10,1,10,20,0.3,0.5,N-be75eec_150,3482828,3439942,8.668093,
memetic,first,['exchange'],3,10,1,10,20,0.3,0.5,N-be75eec_150,3482828,3440605,14.861839,
memetic,first,['exchange'],3,10,1,10,20,0.3,0.5,N-be75eec_150,3482828,3443802,16.384336,
memetic,first,['exchange'],3,10,1,10,20,0.3,0.5,N-be75eec_150,3482828,3446043,17.820673,
memetic,first,['exchange'],3,10,1,10,20,0.3,0.5,N-be75eec_150,3482828,3446236,23.468546,
memetic,first,['exchange'],3,10,1,10,20,0.3,0.5,N-be75eec_150,3482828,3449380,25.955833,
memetic,first,['exchange'],3,10,1,10,20,0.3,0.5,N-be75eec_150,3482828,3455292,27.355003,
memetic,first,['exchange'],3,10,1,10,20,0.3,0.5,N-be75eec_150,3482828,3456023,35.38921,
memetic,first,['exchange'],3,10,1,10,20,0.3,0.5,N-be75eec_150,3482828,3456384,36.78754,
memetic,first,['exchange'],3,10,1,10,20,0.3,0.5,N-be75eec_150,3482828,3461248,41.692116,
memetic,first,['exchange'],3,10,1,10,20,0.3,0.5,N-be75eec_150,3482828,3462920,61.560387,
memetic,first,['exchange'],3,10,1,10,20,0.3,0.5,N-be75eec_150,3482828,3464200,102.338745,
memetic,first,['exchange'],3,10,1,10,20,0.3,0.5,N-be75eec_150,3482828,3465047,134.414978,
memetic,first,['exchange'],3,10,1,10,20,0.3,0.5,N-be75eec_150,3482828,3465104,223.788025,
memetic,first,['exchange'],3,10,1,10,20,0.3,0.5,N-be75eec_150,3482828,3465649,381.530304,
memetic,first,['exchange'],3,10,1,10,20,0.3,0.5,N-be75eec_150,3482828,3465680,417.716248,
memetic,first,['exchange'],3,10,1,10,20,0.3,0.5,N-be75eec_150,3482828,3466915,423.987305,
memetic,first,['exchange'],3,10,1,10,20,0.3,0.5,N-be75eec_150,3482828,3467005,429.483002,
memetic,first,['exchange'],3,10,1,10,20,0.3,0.5,N-be75eec_150,3482828,3467175,452.322906,
memetic,first,['exchange'],3,10,1,10,20,0.3,0.5,N-be75eec_150,3482828,3467273,455.726593,
memetic,first,['exchange'],3,10,1,10,20,0.3,0.5,N-be75eec_150,3482828,3467280,477.615906,
memetic,first,['exchange'],3,10,1,10,20,0.3,0.5,N-be75eec_150,3482828,3467355,478.620087,
memetic,first,['exchange'],3,10,1,10,20,0.3,0.5,N-be75eec_150,3482828,3467529,480.464722,
memetic,first,['exchange'],3,10,1,10,20,0.3,0.5,N-be75eec_150,3482828,3467606,491.309387,
memetic,first,['exchange'],3,10,1,10,20,0.3,0.5,N-be75eec_150,3482828,3467780,493.158325,
memetic,first,['exchange'],3,10,1,10,20,0.3,0.5,N-be75eec_150,3482828,3467827,496.285706,
memetic,first,['exchange'],3,10,1,10,20,0.3,0.5,N-be75eec_150,3482828,3467887,496.507782,
memetic,first,['exchange'],3,10,1,10,20,0.3,0.5,N-be75eec_150,3482828,3467979,497.148468,
memetic,first,['exchange'],3,10,1,10,20,0.3,0.5,N-be75eec_150,3482828,3468033,497.734894,
memetic,first,['exchange'],3,10,1,10,20,0.3,0.5,N-be75eec_150,3482828,3468042,498.359955,
memetic,first,['exchange'],3,10,1,10,20,0.3,0.5,N-be75eec_150,3482828,3468104,498.585144,
memetic,first,['exchange'],3,10,1,10,20,0.3,0.5,N-be75eec_150,3482828,3468203,498.67923,
memetic,first,['exchange'],3,10,1,10,20,0.3,0.5,N-be75eec_150,3482828,3468269,498.731995,
memetic,first,['exchange'],3,10,1,10,20,0.3,0.5,N-be75eec_150,3482828,3468280,498.880249,
memetic,first,['exchange'],3,10,1,10,20,0.3,0.5,N-be75eec_150,3482828,3468315,498.916565,
memetic,first,['exchange'],3,10,1,10,20,0.3,0.5,N-be75eec_150,3482828,3468332,498.991516,
memetic,first,['exchange'],3,10,1,10,20,0.3,0.5,N-be75eec_150,3482828,3468343,499.133087,
memetic,first,['exchange'],3,10,1,10,20,0.3,0.5,N-be75eec_150,3482828,3468371,499.263763,
memetic,first,['exchange'],3,10,1,10,20,0.3,0.5,N-be75eec_150,3482828,3468459,499.451508,
memetic,first,['exchange'],3,10,1,10,20,0.3,0.5,N-be75eec_150,3482828,3468482,499.53006,
memetic,first,['exchange'],3,10,1,10,20,0.3,0.5,N-be75eec_150,3482828,3468483,499.921844,
memetic,first,['exchange'],3,10,1,10,20,0.3,0.5,N-be75eec_150,3482828,3468493,500.193604,
memetic,first,['exchange'],3,10,1,10,20,0.3,0.5,N-be75eec_150,3482828,3468498,500.405426,
memetic,first,['exchange'],3,10,1,10,20,0.3,0.5,N-be75eec_150,3482828,3468509,500.566711,
memetic,first,['exchange'],3,10,1,10,20,0.3,0.5,N-be75eec_150,3482828,3468529,501.302155,
memetic,first,['exchange'],3,10,1,10,20,0.3,0.5,N-be75eec_150,3482828,3468982,502.205597,
memetic,first,['exchange'],3,10,1,10,20,0.3,0.5,N-be75eec_150,3482828,3469057,504.489899,
memetic,first,['exchange'],3,10,1,10,20,0.3,0.5,N-be75eec_150,3482828,3469178,504.582947,
memetic,first,['exchange'],3,10,1,10,20,0.3,0.5,N-be75eec_150,3482828,3469237,504.658752,
memetic,first,['exchange'],3,10,1,10,20,0.3,0.5,N-be75eec_150,3482828,3469252,505.581665,
memetic,first,['exchange'],3,10,1,10,20,0.3,0.5,N-be75eec_150,3482828,3469303,505.648956,
memetic,first,['exchange'],3,10,1,10,20,0.3,0.5,N-be75eec_150,3482828,3469304,505.937592,
memetic,first,['exchange'],3,10,1,10,20,0.3,0.5,N-be75eec_150,3482828,3469438,506.038208,
memetic,first,['exchange'],3,10,1,10,20,0.3,0.5,N-be75eec_150,3482828,3469439,506.793762,
memetic,first,['exchange'],3,10,1,10,20,0.3,0.5,N-be75eec_150,3482828,3469453,506.829956,
memetic,first,['exchange'],3,10,1,10,20,0.3,0.5,N-be75eec_150,3482828,3469464,507.216492,
memetic,first,['exchange'],3,10,1,10,20,0.3,0.5,N-be75eec_150,3482828,3469465,507.772583,
memetic,first,['exchange'],3,10,1,10,20,0.3,0.5,N-be75eec_150,3482828,3469512,508.875336,
memetic,first,['exchange'],3,10,1,10,20,0.3,0.5,N-be75eec_150,3482828,3469580,509.984802,
memetic,first,['exchange'],3,10,1,10,20,0.3,0.5,N-be75eec_150,3482828,3469642,651.767456,
memetic,first,['exchange'],3,10,1,10,20,0.3,0.5,N-be75eec_150,3482828,3469723,652.208679,
memetic,first,['exchange'],3,10,1,10,20,0.3,0.5,N-be75eec_150,3482828,3469755,652.47467,
memetic,first,['exchange'],3,10,1,10,20,0.3,0.5,N-be75eec_150,3482828,3469770,653.977783,
memetic,first,['exchange'],3,10,1,10,20,0.3,0.5,N-be75eec_150,3482828,3469872,654.23114,
memetic,first,['exchange'],3,10,1,10,20,0.3,0.5,N-be75eec_150,3482828,3469887,655.320374,
memetic,first,['exchange'],3,10,1,10,20,0.3,0.5,N-be75eec_150,3482828,3469898,655.753784,
memetic,first,['exchange'],3,10,1,10,20,0.3,0.5,N-be75eec_150,3482828,3469961,656.088562,
memetic,first,['exchange'],3,10,1,10,20,0.3,0.5,N-be75eec_150,3482828,3470074,656.22345,
memetic,first,['exchange'],3,10,1,10,20,0.3,0.5,N-be75eec_150,3482828,3470269,656.599426,
memetic,first,['exchange'],3,10,1,10,20,0.3,0.5,N-be75eec_150,3482828,3470295,656.968445,
memetic,first,['exchange'],3,10,1,10,20,0.3,0.5,N-be75eec_150,3482828,3470349,659.376038,
memetic,first,['exchange'],3,10,1,10,20,0.3,0.5,N-be75eec_150,3482828,3470367,946.585571,
memetic,first,['exchange'],3,10,1,10,20,0.3,0.5,N-be75eec_150,3482828,3470406,947.35199,
memetic,first,['exchange'],3,10,1,10,20,0.3,0.5,N-be75eec_150,3482828,3470417,948.49762,
memetic,first,['exchange'],3,10,1,10,20,0.3,0.5,N-be75eec_150,3482828,3470418,950.273987,
memetic,first,['exchange'],3,10,1,10,20,0.3,0.5,N-be75eec_150,3482828,3470456,1080.533936,
memetic,first,['exchange'],3,10,1,10,20,0.3,0.5,N-be75eec_150,3482828,3470573,1082.005493,
memetic,first,['exchange'],3,10,1,10,20,0.3,0.5,N-be75eec_150,3482828,3471190,1523.133057,
memetic,first,['exchange'],3,10,1,10,20,0.3,0.5,N-be75eec_150,3482828,3471299,1554.13269,
memetic,first,['exchange'],3,10,1,10,20,0.3,0.5,N-be75eec_150,3482828,3471350,1556.271851,
memetic,first,['exchange'],3,10,1,10,20,0.3,0.5,N-be75eec_150,3482828,3471510,1556.744263,
memetic,first,['exchange'],3,10,1,10,20,0.3,0.5,N-be75eec_150,3482828,3471531,1556.993652,
memetic,first,['exchange'],3,10,1,10,20,0.3,0.5,N-be75eec_150,3482828,3471633,1557.019165,
memetic,first,['exchange'],3,10,1,10,20,0.3,0.5,N-be75eec_150,3482828,3471634,1557.460327,
memetic,first,['exchange'],3,10,1,10,20,0.3,0.5,N-be75eec_150,3482828,3471638,1557.609497,
memetic,first,['exchange'],3,10,1,10,20,0.3,0.5,N-be75eec_150,3482828,3471711,1694.734375,
memetic,first,['exchange'],3,10,1,10,20,0.3,0.5,N-be75eec_150,3482828,3471781,1695.203003,
memetic,first,['exchange'],3,10,1,10,20,0.3,0.5,N-be75eec_150,3482828,3471794,1695.927612,
memetic,first,['exchange'],3,10,1,10,20,0.3,0.5,N-be75eec_150,3482828,3471797,1696.10083,
memetic,first,['exchange'],3,10,1,10,20,0.3,0.5,N-be75eec_150,3482828,3471802,1696.119507,
memetic,first,['exchange'],3,10,1,10,20,0.3,0.5,N-be75eec_150,3482828,3471904,1696.35498,
memetic,first,['exchange'],3,10,1,10,20,0.3,0.5,N-be75eec_150,3482828,3471905,1696.595947,
memetic,first,['exchange'],3,10,1,10,20,0.3,0.5,N-be75eec_150,3482828,3471925,1696.836792,
memetic,first,['exchange'],3,10,1,10,20,0.3,0.5,N-be75eec_150,3482828,3471970,1696.914673,
memetic,first,['exchange'],3,10,1,10,20,0.3,0.5,N-be75eec_150,3482828,3471974,1696.959351,
memetic,first,['exchange'],3,10,1,10,20,0.3,0.5,N-be75eec_150,3482828,3471975,1697.857788,
memetic,first,['exchange'],3,10,1,10,20,0.3,0.5,N-be75eec_150,3482828,3472148,1699.820557,
memetic,first,['exchange'],3,10,1,10,20,0.3,0.5,N-be75eec_150,3482828,3472175,1701.035767,
memetic,first,['exchange'],3,10,1,10,20,0.3,0.5,N-be75eec_150,3482828,3472179,1701.248657,
memetic,first,['exchange'],3,10,1,10,20,0.3,0.5,N-be75eec_150,3482828,3472374,1701.73938,
memetic,first,['exchange'],3,10,1,10,20,0.3,0.5,N-be75eec_150,3482828,3472488,1702.148682,
memetic,first,['exchange'],3,10,1,10,20,0.3,0.5,N-be75eec_150,3482828,3472691,1703.963379,
memetic,first,['exchange'],3,10,1,10,20,0.3,0.5,N-be75eec_150,3482828,3472691,2043.970093,
memetic,first,"['transpose', 'exchange', 'insert']",3,10,0,10,20,0.1,0.5,N-be75eec_150,3482828,3431337,1.658626,
memetic,first,"['transpose', 'exchange', 'insert']",3,10,0,10,20,0.1,0.5,N-be75eec_150,3482828,3439694,3.438153,
memetic,first,"['transpose', 'exchange', 'insert']",3,10,0,10,20,0.1,0.5,N-be75eec_150,3482828,3442172,6.958884,
memetic,first,"['transpose', 'exchange', 'insert']",3,10,0,10,20,0.1,0.5,N-be75eec_150,3482828,3444516,13.904344,
memetic,first,"['transpose', 'exchange', 'insert']",3,10,0,10,20,0.1,0.5,N-be75eec_150,3482828,3445868,15.765213,
memetic,first,"['transpose', 'exchange', 'insert']",3,10,0,10,20,0.1,0.5,N-be75eec_150,3482828,3447981,17.208134,
memetic,first,"['transpose', 'exchange', 'insert']",3,10,0,10,20,0.1,0.5,N-be75eec_150,3482828,3451610,24.167845,
memetic,first,"['transpose', 'exchange', 'insert']",3,10,0,10,20,0.1,0.5,N-be75eec_150,3482828,3455118,35.141647,
memetic,first,"['transpose', 'exchange', 'insert']",3,10,0,10,20,0.1,0.5,N-be75eec_150,3482828,3455599,41.944675,
memetic,first,"['transpose', 'exchange', 'insert']",3,10,0,10,20,0.1,0.5,N-be75eec_150,3482828,3456866,59.582352,
memetic,first,"['transpose', 'exchange', 'insert']",3,10,0,10,20,0.1,0.5,N-be75eec_150,3482828,3457749,68.336708,
memetic,first,"['transpose', 'exchange', 'insert']",3,10,0,10,20,0.1,0.5,N-be75eec_150,3482828,3458906,71.931824,
memetic,first,"['transpose', 'exchange', 'insert']",3,10,0,10,20,0.1,0.5,N-be75eec_150,3482828,3461988,99.514252,
memetic,first,"['transpose', 'exchange', 'insert']",3,10,0,10,20,0.1,0.5,N-be75eec_150,3482828,3463702,105.964058,
memetic,first,"['transpose', 'exchange', 'insert']",3,10,0,10,20,0.1,0.5,N-be75eec_150,3482828,3464634,121.40361,
memetic,first,"['transpose', 'exchange', 'insert']",3,10,0,10,20,0.1,0.5,N-be75eec_150,3482828,3467147,142.220413,
memetic,first,"['transpose', 'exchange', 'insert']",3,10,0,10,20,0.1,0.5,N-be75eec_150,3482828,3468831,189.073318,
memetic,first,"['transpose', 'exchange', 'insert']",3,10,0,10,20,0.1,0.5,N-be75eec_150,3482828,3471271,241.927032,
memetic,first,"['transpose', 'exchange', 'insert']",3,10,0,10,20,0.1,0.5,N-be75eec_150,3482828,3471271,988.897644,
memetic,first,"['transpose', 'exchange', 'insert']",3,10,0,10,20,0.3,0.5,N-be75eec_150,3482828,3431337,3.005533,
memetic,first,"['transpose', 'exchange', 'insert']",3,10,0,10,20,0.3,0.5,N-be75eec_150,3482828,3435523,9.222303,
memetic,first,"['transpose', 'exchange', 'insert']",3,10,0,10,20,0.3,0.5,N-be75eec_150,3482828,3436483,15.454509,
memetic,first,"['transpose', 'exchange', 'insert']",3,10,0,10,20,0.3,0.5,N-be75eec_150,3482828,3441279,18.541773,
memetic,first,"['transpose', 'exchange', 'insert']",3,10,0,10,20,0.3,0.5,N-be75eec_150,3482828,3442008,21.683044,
memetic,first,"['transpose', 'exchange', 'insert']",3,10,0,10,20,0.3,0.5,N-be75eec_150,3482828,3444779,34.524578,
memetic,first,"['transpose', 'exchange', 'insert']",3,10,0,10,20,0.3,0.5,N-be75eec_150,3482828,3446547,51.249313,
memetic,first,"['transpose', 'exchange', 'insert']",3,10,0,10,20,0.3,0.5,N-be75eec_150,3482828,3452140,81.860046,
memetic,first,"['transpose', 'exchange', 'insert']",3,10,0,10,20,0.3,0.5,N-be75eec_150,3482828,3453922,198.246048,
memetic,first,"['transpose', 'exchange', 'insert']",3,10,0,10,20,0.3,0.5,N-be75eec_150,3482828,3455241,299.530548,
memetic,first,"['transpose', 'exchange', 'insert']",3,10,0,10,20,0.3,0.5,N-be75eec_150,3482828,3458881,462.895996,
memetic,first,"['transpose', 'exchange', 'insert']",3,10,0,10,20,0.3,0.5,N-be75eec_150,3482828,3459610,486.785309,
memetic,first,"['transpose', 'exchange', 'insert']",3,10,0,10,20,0.3,0.5,N-be75eec_150,3482828,3462771,983.311401,
memetic,first,"['transpose', 'exchange', 'insert']",3,10,0,10,20,0.3,0.5,N-be75eec_150,3482828,3464543,1257.122314,
memetic,first,"['transpose', 'exchange', 'insert']",3,10,0,10,20,0.3,0.5,N-be75eec_150,3482828,3465328,1417.636475,
memetic,first,"['transpose', 'exchange', 'insert']",3,10,0,10,20,0.3,0.5,N-be75eec_150,3482828,3465984,2222.231201,
memetic,first,"['transpose', 'exchange', 'insert']",3,10,0,10,20,0.3,0.5,N-be75eec_150,3482828,3465984,3375.202637,
memetic,first,"['transpose', 'exchange', 'insert']",3,10,0.5,10,20,0.1,0.5,N-be75eec_150,3482828,3434208,1.639017,
memetic,first,"['transpose', 'exchange', 'insert']",3,10,0.5,10,20,0.1,0.5,N-be75eec_150,3482828,3437563,3.548284,
memetic,first,"['transpose', 'exchange', 'insert']",3,10,0.5,10,20,0.1,0.5,N-be75eec_150,3482828,3438283,5.093877,
memetic,first,"['transpose', 'exchange', 'insert']",3,10,0.5,10,20,0.1,0.5,N-be75eec_150,3482828,3438522,6.457833,
memetic,first,"['transpose', 'exchange', 'insert']",3,10,0.5,10,20,0.1,0.5,N-be75eec_150,3482828,3442229,9.528175,
memetic,first,"['transpose', 'exchange', 'insert']",3,10,0.5,10,20,0.1,0.5,N-be75eec_150,3482828,3442962,10.978607,
memetic,first,"['transpose', 'exchange', 'insert']",3,10,0.5,10,20,0.1,0.5,N-be75eec_150,3482828,3452399,12.634483,
memetic,first,"['transpose', 'exchange', 'insert']",3,10,0.5,10,20,0.1,0.5,N-be75eec_150,3482828,3453610,14.037675,
memetic,first,"['transpose', 'exchange', 'insert']",3,10,0.5,10,20,0.1,0.5,N-be75eec_150,3482828,3455063,20.378349,
memetic,first,"['transpose', 'exchange', 'insert']",3,10,0.5,10,20,0.1,0.5,N-be75eec_150,3482828,3459665,22.031637,
memetic,first,"['transpose', 'exchange', 'insert']",3,10,0.5,10,20,0.1,0.5,N-be75eec_150,3482828,3460230,29.182825,
memetic,first,"['transpose', 'exchange', 'insert']",3,10,0.5,10,20,0.1,0.5,N-be75eec_150,3482828,3460388,36.346958,
memetic,first,"['transpose', 'exchange', 'insert']",3,10,0.5,10,20,0.1,0.5,N-be75eec_150,3482828,3460603,37.50132,
memetic,first,"['transpose', 'exchange', 'insert']",3,10,0.5,10,20,0.1,0.5,N-be75eec_150,3482828,3465910,40.441589,
memetic,first,"['transpose', 'exchange', 'insert']",3,10,0.5,10,20,0.1,0.5,N-be75eec_150,3482828,3466084,64.910866,
memetic,first,"['transpose', 'exchange', 'insert']",3,10,0.5,10,20,0.1,0.5,N-be75eec_150,3482828,3467078,70.088493,
memetic,first,"['transpose', 'exchange', 'insert']",3,10,0.5,10,20,0.1,0.5,N-be75eec_150,3482828,3467414,72.491089,
memetic,first,"['transpose', 'exchange', 'insert']",3,10,0.5,10,20,0.1,0.5,N-be75eec_150,3482828,3468086,73.600922,
memetic,first,"['transpose', 'exchange', 'insert']",3,10,0.5,10,20,0.1,0.5,N-be75eec_150,3482828,3468955,87.007736,
memetic,first,"['transpose', 'exchange', 'insert']",3,10,0.5,10,20,0.1,0.5,N-be75eec_150,3482828,3469582,88.042313,
memetic,first,"['transpose', 'exchange', 'insert']",3,10,0.5,10,20,0.1,0.5,N-be75eec_150,3482828,3470274,98.659843,
memetic,first,"['transpose', 'exchange', 'insert']",3,10,0.5,10,20,0.1,0.5,N-be75eec_150,3482828,3470627,135.974655,
memetic,first,"['transpose', 'exchange', 'insert']",3,10,0.5,10,20,0.1,0.5,N-be75eec_150,3482828,3471769,189.832031,
memetic,first,"['transpose', 'exchange', 'insert']",3,10,0.5,10,20,0.1,0.5,N-be75eec_150,3482828,3471837,226.20459,
memetic,first,"['transpose', 'exchange', 'insert']",3,10,0.5,10,20,0.1,0.5,N-be75eec_150,3482828,3471880,245.190231,
memetic,first,"['transpose', 'exchange', 'insert']",3,10,0.5,10,20,0.1,0.5,N-be75eec_150,3482828,3472394,246.988144,
memetic,first,"['transpose', 'exchange', 'insert']",3,10,0.5,10,20,0.1,0.5,N-be75eec_150,3482828,3472963,254.451996,
memetic,first,"['transpose', 'exchange', 'insert']",3,10,0.5,10,20,0.1,0.5,N-be75eec_150,3482828,3473215,259.010956,
memetic,first,"['transpose', 'exchange', 'insert']",3,10,0.5,10,20,0.1,0.5,N-be75eec_150,3482828,3473253,263.723297,
memetic,first,"['transpose', 'exchange', 'insert']",3,10,0.5,10,20,0.1,0.5,N-be75eec_150,3482828,3473300,271.045166,
memetic,first,"['transpose', 'exchange', 'insert']",3,10,0.5,10,20,0.1,0.5,N-be75eec_150,3482828,3473303,279.706573,
memetic,first,"['transpose', 'exchange', 'insert']",3,10,0.5,10,20,0.1,0.5,N-be75eec_150,3482828,3473378,280.639893,
memetic,first,"['transpose', 'exchange', 'insert']",3,10,0.5,10,20,0.1,0.5,N-be75eec_150,3482828,3473401,284.123077,
memetic,first,"['transpose', 'exchange', 'insert']",3,10,0.5,10,20,0.1,0.5,N-be75eec_150,3482828,3473432,284.933411,
memetic,first,"['transpose', 'exchange', 'insert']",3,10,0.5,10,20,0.1,0.5,N-be75eec_150,3482828,3473542,288.403595,
memetic,first,"['transpose', 'exchange', 'insert']",3,10,0.5,10,20,0.1,0.5,N-be75eec_150,3482828,3473554,291.783264,
memetic,first,"['transpose', 'exchange', 'insert']",3,10,0.5,10,20,0.1,0.5,N-be75eec_150,3482828,3473563,298.347504,
memetic,first,"['transpose', 'exchange', 'insert']",3,10,0.5,10,20,0.1,0.5,N-be75eec_150,3482828,3473570,304.344757,
memetic,first,"['transpose', 'exchange', 'insert']",3,10,0.5,10,20,0.1,0.5,N-be75eec_150,3482828,3473571,305.214478,
memetic,first,"['transpose', 'exchange', 'insert']",3,10,0.5,10,20,0.1,0.5,N-be75eec_150,3482828,3473994,435.503967,
memetic,first,"['transpose', 'exchange', 'insert']",3,10,0.5,10,20,0.1,0.5,N-be75eec_150,3482828,3474046,456.461365,
memetic,first,"['transpose', 'exchange', 'insert']",3,10,0.5,10,20,0.1,0.5,N-be75eec_150,3482828,3474050,461.084717,
memetic,first,"['transpose', 'exchange', 'insert']",3,10,0.5,10,20,0.1,0.5,N-be75eec_150,3482828,3474079,468.53125,
memetic,first,"['transpose', 'exchange', 'insert']",3,10,0.5,10,20,0.1,0.5,N-be75eec_150,3482828,3474095,469.269592,
memetic,first,"['transpose', 'exchange', 'insert']",3,10,0.5,10,20,0.1,0.5,N-be75eec_150,3482828,3474102,470.932861,
memetic,first,"['transpose', 'exchange', 'insert']",3,10,0.5,10,20,0.1,0.5,N-be75eec_150,3482828,3474209,649.850403,
memetic,first,"['transpose', 'exchange', 'insert']",3,10,0.5,10,20,0.1,0.5,N-be75eec_150,3482828,3474456,819.500244,
memetic,first,"['transpose', 'exchange', 'insert']",3,10,0.5,10,20,0.1,0.5,N-be75eec_150,3482828,3474491,820.56842,
memetic,first,"['transpose', 'exchange', 'insert']",3,10,0.5,10,20,0.1,0.5,N-be75eec_150,3482828,3474491,1308.993408,
memetic,first,"['transpose', 'exchange', 'insert']",3,10,0.5,10,20,0.3,0.5,N-be75eec_150,3482828,3437509,2.348357,
memetic,first,"['transpose', 'exchange', 'insert']",3,10,0.5,10,20,0.3,0.5,N-be75eec_150,3482828,3438024,9.273518,
memetic,first,"['transpose', 'exchange', 'insert']",3,10,0.5,10,20,0.3,0.5,N-be75eec_150,3482828,3447690,11.477628,
memetic,first,"['transpose', 'exchange', 'insert']",3,10,0.5,10,20,0.3,0.5,N-be75eec_150,3482828,3448468,28.849808,
memetic,first,"['transpose', 'exchange', 'insert']",3,10,0.5,10,20,0.3,0.5,N-be75eec_150,3482828,3450609,33.228603,
memetic,first,"['transpose', 'exchange', 'insert']",3,10,0.5,10,20,0.3,0.5,N-be75eec_150,3482828,3453756,40.002972,
memetic,first,"['transpose', 'exchange', 'insert']",3,10,0.5,10,20,0.3,0.5,N-be75eec_150,3482828,3456018,53.573639,
memetic,first,"['transpose', 'exchange', 'insert']",3,10,0.5,10,20,0.3,0.5,N-be75eec_150,3482828,3457165,55.909653,
memetic,first,"['transpose', 'exchange', 'insert']",3,10,0.5,10,20,0.3,0.5,N-be75eec_150,3482828,3457724,58.317516,
memetic,first,"['transpose', 'exchange', 'insert']",3,10,0.5,10,20,0.3,0.5,N-be75eec_150,3482828,3458932,85.172386,
memetic,first,"['transpose', 'exchange', 'insert']",3,10,0.5,10,20,0.3,0.5,N-be75eec_150,3482828,3459822,92.045746,
memetic,first,"['transpose', 'exchange', 'insert']",3,10,0.5,10,20,0.3,0.5,N-be75eec_150,3482828,3459841,128.098694,
memetic,first,"['transpose', 'exchange', 'insert']",3,10,0.5,10,20,0.3,0.5,N-be75eec_150,3482828,3459866,143.491959,
memetic,first,"['transpose', 'exchange', 'insert']",3,10,0.5,10,20,0.3,0.5,N-be75eec_150,3482828,3461416,150.318283,
memetic,first,"['transpose', 'exchange', 'insert']",3,10,0.5,10,20,0.3,0.5,N-be75eec_150,3482828,3461709,152.369675,
memetic,first,"['transpose', 'exchange', 'insert']",3,10,0.5,10,20,0.3,0.5,N-be75eec_150,3482828,3461775,154.615372,
memetic,first,"['transpose', 'exchange', 'insert']",3,10,0.5,10,20,0.3,0.5,N-be75eec_150,3482828,3462504,184.444962,
memetic,first,"['transpose', 'exchange', 'insert']",3,10,0.5,10,20,0.3,0.5,N-be75eec_150,3482828,3462817,192.508453,
memetic,first,"['transpose', 'exchange', 'insert']",3,10,0.5,10,20,0.3,0.5,N-be75eec_150,3482828,3463894,200.996582,
memetic,first,"['transpose', 'exchange', 'insert']",3,10,0.5,10,20,0.3,0.5,N-be75eec_150,3482828,3464199,229.457169,
memetic,first,"['transpose', 'exchange', 'insert']",3,10,0.5,10,20,0.3,0.5,N-be75eec_150,3482828,3464369,245.314697,
memetic,first,"['transpose', 'exchange', 'insert']",3,10,0.5,10,20,0.3,0.5,N-be75eec_150,3482828,3466111,251.463242,
memetic,first,"['transpose', 'exchange', 'insert']",3,10,0.5,10,20,0.3,0.5,N-be75eec_150,3482828,3466153,317.267883,
memetic,first,"['transpose', 'exchange', 'insert']",3,10,0.5,10,20,0.3,0.5,N-be75eec_150,3482828,3467486,321.359222,
memetic,first,"['transpose', 'exchange', 'insert']",3,10,0.5,10,20,0.3,0.5,N-be75eec_150,3482828,3468054,351.736053,
memetic,first,"['transpose', 'exchange', 'insert']",3,10,0.5,10,20,0.3,0.5,N-be75eec_150,3482828,3468276,353.846161,
memetic,first,"['transpose', 'exchange', 'insert']",3,10,0.5,10,20,0.3,0.5,N-be75eec_150,3482828,3468768,393.352325,
memetic,first,"['transpose', 'exchange', 'insert']",3,10,0.5,10,20,0.3,0.5,N-be75eec_150,3482828,3469939,408.989899,
memetic,first,"['transpose', 'exchange', 'insert']",3,10,0.5,10,20,0.3,0.5,N-be75eec_150,3482828,3470672,476.266846,
memetic,first,"['transpose', 'exchange', 'insert']",3,10,0.5,10,20,0.3,0.5,N-be75eec_150,3482828,3470918,518.399048,
memetic,first,"['transpose', 'exchange', 'insert']",3,10,0.5,10,20,0.3,0.5,N-be75eec_150,3482828,3471093,537.766846,
memetic,first,"['transpose', 'exchange', 'insert']",3,10,0.5,10,20,0.3,0.5,N-be75eec_150,3482828,3471273,559.228271,
memetic,first,"['transpose', 'exchange', 'insert']",3,10,0.5,10,20,0.3,0.5,N-be75eec_150,3482828,3471345,565.998718,
memetic,first,"['transpose', 'exchange', 'insert']",3,10,0.5,10,20,0.3,0.5,N-be75eec_150,3482828,3471451,578.098083,
memetic,first,"['transpose', 'exchange', 'insert']",3,10,0.5,10,20,0.3,0.5,N-be75eec_150,3482828,3471516,579.945129,
memetic,first,"['transpose', 'exchange', 'insert']",3,10,0.5,10,20,0.3,0.5,N-be75eec_150,3482828,3471577,583.293396,
memetic,first,"['transpose', 'exchange', 'insert']",3,10,0.5,10,20,0.3,0.5,N-be75eec_150,3482828,3471713,585.200684,
memetic,first,"['transpose', 'exchange', 'insert']",3,10,0.5,10,20,0.3,0.5,N-be75eec_150,3482828,3471720,586.904236,
memetic,first,"['transpose', 'exchange', 'insert']",3,10,0.5,10,20,0.3,0.5,N-be75eec_150,3482828,3471804,605.796997,
memetic,first,"['transpose', 'exchange', 'insert']",3,10,0.5,10,20,0.3,0.5,N-be75eec_150,3482828,3471956,902.231567,
memetic,first,"['transpose', 'exchange', 'insert']",3,10,0.5,10,20,0.3,0.5,N-be75eec_150,3482828,3472015,938.627869,
memetic,first,"['transpose', 'exchange', 'insert']",3,10,0.5,10,20,0.3,0.5,N-be75eec_150,3482828,3472248,1053.117188,
memetic,first,"['transpose', 'exchange', 'insert']",3,10,0.5,10,20,0.3,0.5,N-be75eec_150,3482828,3472253,1302.222046,
memetic,first,"['transpose', 'exchange', 'insert']",3,10,0.5,10,20,0.3,0.5,N-be75eec_150,3482828,3472287,1336.25,
memetic,first,"['transpose', 'exchange', 'insert']",3,10,0.5,10,20,0.3,0.5,N-be75eec_150,3482828,3472289,1344.837646,
memetic,first,"['transpose', 'exchange', 'insert']",3,10,0.5,10,20,0.3,0.5,N-be75eec_150,3482828,3472312,1365.432495,
memetic,first,"['transpose', 'exchange', 'insert']",3,10,0.5,10,20,0.3,0.5,N-be75eec_150,3482828,3472314,1603.354004,
memetic,first,"['transpose', 'exchange', 'insert']",3,10,0.5,10,20,0.3,0.5,N-be75eec_150,3482828,3472320,1904.531128,
memetic,first,"['transpose', 'exchange', 'insert']",3,10,0.5,10,20,0.3,0.5,N-be75eec_150,3482828,3472403,1920.1521,
memetic,first,"['transpose', 'exchange', 'insert']",3,10,0.5,10,20,0.3,0.5,N-be75eec_150,3482828,3472566,1941.506836,
memetic,first,"['transpose', 'exchange', 'insert']",3,10,0.5,10,20,0.3,0.5,N-be75eec_150,3482828,3472578,1947.209229,
memetic,first,"['transpose', 'exchange', 'insert']",3,10,0.5,10,20,0.3,0.5,N-be75eec_150,3482828,3472673,1951.498047,
memetic,first,"['transpose', 'exchange', 'insert']",3,10,0.5,10,20,0.3,0.5,N-be75eec_150,3482828,3472785,1958.478516,
memetic,first,"['transpose', 'exchange', 'insert']",3,10,0.5,10,20,0.3,0.5,N-be75eec_150,3482828,3472802,1981.8125,
memetic,first,"['transpose', 'exchange', 'insert']",3,10,0.5,10,20,0.3,0.5,N-be75eec_150,3482828,3472927,1988.736328,
memetic,first,"['transpose', 'exchange', 'insert']",3,10,0.5,10,20,0.3,0.5,N-be75eec_150,3482828,3472941,2233.926025,
memetic,first,"['transpose', 'exchange', 'insert']",3,10,0.5,10,20,0.3,0.5,N-be75eec_150,3482828,3472958,2237.790527,
memetic,first,"['transpose', 'exchange', 'insert']",3,10,0.5,10,20,0.3,0.5,N-be75eec_150,3482828,3472958,2679.59082,
memetic,first,"['transpose', 'exchange', 'insert']",3,10,0.8,10,20,0.1,0.5,N-be75eec_150,3482828,3433827,1.413357,
memetic,first,"['transpose', 'exchange', 'insert']",3,10,0.8,10,20,0.1,0.5,N-be75eec_150,3482828,3440174,2.919919,
memetic,first,"['transpose', 'exchange', 'insert']",3,10,0.8,10,20,0.1,0.5,N-be75eec_150,3482828,3440320,7.538194,
memetic,first,"['transpose', 'exchange', 'insert']",3,10,0.8,10,20,0.1,0.5,N-be75eec_150,3482828,3442935,11.798753,
memetic,first,"['transpose', 'exchange', 'insert']",3,10,0.8,10,20,0.1,0.5,N-be75eec_150,3482828,3445415,13.231145,
memetic,first,"['transpose', 'exchange', 'insert']",3,10,0.8,10,20,0.1,0.5,N-be75eec_150,3482828,3449609,16.059959,
memetic,first,"['transpose', 'exchange', 'insert']",3,10,0.8,10,20,0.1,0.5,N-be75eec_150,3482828,3451143,30.061424,
memetic,first,"['transpose', 'exchange', 'insert']",3,10,0.8,10,20,0.1,0.5,N-be75eec_150,3482828,3451460,34.111767,
memetic,first,"['transpose', 'exchange', 'insert']",3,10,0.8,10,20,0.1,0.5,N-be75eec_150,3482828,3452361,37.629494,
memetic,first,"['transpose', 'exchange', 'insert']",3,10,0.8,10,20,0.1,0.5,N-be75eec_150,3482828,3453331,41.529484,
memetic,first,"['transpose', 'exchange', 'insert']",3,10,0.8,10,20,0.1,0.5,N-be75eec_150,3482828,3454761,44.218288,
memetic,first,"['transpose', 'exchange', 'insert']",3,10,0.8,10,20,0.1,0.5,N-be75eec_150,3482828,3456661,45.659344,
memetic,first,"['transpose', 'exchange', 'insert']",3,10,0.8,10,20,0.1,0.5,N-be75eec_150,3482828,3461637,49.164021,
memetic,first,"['transpose', 'exchange', 'insert']",3,10,0.8,10,20,0.1,0.5,N-be75eec_150,3482828,3462500,51.501957,
memetic,first,"['transpose', 'exchange', 'insert']",3,10,0.8,10,20,0.1,0.5,N-be75eec_150,3482828,3463267,65.417786,
memetic,first,"['transpose', 'exchange', 'insert']",3,10,0.8,10,20,0.1,0.5,N-be75eec_150,3482828,3465257,79.851845,
memetic,first,"['transpose', 'exchange', 'insert']",3,10,0.8,10,20,0.1,0.5,N-be75eec_150,3482828,3465946,84.717049,
memetic,first,"['transpose', 'exchange', 'insert']",3,10,0.8,10,20,0.1,0.5,N-be75eec_150,3482828,3467686,92.022316,
memetic,first,"['transpose', 'exchange', 'insert']",3,10,0.8,10,20,0.1,0.5,N-be75eec_150,3482828,3468289,106.858887,
memetic,first,"['transpose', 'exchange', 'insert']",3,10,0.8,10,20,0.1,0.5,N-be75eec_150,3482828,3468566,113.009842,
memetic,first,"['transpose', 'exchange', 'insert']",3,10,0.8,10,20,0.1,0.5,N-be75eec_150,3482828,3469409,121.872398,
memetic,first,"['transpose', 'exchange', 'insert']",3,10,0.8,10,20,0.1,0.5,N-be75eec_150,3482828,3469412,123.901131,
memetic,first,"['transpose', 'exchange', 'insert']",3,10,0.8,10,20,0.1,0.5,N-be75eec_150,3482828,3469623,127.590469,
memetic,first,"['transpose', 'exchange', 'insert']",3,10,0.8,10,20,0.1,0.5,N-be75eec_150,3482828,3470180,129.823364,
memetic,first,"['transpose', 'exchange', 'insert']",3,10,0.8,10,20,0.1,0.5,N-be75eec_150,3482828,3470363,134.448898,
memetic,first,"['transpose', 'exchange', 'insert']",3,10,0.8,10,20,0.1,0.5,N-be75eec_150,3482828,3471527,151.083496,
memetic,first,"['transpose', 'exchange', 'insert']",3,10,0.8,10,20,0.1,0.5,N-be75eec_150,3482828,3471687,181.787918,
memetic,first,"['transpose', 'exchange', 'insert']",3,10,0.8,10,20,0.1,0.5,N-be75eec_150,3482828,3471744,185.289398,
memetic,first,"['transpose', 'exchange', 'insert']",3,10,0.8,10,20,0.1,0.5,N-be75eec_150,3482828,3472870,187.8246,
memetic,first,"['transpose', 'exchange', 'insert']",3,10,0.8,10,20,0.1,0.5,N-be75eec_150,3482828,3473193,205.196518,
memetic,first,"['transpose', 'exchange', 'insert']",3,10,0.8,10,20,0.1,0.5,N-be75eec_150,3482828,3473234,227.559189,
memetic,first,"['transpose', 'exchange', 'insert']",3,10,0.8,10,20,0.1,0.5,N-be75eec_150,3482828,3473235,231.49202,
memetic,first,"['transpose', 'exchange', 'insert']",3,10,0.8,10,20,0.1,0.5,N-be75eec_150,3482828,3473367,233.694733,
memetic,first,"['transpose', 'exchange', 'insert']",3,10,0.8,10,20,0.1,0.5,N-be75eec_150,3482828,3473376,237.553879,
memetic,first,"['transpose', 'exchange', 'insert']",3,10,0.8,10,20,0.1,0.5,N-be75eec_150,3482828,3473605,238.519562,
memetic,first,"['transpose', 'exchange', 'insert']",3,10,0.8,10,20,0.1,0.5,N-be75eec_150,3482828,3473800,242.190384,
memetic,first,"['transpose', 'exchange', 'insert']",3,10,0.8,10,20,0.1,0.5,N-be75eec_150,3482828,3474014,243.979355,
memetic,first,"['transpose', 'exchange', 'insert']",3,10,0.8,10,20,0.1,0.5,N-be75eec_150,3482828,3474040,249.017441,
memetic,first,"['transpose', 'exchange', 'insert']",3,10,0.8,10,20,0.1,0.5,N-be75eec_150,3482828,3474044,249.402908,
memetic,first,"['transpose', 'exchange', 'insert']",3,10,0.8,10,20,0.1,0.5,N-be75eec_150,3482828,3474100,249.781845,
memetic,first,"['transpose', 'exchange', 'insert']",3,10,0.8,10,20,0.1,0.5,N-be75eec_150,3482828,3474130,252.136459,
memetic,first,"['transpose', 'exchange', 'insert']",3,10,0.8,10,20,0.1,0.5,N-be75eec_150,3482828,3474190,253.574585,
memetic,first,"['transpose', 'exchange', 'insert']",3,10,0.8,10,20,0.1,0.5,N-be75eec_150,3482828,3474220,260.110229,
memetic,first,"['transpose', 'exchange', 'insert']",3,10,0.8,10,20,0.1,0.5,N-be75eec_150,3482828,3474556,265.97525,
memetic,first,"['transpose', 'exchange', 'insert']",3,10,0.8,10,20,0.1,0.5,N-be75eec_150,3482828,3474729,266.346069,
memetic,first,"['transpose', 'exchange', 'insert']",3,10,0.8,10,20,0.1,0.5,N-be75eec_150,3482828,3474761,267.627747,
memetic,first,"['transpose', 'exchange', 'insert']",3,10,0.8,10,20,0.1,0.5,N-be75eec_150,3482828,3474871,268.844757,
memetic,first,"['transpose', 'exchange', 'insert']",3,10,0.8,10,20,0.1,0.5,N-be75eec_150,3482828,3474907,269.365997,
memetic,first,"['transpose', 'exchange', 'insert']",3,10,0.8,10,20,0.1,0.5,N-be75eec_150,3482828,3475066,273.884155,
memetic,first,"['transpose', 'exchange', 'insert']",3,10,0.8,10,20,0.1,0.5,N-be75eec_150,3482828,3475076,276.032959,
memetic,first,"['transpose', 'exchange', 'insert']",3,10,0.8,10,20,0.1,0.5,N-be75eec_150,3482828,3475078,277.358795,
memetic,first,"['transpose', 'exchange', 'insert']",3,10,0.8,10,20,0.1,0.5,N-be75eec_150,3482828,3475096,281.429413,
memetic,first,"['transpose', 'exchange', 'insert']",3,10,0.8,10,20,0.1,0.5,N-be75eec_150,3482828,3475104,282.753143,
memetic,first,"['transpose', 'exchange', 'insert']",3,10,0.8,10,20,0.1,0.5,N-be75eec_150,3482828,3475174,399.983551,
memetic,first,"['transpose', 'exchange', 'insert']",3,10,0.8,10,20,0.1,0.5,N-be75eec_150,3482828,3475225,404.261383,
memetic,first,"['transpose', 'exchange', 'insert']",3,10,0.8,10,20,0.1,0.5,N-be75eec_150,3482828,3475474,410.267761,
memetic,first,"['transpose', 'exchange', 'insert']",3,10,0.8,10,20,0.1,0.5,N-be75eec_150,3482828,3475554,413.585022,
memetic,first,"['transpose', 'exchange', 'insert']",3,10,0.8,10,20,0.1,0.5,N-be75eec_150,3482828,3475565,418.958405,
memetic,first,"['transpose', 'exchange', 'insert']",3,10,0.8,10,20,0.1,0.5,N-be75eec_150,3482828,3475595,420.459259,
memetic,first,"['transpose', 'exchange', 'insert']",3,10,0.8,10,20,0.1,0.5,N-be75eec_150,3482828,3475655,422.627045,
memetic,first,"['transpose', 'exchange', 'insert']",3,10,0.8,10,20,0.1,0.5,N-be75eec_150,3482828,3475698,424.376465,
memetic,first,"['transpose', 'exchange', 'insert']",3,10,0.8,10,20,0.1,0.5,N-be75eec_150,3482828,3475703,424.73999,
memetic,first,"['transpose', 'exchange', 'insert']",3,10,0.8,10,20,0.1,0.5,N-be75eec_150,3482828,3475749,425.097046,
memetic,first,"['transpose', 'exchange', 'insert']",3,10,0.8,10,20,0.1,0.5,N-be75eec_150,3482828,3475918,425.923462,
memetic,first,"['transpose', 'exchange', 'insert']",3,10,0.8,10,20,0.1,0.5,N-be75eec_150,3482828,3475948,651.249268,
memetic,first,"['transpose', 'exchange', 'insert']",3,10,0.8,10,20,0.1,0.5,N-be75eec_150,3482828,3475979,746.936523,
memetic,first,"['transpose', 'exchange', 'insert']",3,10,0.8,10,20,0.1,0.5,N-be75eec_150,3482828,3476051,747.745667,
memetic,first,"['transpose', 'exchange', 'insert']",3,10,0.8,10,20,0.1,0.5,N-be75eec_150,3482828,3476058,749.225891,
memetic,first,"['transpose', 'exchange', 'insert']",3,10,0.8,10,20,0.1,0.5,N-be75eec_150,3482828,3476083,749.57373,
memetic,first,"['transpose', 'exchange', 'insert']",3,10,0.8,10,20,0.1,0.5,N-be75eec_150,3482828,3476092,749.91394,
memetic,first,"['transpose', 'exchange', 'insert']",3,10,0.8,10,20,0.1,0.5,N-be75eec_150,3482828,3476116,754.42572,
memetic,first,"['transpose', 'exchange', 'insert']",3,10,0.8,10,20,0.1,0.5,N-be75eec_150,3482828,3476118,755.61377,
memetic,first,"['transpose', 'exchange', 'insert']",3,10,0.8,10,20,0.1,0.5,N-be75eec_150,3482828,3476148,884.786011,
memetic,first,"['transpose', 'exchange', 'insert']",3,10,0.8,10,20,0.1,0.5,N-be75eec_150,3482828,3476151,1150.997803,
memetic,first,"['transpose', 'exchange', 'insert']",3,10,0.8,10,20,0.1,0.5,N-be75eec_150,3482828,3476230,1153.112427,
memetic,first,"['transpose', 'exchange', 'insert']",3,10,0.8,10,20,0.1,0.5,N-be75eec_150,3482828,3476235,1155.578125,
memetic,first,"['transpose', 'exchange', 'insert']",3,10,0.8,10,20,0.1,0.5,N-be75eec_150,3482828,3476237,1162.161133,
memetic,first,"['transpose', 'exchange', 'insert']",3,10,0.8,10,20,0.1,0.5,N-be75eec_150,3482828,3476246,1165.427979,
memetic,first,"['transpose', 'exchange', 'insert']",3,10,0.8,10,20,0.1,0.5,N-be75eec_150,3482828,3476250,1167.130737,
memetic,first,"['transpose', 'exchange', 'insert']",3,10,0.8,10,20,0.1,0.5,N-be75eec_150,3482828,3476250,1525.005127,
memetic,first,"['transpose', 'exchange', 'insert']",3,10,0.8,10,20,0.3,0.5,N-be75eec_150,3482828,3441222,1.836049,
memetic,first,"['transpose', 'exchange', 'insert']",3,10,0.8,10,20,0.3,0.5,N-be75eec_150,3482828,3446734,3.802873,
memetic,first,"['transpose', 'exchange', 'insert']",3,10,0.8,10,20,0.3,0.5,N-be75eec_150,3482828,3450394,11.422569,
memetic,first,"['transpose', 'exchange', 'insert']",3,10,0.8,10,20,0.3,0.5,N-be75eec_150,3482828,3453302,14.681391,
memetic,first,"['transpose', 'exchange', 'insert']",3,10,0.8,10,20,0.3,0.5,N-be75eec_150,3482828,3458692,19.663595,
memetic,first,"['transpose', 'exchange', 'insert']",3,10,0.8,10,20,0.3,0.5,N-be75eec_150,3482828,3459033,28.68466,
memetic,first,"['transpose', 'exchange', 'insert']",3,10,0.8,10,20,0.3,0.5,N-be75eec_150,3482828,3460473,37.246475,
memetic,first,"['transpose', 'exchange', 'insert']",3,10,0.8,10,20,0.3,0.5,N-be75eec_150,3482828,3460668,42.881111,
memetic,first,"['transpose', 'exchange', 'insert']",3,10,0.8,10,20,0.3,0.5,N-be75eec_150,3482828,3461769,45.752007,
memetic,first,"['transpose', 'exchange', 'insert']",3,10,0.8,10,20,0.3,0.5,N-be75eec_150,3482828,3462050,61.640018,
memetic,first,"['transpose', 'exchange', 'insert']",3,10,0.8,10,20,0.3,0.5,N-be75eec_150,3482828,3462896,67.064178,
memetic,first,"['transpose', 'exchange', 'insert']",3,10,0.8,10,20,0.3,0.5,N-be75eec_150,3482828,3464460,75.035767,
memetic,first,"['transpose', 'exchange', 'insert']",3,10,0.8,10,20,0.3,0.5,N-be75eec_150,3482828,3464468,82.714172,
memetic,first,"['transpose', 'exchange', 'insert']",3,10,0.8,10,20,0.3,0.5,N-be75eec_150,3482828,3464485,89.534485,
memetic,first,"['transpose', 'exchange', 'insert']",3,10,0.8,10,20,0.3,0.5,N-be75eec_150,3482828,3464919,93.974976,
memetic,first,"['transpose', 'exchange', 'insert']",3,10,0.8,10,20,0.3,0.5,N-be75eec_150,3482828,3465629,96.231613,
memetic,first,"['transpose', 'exchange', 'insert']",3,10,0.8,10,20,0.3,0.5,N-be75eec_150,3482828,3467547,108.175835,
memetic,first,"['transpose', 'exchange', 'insert']",3,10,0.8,10,20,0.3,0.5,N-be75eec_150,3482828,3467683,130.328735,
memetic,first,"['transpose', 'exchange', 'insert']",3,10,0.8,10,20,0.3,0.5,N-be75eec_150,3482828,3469407,132.432343,
memetic,first,"['transpose', 'exchange', 'insert']",3,10,0.8,10,20,0.3,0.5,N-be75eec_150,3482828,3469644,154.246231,
memetic,first,"['transpose', 'exchange', 'insert']",3,10,0.8,10,20,0.3,0.5,N-be75eec_150,3482828,3469769,162.155258,
memetic,first,"['transpose', 'exchange', 'insert']",3,10,0.8,10,20,0.3,0.5,N-be75eec_150,3482828,3469828,170.368744,
memetic,first,"['transpose', 'exchange', 'insert']",3,10,0.8,10,20,0.3,0.5,N-be75eec_150,3482828,3469835,172.667206,
memetic,first,"['transpose', 'exchange', 'insert']",3,10,0.8,10,20,0.3,0.5,N-be75eec_150,3482828,3470222,174.089645,
memetic,first,"['transpose', 'exchange', 'insert']",3,10,0.8,10,20,0.3,0.5,N-be75eec_150,3482828,3470256,179.946793,
memetic,first,"['transpose', 'exchange', 'insert']",3,10,0.8,10,20,0.3,0.5,N-be75eec_150,3482828,3470259,182.711655,
memetic,first,"['transpose', 'exchange', 'insert']",3,10,0.8,10,20,0.3,0.5,N-be75eec_150,3482828,3470293,184.93335,
memetic,first,"['transpose', 'exchange', 'insert']",3,10,0.8,10,20,0.3,0.5,N-be75eec_150,3482828,3470355,193.20166,
memetic,first,"['transpose', 'exchange', 'insert']",3,10,0.8,10,20,0.3,0.5,N-be75eec_150,3482828,3470699,201.43988,
memetic,first,"['transpose', 'exchange', 'insert']",3,10,0.8,10,20,0.3,0.5,N-be75eec_150,3482828,3470701,206.39093,
memetic,first,"['transpose', 'exchange', 'insert']",3,10,0.8,10,20,0.3,0.5,N-be75eec_150,3482828,3471139,207.119614,
memetic,first,"['transpose', 'exchange', 'insert']",3,10,0.8,10,20,0.3,0.5,N-be75eec_150,3482828,3471310,208.600922,
memetic,first,"['transpose', 'exchange', 'insert']",3,10,0.8,10,20,0.3,0.5,N-be75eec_150,3482828,3471559,209.390991,
memetic,first,"['transpose', 'exchange', 'insert']",3,10,0.8,10,20,0.3,0.5,N-be75eec_150,3482828,3471692,210.059616,
memetic,first,"['transpose', 'exchange', 'insert']",3,10,0.8,10,20,0.3,0.5,N-be75eec_150,3482828,3471703,214.156815,
memetic,first,"['transpose', 'exchange', 'insert']",3,10,0.8,10,20,0.3,0.5,N-be75eec_150,3482828,3471819,214.981659,
memetic,first,"['transpose', 'exchange', 'insert']",3,10,0.8,10,20,0.3,0.5,N-be75eec_150,3482828,3471894,234.355515,
memetic,first,"['transpose', 'exchange', 'insert']",3,10,0.8,10,20,0.3,0.5,N-be75eec_150,3482828,3471922,238.502258,
memetic,first,"['transpose', 'exchange', 'insert']",3,10,0.8,10,20,0.3,0.5,N-be75eec_150,3482828,3472414,317.344666,
memetic,first,"['transpose', 'exchange', 'insert']",3,10,0.8,10,20,0.3,0.5,N-be75eec_150,3482828,3472517,321.644562,
memetic,first,"['transpose', 'exchange', 'insert']",3,10,0.8,10,20,0.3,0.5,N-be75eec_150,3482828,3472520,323.07843,
memetic,first,"['transpose', 'exchange', 'insert']",3,10,0.8,10,20,0.3,0.5,N-be75eec_150,3482828,3472651,326.216461,
memetic,first,"['transpose', 'exchange', 'insert']",3,10,0.8,10,20,0.3,0.5,N-be75eec_150,3482828,3472714,333.499146,
memetic,first,"['transpose', 'exchange', 'insert']",3,10,0.8,10,20,0.3,0.5,N-be75eec_150,3482828,3472916,334.272522,
memetic,first,"['transpose', 'exchange', 'insert']",3,10,0.8,10,20,0.3,0.5,N-be75eec_150,3482828,3472919,335.798859,
memetic,first,"['transpose', 'exchange', 'insert']",3,10,0.8,10,20,0.3,0.5,N-be75eec_150,3482828,3473298,452.003265,
memetic,first,"['transpose', 'exchange', 'insert']",3,10,0.8,10,20,0.3,0.5,N-be75eec_150,3482828,3473466,456.499146,
memetic,first,"['transpose', 'exchange', 'insert']",3,10,0.8,10,20,0.3,0.5,N-be75eec_150,3482828,3473628,461.025208,
memetic,first,"['transpose', 'exchange', 'insert']",3,10,0.8,10,20,0.3,0.5,N-be75eec_150,3482828,3473629,466.984253,
memetic,first,"['transpose', 'exchange', 'insert']",3,10,0.8,10,20,0.3,0.5,N-be75eec_150,3482828,3473631,468.344635,
memetic,first,"['transpose', 'exchange', 'insert']",3,10,0.8,10,20,0.3,0.5,N-be75eec_150,3482828,3473632,474.591034,
memetic,first,"['transpose', 'exchange', 'insert']",3,10,0.8,10,20,0.3,0.5,N-be75eec_150,3482828,3473642,483.312958,
memetic,first,"['transpose', 'exchange', 'insert']",3,10,0.8,10,20,0.3,0.5,N-be75eec_150,3482828,3473660,485.6716,
memetic,first,"['transpose', 'exchange', 'insert']",3,10,0.8,10,20,0.3,0.5,N-be75eec_150,3482828,3473669,498.107544,
memetic,first,"['transpose', 'exchange', 'insert']",3,10,0.8,10,20,0.3,0.5,N-be75eec_150,3482828,3473672,502.88501,
memetic,first,"['transpose', 'exchange', 'insert']",3,10,0.8,10,20,0.3,0.5,N-be75eec_150,3482828,3473720,509.527466,
memetic,first,"['transpose', 'exchange', 'insert']",3,10,0.8,10,20,0.3,0.5,N-be75eec_150,3482828,3473721,512.17865,
memetic,first,"['transpose', 'exchange', 'insert']",3,10,0.8,10,20,0.3,0.5,N-be75eec_150,3482828,3473730,512.908142,
memetic,first,"['transpose', 'exchange', 'insert']",3,10,0.8,10,20,0.3,0.5,N-be75eec_150,3482828,3473731,604.670288,
memetic,first,"['transpose', 'exchange', 'insert']",3,10,0.8,10,20,0.3,0.5,N-be75eec_150,3482828,3473732,622.60144,
memetic,first,"['transpose', 'exchange', 'insert']",3,10,0.8,10,20,0.3,0.5,N-be75eec_150,3482828,3473733,630.096619,
memetic,first,"['transpose', 'exchange', 'insert']",3,10,0.8,10,20,0.3,0.5,N-be75eec_150,3482828,3473733,857.996704,
memetic,first,"['transpose', 'exchange', 'insert']",3,10,1,10,20,0.1,0.5,N-be75eec_150,3482828,3433827,1.406377,
memetic,first,"['transpose', 'exchange', 'insert']",3,10,1,10,20,0.1,0.5,N-be75eec_150,3482828,3434251,2.922353,
memetic,first,"['transpose', 'exchange', 'insert']",3,10,1,10,20,0.1,0.5,N-be75eec_150,3482828,3440562,4.479784,
memetic,first,"['transpose', 'exchange', 'insert']",3,10,1,10,20,0.1,0.5,N-be75eec_150,3482828,3444876,5.82063,
memetic,first,"['transpose', 'exchange', 'insert']",3,10,1,10,20,0.1,0.5,N-be75eec_150,3482828,3451506,7.28656,
memetic,first,"['transpose', 'exchange', 'insert']",3,10,1,10,20,0.1,0.5,N-be75eec_150,3482828,3451831,11.591357,
memetic,first,"['transpose', 'exchange', 'insert']",3,10,1,10,20,0.1,0.5,N-be75eec_150,3482828,3453113,12.555684,
memetic,first,"['transpose', 'exchange', 'insert']",3,10,1,10,20,0.1,0.5,N-be75eec_150,3482828,3453844,13.506066,
memetic,first,"['transpose', 'exchange', 'insert']",3,10,1,10,20,0.1,0.5,N-be75eec_150,3482828,3456007,16.554697,
memetic,first,"['transpose', 'exchange', 'insert']",3,10,1,10,20,0.1,0.5,N-be75eec_150,3482828,3456119,18.490896,
memetic,first,"['transpose', 'exchange', 'insert']",3,10,1,10,20,0.1,0.5,N-be75eec_150,3482828,3457256,20.464899,
memetic,first,"['transpose', 'exchange', 'insert']",3,10,1,10,20,0.1,0.5,N-be75eec_150,3482828,3459719,23.101492,
memetic,first,"['transpose', 'exchange', 'insert']",3,10,1,10,20,0.1,0.5,N-be75eec_150,3482828,3460242,25.623655,
memetic,first,"['transpose', 'exchange', 'insert']",3,10,1,10,20,0.1,0.5,N-be75eec_150,3482828,3462833,27.373268,
memetic,first,"['transpose', 'exchange', 'insert']",3,10,1,10,20,0.1,0.5,N-be75eec_150,3482828,3462955,40.705936,
memetic,first,"['transpose', 'exchange', 'insert']",3,10,1,10,20,0.1,0.5,N-be75eec_150,3482828,3463246,43.45821,
memetic,first,"['transpose', 'exchange', 'insert']",3,10,1,10,20,0.1,0.5,N-be75eec_150,3482828,3463308,44.601467,
memetic,first,"['transpose', 'exchange', 'insert']",3,10,1,10,20,0.1,0.5,N-be75eec_150,3482828,3463376,45.409275,
memetic,first,"['transpose', 'exchange', 'insert']",3,10,1,10,20,0.1,0.5,N-be75eec_150,3482828,3463384,46.177299,
memetic,first,"['transpose', 'exchange', 'insert']",3,10,1,10,20,0.1,0.5,N-be75eec_150,3482828,3463562,46.475143,
memetic,first,"['transpose', 'exchange', 'insert']",3,10,1,10,20,0.1,0.5,N-be75eec_150,3482828,3463733,46.73476,
memetic,first,"['transpose', 'exchange', 'insert']",3,10,1,10,20,0.1,0.5,N-be75eec_150,3482828,3463743,47.027302,
memetic,first,"['transpose', 'exchange', 'insert']",3,10,1,10,20,0.1,0.5,N-be75eec_150,3482828,3463749,47.807541,
memetic,first,"['transpose', 'exchange', 'insert']",3,10,1,10,20,0.1,0.5,N-be75eec_150,3482828,3463847,48.476299,
memetic,first,"['transpose', 'exchange', 'insert']",3,10,1,10,20,0.1,0.5,N-be75eec_150,3482828,3464364,48.69199,
memetic,first,"['transpose', 'exchange', 'insert']",3,10,1,10,20,0.1,0.5,N-be75eec_150,3482828,3464548,49.174217,
memetic,first,"['transpose', 'exchange', 'insert']",3,10,1,10,20,0.1,0.5,N-be75eec_150,3482828,3464557,50.593754,
memetic,first,"['transpose', 'exchange', 'insert']",3,10,1,10,20,0.1,0.5,N-be75eec_150,3482828,3464799,51.081448,
memetic,first,"['transpose', 'exchange', 'insert']",3,10,1,10,20,0.1,0.5,N-be75eec_150,3482828,3464870,52.367496,
memetic,first,"['transpose', 'exchange', 'insert']",3,10,1,10,20,0.1,0.5,N-be75eec_150,3482828,3464896,53.290314,
memetic,first,"['transpose', 'exchange', 'insert']",3,10,1,10,20,0.1,0.5,N-be75eec_150,3482828,3464984,54.209087,
memetic,first,"['transpose', 'exchange', 'insert']",3,10,1,10,20,0.1,0.5,N-be75eec_150,3482828,3465123,55.545612,
memetic,first,"['transpose', 'exchange', 'insert']",3,10,1,10,20,0.1,0.5,N-be75eec_150,3482828,3465168,56.848644,
memetic,first,"['transpose', 'exchange', 'insert']",3,10,1,10,20,0.1,0.5,N-be75eec_150,3482828,3465171,57.407883,
memetic,first,"['transpose', 'exchange', 'insert']",3,10,1,10,20,0.1,0.5,N-be75eec_150,3482828,3465300,60.054199,
memetic,first,"['transpose', 'exchange', 'insert']",3,10,1,10,20,0.1,0.5,N-be75eec_150,3482828,3465359,60.541061,
memetic,first,"['transpose', 'exchange', 'insert']",3,10,1,10,20,0.1,0.5,N-be75eec_150,3482828,3465360,60.589252,
memetic,first,"['transpose', 'exchange', 'insert']",3,10,1,10,20,0.1,0.5,N-be75eec_150,3482828,3465482,102.999931,
memetic,first,"['transpose', 'exchange', 'insert']",3,10,1,10,20,0.1,0.5,N-be75eec_150,3482828,3465588,107.144341,
memetic,first,"['transpose', 'exchange', 'insert']",3,10,1,10,20,0.1,0.5,N-be75eec_150,3482828,3465653,107.337082,
memetic,first,"['transpose', 'exchange', 'insert']",3,10,1,10,20,0.1,0.5,N-be75eec_150,3482828,3465667,108.566841,
memetic,first,"['transpose', 'exchange', 'insert']",3,10,1,10,20,0.1,0.5,N-be75eec_150,3482828,3465923,108.863518,
memetic,first,"['transpose', 'exchange', 'insert']",3,10,1,10,20,0.1,0.5,N-be75eec_150,3482828,3465928,109.630714,
memetic,first,"['transpose', 'exchange', 'insert']",3,10,1,10,20,0.1,0.5,N-be75eec_150,3482828,3466065,109.714706,
memetic,first,"['transpose', 'exchange', 'insert']",3,10,1,10,20,0.1,0.5,N-be75eec_150,3482828,3466067,109.937714,
memetic,first,"['transpose', 'exchange', 'insert']",3,10,1,10,20,0.1,0.5,N-be75eec_150,3482828,3466150,110.046494,
memetic,first,"['transpose', 'exchange', 'insert']",3,10,1,10,20,0.1,0.5,N-be75eec_150,3482828,3466236,110.648064,
memetic,first,"['transpose', 'exchange', 'insert']",3,10,1,10,20,0.1,0.5,N-be75eec_150,3482828,3466339,110.991959,
memetic,first,"['transpose', 'exchange', 'insert']",3,10,1,10,20,0.1,0.5,N-be75eec_150,3482828,3466544,111.067413,
memetic,first,"['transpose', 'exchange', 'insert']",3,10,1,10,20,0.1,0.5,N-be75eec_150,3482828,3466596,111.328445,
memetic,first,"['transpose', 'exchange', 'insert']",3,10,1,10,20,0.1,0.5,N-be75eec_150,3482828,3466626,111.775421,
memetic,first,"['transpose', 'exchange', 'insert']",3,10,1,10,20,0.1,0.5,N-be75eec_150,3482828,3466870,146.831177,
memetic,first,"['transpose', 'exchange', 'insert']",3,10,1,10,20,0.1,0.5,N-be75eec_150,3482828,3467030,146.98645,
memetic,first,"['transpose', 'exchange', 'insert']",3,10,1,10,20,0.1,0.5,N-be75eec_150,3482828,3467250,147.197861,
memetic,first,"['transpose', 'exchange', 'insert']",3,10,1,10,20,0.1,0.5,N-be75eec_150,3482828,3467367,147.688354,
memetic,first,"['transpose', 'exchange', 'insert']",3,10,1,10,20,0.1,0.5,N-be75eec_150,3482828,3467464,147.906555,
memetic,first,"['transpose', 'exchange', 'insert']",3,10,1,10,20,0.1,0.5,N-be75eec_150,3482828,3467480,147.979919,
memetic,first,"['transpose', 'exchange', 'insert']",3,10,1,10,20,0.1,0.5,N-be75eec_150,3482828,3467482,148.888885,
memetic,first,"['transpose', 'exchange', 'insert']",3,10,1,10,20,0.1,0.5,N-be75eec_150,3482828,3467534,149.2603,
memetic,first,"['transpose', 'exchange', 'insert']",3,10,1,10,20,0.1,0.5,N-be75eec_150,3482828,3467537,151.437485,
memetic,first,"['transpose', 'exchange', 'insert']",3,10,1,10,20,0.1,0.5,N-be75eec_150,3482828,3467540,151.578918,
memetic,first,"['transpose', 'exchange', 'insert']",3,10,1,10,20,0.1,0.5,N-be75eec_150,3482828,3467592,151.970261,
memetic,first,"['transpose', 'exchange', 'insert']",3,10,1,10,20,0.1,0.5,N-be75eec_150,3482828,3467599,179.62294,
memetic,first,"['transpose', 'exchange', 'insert']",3,10,1,10,20,0.1,0.5,N-be75eec_150,3482828,3467599,260.347839,
memetic,first,"['transpose', 'exchange', 'insert']",3,10,1,10,20,0.3,0.5,N-be75eec_150,3482828,3433827,1.373408,
memetic,first,"['transpose', 'exchange', 'insert']",3,10,1,10,20,0.3,0.5,N-be75eec_150,3482828,3434251,2.890477,
memetic,first,"['transpose', 'exchange', 'insert']",3,10,1,10,20,0.3,0.5,N-be75eec_150,3482828,3440562,4.481595,
memetic,first,"['transpose', 'exchange', 'insert']",3,10,1,10,20,0.3,0.5,N-be75eec_150,3482828,3444876,5.873031,
memetic,first,"['transpose', 'exchange', 'insert']",3,10,1,10,20,0.3,0.5,N-be75eec_150,3482828,3451506,7.301593,
memetic,first,"['transpose', 'exchange', 'insert']",3,10,1,10,20,0.3,0.5,N-be75eec_150,3482828,3451831,11.624816,
memetic,first,"['transpose', 'exchange', 'insert']",3,10,1,10,20,0.3,0.5,N-be75eec_150,3482828,3453113,12.603642,
memetic,first,"['transpose', 'exchange', 'insert']",3,10,1,10,20,0.3,0.5,N-be75eec_150,3482828,3453844,13.588903,
memetic,first,"['transpose', 'exchange', 'insert']",3,10,1,10,20,0.3,0.5,N-be75eec_150,3482828,3456007,16.719999,
memetic,first,"['transpose', 'exchange', 'insert']",3,10,1,10,20,0.3,0.5,N-be75eec_150,3482828,3456119,18.639626,
memetic,first,"['transpose', 'exchange', 'insert']",3,10,1,10,20,0.3,0.5,N-be75eec_150,3482828,3457256,20.535942,
memetic,first,"['transpose', 'exchange', 'insert']",3,10,1,10,20,0.3,0.5,N-be75eec_150,3482828,3459719,23.171995,
memetic,first,"['transpose', 'exchange', 'insert']",3,10,1,10,20,0.3,0.5,N-be75eec_150,3482828,3460242,25.749329,
memetic,first,"['transpose', 'exchange', 'insert']",3,10,1,10,20,0.3,0.5,N-be75eec_150,3482828,3462833,27.506264,
memetic,first,"['transpose', 'exchange', 'insert']",3,10,1,10,20,0.3,0.5,N-be75eec_150,3482828,3462955,40.943207,
memetic,first,"['transpose', 'exchange', 'insert']",3,10,1,10,20,0.3,0.5,N-be75eec_150,3482828,3463246,43.742828,
memetic,first,"['transpose', 'exchange', 'insert']",3,10,1,10,20,0.3,0.5,N-be75eec_150,3482828,3463308,44.875805,
memetic,first,"['transpose', 'exchange', 'insert']",3,10,1,10,20,0.3,0.5,N-be75eec_150,3482828,3463376,45.706833,
memetic,first,"['transpose', 'exchange', 'insert']",3,10,1,10,20,0.3,0.5,N-be75eec_150,3482828,3463384,46.504532,
memetic,first,"['transpose', 'exchange', 'insert']",3,10,1,10,20,0.3,0.5,N-be75eec_150,3482828,3463562,46.812939,
memetic,first,"['transpose', 'exchange', 'insert']",3,10,1,10,20,0.3,0.5,N-be75eec_150,3482828,3463733,47.082531,
memetic,first,"['transpose', 'exchange', 'insert']",3,10,1,10,20,0.3,0.5,N-be75eec_150,3482828,3463743,47.385899,
memetic,first,"['transpose', 'exchange', 'insert']",3,10,1,10,20,0.3,0.5,N-be75eec_150,3482828,3463749,48.15414,
memetic,first,"['transpose', 'exchange', 'insert']",3,10,1,10,20,0.3,0.5,N-be75eec_150,3482828,3463847,48.840446,
memetic,first,"['transpose', 'exchange', 'insert']",3,10,1,10,20,0.3,0.5,N-be75eec_150,3482828,3464364,49.070862,
memetic,first,"['transpose', 'exchange', 'insert']",3,10,1,10,20,0.3,0.5,N-be75eec_150,3482828,3464548,49.546566,
memetic,first,"['transpose', 'exchange', 'insert']",3,10,1,10,20,0.3,0.5,N-be75eec_150,3482828,3464557,50.965382,
memetic,first,"['transpose', 'exchange', 'insert']",3,10,1,10,20,0.3,0.5,N-be75eec_150,3482828,3464799,51.427994,
memetic,first,"['transpose', 'exchange', 'insert']",3,10,1,10,20,0.3,0.5,N-be75eec_150,3482828,3464870,52.74865,
memetic,first,"['transpose', 'exchange', 'insert']",3,10,1,10,20,0.3,0.5,N-be75eec_150,3482828,3464896,53.669792,
memetic,first,"['transpose', 'exchange', 'insert']",3,10,1,10,20,0.3,0.5,N-be75eec_150,3482828,3464984,54.562149,
memetic,first,"['transpose', 'exchange', 'insert']",3,10,1,10,20,0.3,0.5,N-be75eec_150,3482828,3465123,55.874428,
memetic,first,"['transpose', 'exchange', 'insert']",3,10,1,10,20,0.3,0.5,N-be75eec_150,3482828,3465168,57.176033,
memetic,first,"['transpose', 'exchange', 'insert']",3,10,1,10,20,0.3,0.5,N-be75eec_150,3482828,3465171,57.760586,
memetic,first,"['transpose', 'exchange', 'insert']",3,10,1,10,20,0.3,0.5,N-be75eec_150,3482828,3465300,60.415222,
memetic,first,"['transpose', 'exchange', 'insert']",3,10,1,10,20,0.3,0.5,N-be75eec_150,3482828,3465359,60.886044,
memetic,first,"['transpose', 'exchange', 'insert']",3,10,1,10,20,0.3,0.5,N-be75eec_150,3482828,3465360,60.940636,
memetic,first,"['transpose', 'exchange', 'insert']",3,10,1,10,20,0.3,0.5,N-be75eec_150,3482828,3465482,103.78643,
memetic,first,"['transpose', 'exchange', 'insert']",3,10,1,10,20,0.3,0.5,N-be75eec_150,3482828,3465588,107.912292,
memetic,first,"['transpose', 'exchange', 'insert']",3,10,1,10,20,0.3,0.5,N-be75eec_150,3482828,3465653,108.086037,
memetic,first,"['transpose', 'exchange', 'insert']",3,10,1,10,20,0.3,0.5,N-be75eec_150,3482828,3465667,109.305191,
memetic,first,"['transpose', 'exchange', 'insert']",3,10,1,10,20,0.3,0.5,N-be75eec_150,3482828,3465923,109.611862,
memetic,first,"['transpose', 'exchange', 'insert']",3,10,1,10,20,0.3,0.5,N-be75eec_150,3482828,3465928,110.402641,
memetic,first,"['transpose', 'exchange', 'insert']",3,10,1,10,20,0.3,0.5,N-be75eec_150,3482828,3466065,110.482834,
memetic,first,"['transpose', 'exchange', 'insert']",3,10,1,10,20,0.3,0.5,N-be75eec_150,3482828,3466067,110.701859,
memetic,first,"['transpose', 'exchange', 'insert']",3,10,1,10,20,0.3,0.5,N-be75eec_150,3482828,3466150,110.826347,
memetic,first,"['transpose', 'exchange', 'insert']",3,10,1,10,20,0.3,0.5,N-be75eec_150,3482828,3466236,111.38398,
memetic,first,"['transpose', 'exchange', 'insert']",3,10,1,10,20,0.3,0.5,N-be75eec_150,3482828,3466339,111.71965,
memetic,first,"['transpose', 'exchange', 'insert']",3,10,1,10,20,0.3,0.5,N-be75eec_150,3482828,3466544,111.806671,
memetic,first,"['transpose', 'exchange', 'insert']",3,10,1,10,20,0.3,0.5,N-be75eec_150,3482828,3466596,112.074356,
memetic,first,"['transpose', 'exchange', 'insert']",3,10,1,10,20,0.3,0.5,N-be75eec_150,3482828,3466626,112.523705,
memetic,first,"['transpose', 'exchange', 'insert']",3,10,1,10,20,0.3,0.5,N-be75eec_150,3482828,3466870,147.859726,
memetic,first,"['transpose', 'exchange', 'insert']",3,10,1,10,20,0.3,0.5,N-be75eec_150,3482828,3467030,148.020004,
memetic,first,"['transpose', 'exchange', 'insert']",3,10,1,10,20,0.3,0.5,N-be75eec_150,3482828,3467250,148.235275,
memetic,first,"['transpose', 'exchange', 'insert']",3,10,1,10,20,0.3,0.5,N-be75eec_150,3482828,3467367,148.709732,
memetic,first,"['transpose', 'exchange', 'insert']",3,10,1,10,20,0.3,0.5,N-be75eec_150,3482828,3467464,148.921967,
memetic,first,"['transpose', 'exchange', 'insert']",3,10,1,10,20,0.3,0.5,N-be75eec_150,3482828,3467480,148.988998,
memetic,first,"['transpose', 'exchange', 'insert']",3,10,1,10,20,0.3,0.5,N-be75eec_150,3482828,3467482,149.898834,
memetic,first,"['transpose', 'exchange', 'insert']",3,10,1,10,20,0.3,0.5,N-be75eec_150,3482828,3467534,150.243011,
memetic,first,"['transpose', 'exchange', 'insert']",3,10,1,10,20,0.3,0.5,N-be75eec_150,3482828,3467537,152.341309,
memetic,first,"['transpose', 'exchange', 'insert']",3,10,1,10,20,0.3,0.5,N-be75eec_150,3482828,3467540,152.487442,
memetic,first,"['transpose', 'exchange', 'insert']",3,10,1,10,20,0.3,0.5,N-be75eec_150,3482828,3467592,152.869263,
memetic,first,"['transpose', 'exchange', 'insert']",3,10,1,10,20,0.3,0.5,N-be75eec_150,3482828,3467599,180.936981,
memetic,first,"['transpose', 'exchange', 'insert']",3,10,1,10,20,0.3,0.5,N-be75eec_150,3482828,3467599,262.796356,
memetic,best,['exchange'],3,10,0,10,20,0.1,0.5,N-be75eec_150,3482828,3400262,0.26182,
memetic,best,['exchange'],3,10,0,10,20,0.1,0.5,N-be75eec_150,3482828,3402720,0.97693,
memetic,best,['exchange'],3,10,0,10,20,0.1,0.5,N-be75eec_150,3482828,3418076,1.267222,
memetic,best,['exchange'],3,10,0,10,20,0.1,0.5,N-be75eec_150,3482828,3418954,1.920145,
memetic,best,['exchange'],3,10,0,10,20,0.1,0.5,N-be75eec_150,3482828,3421687,2.809507,
memetic,best,['exchange'],3,10,0,10,20,0.1,0.5,N-be75eec_150,3482828,3423201,3.641526,
memetic,best,['exchange'],3,10,0,10,20,0.1,0.5,N-be75eec_150,3482828,3423345,4.261373,
memetic,best,['exchange'],3,10,0,10,20,0.1,0.5,N-be75eec_150,3482828,3424189,4.444238,
memetic,best,['exchange'],3,10,0,10,20,0.1,0.5,N-be75eec_150,3482828,3429626,4.659005,
memetic,best,['exchange'],3,10,0,10,20,0.1,0.5,N-be75eec_150,3482828,3429696,6.208421,
memetic,best,['exchange'],3,10,0,10,20,0.1,0.5,N-be75eec_150,3482828,3430690,7.13456,
memetic,best,['exchange'],3,10,0,10,20,0.1,0.5,N-be75eec_150,3482828,3434994,7.674391,
memetic,best,['exchange'],3,10,0,10,20,0.1,0.5,N-be75eec_150,3482828,3436085,7.867027,
memetic,best,['exchange'],3,10,0,10,20,0.1,0.5,N-be75eec_150,3482828,3436310,8.041798,
memetic,best,['exchange'],3,10,0,10,20,0.1,0.5,N-be75eec_150,3482828,3438139,8.249593,
memetic,best,['exchange'],3,10,0,10,20,0.1,0.5,N-be75eec_150,3482828,3438924,8.853395,
memetic,best,['exchange'],3,10,0,10,20,0.1,0.5,N-be75eec_150,3482828,3439876,9.042285,
memetic,best,['exchange'],3,10,0,10,20,0.1,0.5,N-be75eec_150,3482828,3442350,9.270522,
memetic,best,['exchange'],3,10,0,10,20,0.1,0.5,N-be75eec_150,3482828,3442905,9.886372,
memetic,best,['exchange'],3,10,0,10,20,0.1,0.5,N-be75eec_150,3482828,3444540,10.121972,
memetic,best,['exchange'],3,10,0,10,20,0.1,0.5,N-be75eec_150,3482828,3446274,10.927775,
memetic,best,['exchange'],3,10,0,10,20,0.1,0.5,N-be75eec_150,3482828,3447297,11.44714,
memetic,best,['exchange'],3,10,0,10,20,0.1,0.5,N-be75eec_150,3482828,3449658,11.82836,
memetic,best,['exchange'],3,10,0,10,20,0.1,0.5,N-be75eec_150,3482828,3450865,12.736548,
memetic,best,['exchange'],3,10,0,10,20,0.1,0.5,N-be75eec_150,3482828,3450884,13.422356,
memetic,best,['exchange'],3,10,0,10,20,0.1,0.5,N-be75eec_150,3482828,3451105,13.574291,
memetic,best,['exchange'],3,10,0,10,20,0.1,0.5,N-be75eec_150,3482828,3451142,15.318589,
memetic,best,['exchange'],3,10,0,10,20,0.1,0.5,N-be75eec_150,3482828,3451326,15.480309,
memetic,best,['exchange'],3,10,0,10,20,0.1,0.5,N-be75eec_150,3482828,3451421,17.022848,
memetic,best,['exchange'],3,10,0,10,20,0.1,0.5,N-be75eec_150,3482828,3451496,18.709118,
memetic,best,['exchange'],3,10,0,10,20,0.1,0.5,N-be75eec_150,3482828,3451506,19.063618,
memetic,best,['exchange'],3,10,0,10,20,0.1,0.5,N-be75eec_150,3482828,3451991,19.579781,
memetic,best,['exchange'],3,10,0,10,20,0.1,0.5,N-be75eec_150,3482828,3452293,20.078697,
memetic,best,['exchange'],3,10,0,10,20,0.1,0.5,N-be75eec_150,3482828,3452383,20.248724,
memetic,best,['exchange'],3,10,0,10,20,0.1,0.5,N-be75eec_150,3482828,3452657,20.601377,
memetic,best,['exchange'],3,10,0,10,20,0.1,0.5,N-be75eec_150,3482828,3452797,22.656624,
memetic,best,['exchange'],3,10,0,10,20,0.1,0.5,N-be75eec_150,3482828,3452948,22.820818,
memetic,best,['exchange'],3,10,0,10,20,0.1,0.5,N-be75eec_150,3482828,3454679,23.596483,
memetic,best,['exchange'],3,10,0,10,20,0.1,0.5,N-be75eec_150,3482828,3454850,23.763081,
memetic,best,['exchange'],3,10,0,10,20,0.1,0.5,N-be75eec_150,3482828,3455201,24.279362,
memetic,best,['exchange'],3,10,0,10,20,0.1,0.5,N-be75eec_150,3482828,3455241,26.609291,
memetic,best,['exchange'],3,10,0,10,20,0.1,0.5,N-be75eec_150,3482828,3455345,27.088394,
memetic,best,['exchange'],3,10,0,10,20,0.1,0.5,N-be75eec_150,3482828,3455383,27.638313,
memetic,best,['exchange'],3,10,0,10,20,0.1,0.5,N-be75eec_150,3482828,3455505,28.172468,
memetic,best,['exchange'],3,10,0,10,20,0.1,0.5,N-be75eec_150,3482828,3455823,29.061401,
memetic,best,['exchange'],3,10,0,10,20,0.1,0.5,N-be75eec_150,3482828,3455826,30.181709,
memetic,best,['exchange'],3,10,0,10,20,0.1,0.5,N-be75eec_150,3482828,3455835,30.890617,
memetic,best,['exchange'],3,10,0,10,20,0.1,0.5,N-be75eec_150,3482828,3456128,31.838945,
memetic,best,['exchange'],3,10,0,10,20,0.1,0.5,N-be75eec_150,3482828,3456197,33.649605,
memetic,best,['exchange'],3,10,0,10,20,0.1,0.5,N-be75eec_150,3482828,3457113,34.143288,
memetic,best,['exchange'],3,10,0,10,20,0.1,0.5,N-be75eec_150,3482828,3457273,36.441345,
memetic,best,['exchange'],3,10,0,10,20,0.1,0.5,N-be75eec_150,3482828,3457749,36.837791,
memetic,best,['exchange'],3,10,0,10,20,0.1,0.5,N-be75eec_150,3482828,3457877,37.543449,
memetic,best,['exchange'],3,10,0,10,20,0.1,0.5,N-be75eec_150,3482828,3457972,37.855347,
memetic,best,['exchange'],3,10,0,10,20,0.1,0.5,N-be75eec_150,3482828,3458034,39.725601,
memetic,best,['exchange'],3,10,0,10,20,0.1,0.5,N-be75eec_150,3482828,3458347,43.488163,
memetic,best,['exchange'],3,10,0,10,20,0.1,0.5,N-be75eec_150,3482828,3458352,49.462078,
memetic,best,['exchange'],3,10,0,10,20,0.1,0.5,N-be75eec_150,3482828,3459516,50.019848,
memetic,best,['exchange'],3,10,0,10,20,0.1,0.5,N-be75eec_150,3482828,3459540,50.205959,
memetic,best,['exchange'],3,10,0,10,20,0.1,0.5,N-be75eec_150,3482828,3459588,51.37606,
memetic,best,['exchange'],3,10,0,10,20,0.1,0.5,N-be75eec_150,3482828,3459745,54.328026,
memetic,best,['exchange'],3,10,0,10,20,0.1,0.5,N-be75eec_150,3482828,3459869,54.496281,
memetic,best,['exchange'],3,10,0,10,20,0.1,0.5,N-be75eec_150,3482828,3460014,57.395073,
memetic,best,['exchange'],3,10,0,10,20,0.1,0.5,N-be75eec_150,3482828,3460057,58.112,
memetic,best,['exchange'],3,10,0,10,20,0.1,0.5,N-be75eec_150,3482828,3460374,61.73637,
memetic,best,['exchange'],3,10,0,10,20,0.1,0.5,N-be75eec_150,3482828,3460384,65.833153,
memetic,best,['exchange'],3,10,0,10,20,0.1,0.5,N-be75eec_150,3482828,3460398,66.328743,
memetic,best,['exchange'],3,10,0,10,20,0.1,0.5,N-be75eec_150,3482828,3460413,67.464012,
memetic,best,['exchange'],3,10,0,10,20,0.1,0.5,N-be75eec_150,3482828,3460443,69.075714,
memetic,best,['exchange'],3,10,0,10,20,0.1,0.5,N-be75eec_150,3482828,3460475,75.716263,
memetic,best,['exchange'],3,10,0,10,20,0.1,0.5,N-be75eec_150,3482828,3460482,78.388451,
memetic,best,['exchange'],3,10,0,10,20,0.1,0.5,N-be75eec_150,3482828,3460488,80.15451,
memetic,best,['exchange'],3,10,0,10,20,0.1,0.5,N-be75eec_150,3482828,3460528,81.828865,
memetic,best,['exchange'],3,10,0,10,20,0.1,0.5,N-be75eec_150,3482828,3460545,87.684982,
memetic,best,['exchange'],3,10,0,10,20,0.1,0.5,N-be75eec_150,3482828,3460745,88.413216,
memetic,best,['exchange'],3,10,0,10,20,0.1,0.5,N-be75eec_150,3482828,3460769,102.203316,
memetic,best,['exchange'],3,10,0,10,20,0.1,0.5,N-be75eec_150,3482828,3460783,106.67588,
memetic,best,['exchange'],3,10,0,10,20,0.1,0.5,N-be75eec_150,3482828,3460845,107.063667,
memetic,best,['exchange'],3,10,0,10,20,0.1,0.5,N-be75eec_150,3482828,3460859,109.638412,
memetic,best,['exchange'],3,10,0,10,20,0.1,0.5,N-be75eec_150,3482828,3460867,111.416008,
memetic,best,['exchange'],3,10,0,10,20,0.1,0.5,N-be75eec_150,3482828,3460876,116.261513,
memetic,best,['exchange'],3,10,0,10,20,0.1,0.5,N-be75eec_150,3482828,3460884,117.880035,
memetic,best,['exchange'],3,10,0,10,20,0.1,0.5,N-be75eec_150,3482828,3460938,120.728714,
memetic,best,['exchange'],3,10,0,10,20,0.1,0.5,N-be75eec_150,3482828,3461051,121.289261,
memetic,best,['exchange'],3,10,0,10,20,0.1,0.5,N-be75eec_150,3482828,3461068,126.621498,
memetic,best,['exchange'],3,10,0,10,20,0.1,0.5,N-be75eec_150,3482828,3461101,128.995117,
memetic,best,['exchange'],3,10,0,10,20,0.1,0.5,N-be75eec_150,3482828,3461108,135.047501,
memetic,best,['exchange'],3,10,0,10,20,0.1,0.5,N-be75eec_150,3482828,3461114,135.769974,
memetic,best,['exchange'],3,10,0,10,20,0.1,0.5,N-be75eec_150,3482828,3461118,135.959824,
memetic,best,['exchange'],3,10,0,10,20,0.1,0.5,N-be75eec_150,3482828,3461144,138.404846,
memetic,best,['exchange'],3,10,0,10,20,0.1,0.5,N-be75eec_150,3482828,3461185,139.630997,
memetic,best,['exchange'],3,10,0,10,20,0.1,0.5,N-be75eec_150,3482828,3461215,143.386658,
memetic,best,['exchange'],3,10,0,10,20,0.1,0.5,N-be75eec_150,3482828,3461224,144.890976,
memetic,best,['exchange'],3,10,0,10,20,0.1,0.5,N-be75eec_150,3482828,3461225,145.969711,
memetic,best,['exchange'],3,10,0,10,20,0.1,0.5,N-be75eec_150,3482828,3461231,150.469559,
memetic,best,['exchange'],3,10,0,10,20,0.1,0.5,N-be75eec_150,3482828,3461281,155.843048,
memetic,best,['exchange'],3,10,0,10,20,0.1,0.5,N-be75eec_150,3482828,3461303,162.954803,
memetic,best,['exchange'],3,10,0,10,20,0.1,0.5,N-be75eec_150,3482828,3461323,179.620117,
memetic,best,['exchange'],3,10,0,10,20,0.1,0.5,N-be75eec_150,3482828,3461328,196.305237,
memetic,best,['exchange'],3,10,0,10,20,0.1,0.5,N-be75eec_150,3482828,3461344,199.072021,
memetic,best,['exchange'],3,10,0,10,20,0.1,0.5,N-be75eec_150,3482828,3461353,204.002914,
memetic,best,['exchange'],3,10,0,10,20,0.1,0.5,N-be75eec_150,3482828,3461353,256.624542,
memetic,best,['exchange'],3,10,0,10,20,0.3,0.5,N-be75eec_150,3482828,3403035,0.61121,
memetic,best,['exchange'],3,10,0,10,20,0.3,0.5,N-be75eec_150,3482828,3407505,1.247707,
memetic,best,['exchange'],3,10,0,10,20,0.3,0.5,N-be75eec_150,3482828,3420620,2.409639,
memetic,best,['exchange'],3,10,0,10,20,0.3,0.5,N-be75eec_150,3482828,3427649,5.891309,
memetic,best,['exchange'],3,10,0,10,20,0.3,0.5,N-be75eec_150,3482828,3428408,6.427371,
memetic,best,['exchange'],3,10,0,10,20,0.3,0.5,N-be75eec_150,3482828,3441089,7.55653,
memetic,best,['exchange'],3,10,0,10,20,0.3,0.5,N-be75eec_150,3482828,3443674,11.007178,
memetic,best,['exchange'],3,10,0,10,20,0.3,0.5,N-be75eec_150,3482828,3446802,15.268762,
memetic,best,['exchange'],3,10,0,10,20,0.3,0.5,N-be75eec_150,3482828,3448938,24.625072,
memetic,best,['exchange'],3,10,0,10,20,0.3,0.5,N-be75eec_150,3482828,3450305,42.064487,
memetic,best,['exchange'],3,10,0,10,20,0.3,0.5,N-be75eec_150,3482828,3454084,54.578411,
memetic,best,['exchange'],3,10,0,10,20,0.3,0.5,N-be75eec_150,3482828,3454114,98.678909,
memetic,best,['exchange'],3,10,0,10,20,0.3,0.5,N-be75eec_150,3482828,3454126,156.396698,
memetic,best,['exchange'],3,10,0,10,20,0.3,0.5,N-be75eec_150,3482828,3455598,167.636856,
memetic,best,['exchange'],3,10,0,10,20,0.3,0.5,N-be75eec_150,3482828,3457546,234.115768,
memetic,best,['exchange'],3,10,0,10,20,0.3,0.5,N-be75eec_150,3482828,3457865,246.415207,
memetic,best,['exchange'],3,10,0,10,20,0.3,0.5,N-be75eec_150,3482828,3458944,279.455292,
memetic,best,['exchange'],3,10,0,10,20,0.3,0.5,N-be75eec_150,3482828,3460120,288.441833,
memetic,best,['exchange'],3,10,0,10,20,0.3,0.5,N-be75eec_150,3482828,3461013,303.940765,
memetic,best,['exchange'],3,10,0,10,20,0.3,0.5,N-be75eec_150,3482828,3462459,310.484894,
memetic,best,['exchange'],3,10,0,10,20,0.3,0.5,N-be75eec_150,3482828,3463367,354.080231,
memetic,best,['exchange'],3,10,0,10,20,0.3,0.5,N-be75eec_150,3482828,3464618,494.802673,
memetic,best,['exchange'],3,10,0,10,20,0.3,0.5,N-be75eec_150,3482828,3467728,562.154419,
memetic,best,['exchange'],3,10,0,10,20,0.3,0.5,N-be75eec_150,3482828,3467919,838.456726,
memetic,best,['exchange'],3,10,0,10,20,0.3,0.5,N-be75eec_150,3482828,3467919,1056.856812,
memetic,best,['exchange'],3,10,0.5,10,20,0.1,0.5,N-be75eec_150,3482828,3403858,0.359706,
memetic,best,['exchange'],3,10,0.5,10,20,0.1,0.5,N-be75eec_150,3482828,3405804,0.739309,
memetic,best,['exchange'],3,10,0.5,10,20,0.1,0.5,N-be75eec_150,3482828,3407579,1.120331,
memetic,best,['exchange'],3,10,0.5,10,20,0.1,0.5,N-be75eec_150,3482828,3409298,1.492015,
memetic,best,['exchange'],3,10,0.5,10,20,0.1,0.5,N-be75eec_150,3482828,3410033,1.88359,
memetic,best,['exchange'],3,10,0.5,10,20,0.1,0.5,N-be75eec_150,3482828,3411142,2.436529,
memetic,best,['exchange'],3,10,0.5,10,20,0.1,0.5,N-be75eec_150,3482828,3417290,2.798072,
memetic,best,['exchange'],3,10,0.5,10,20,0.1,0.5,N-be75eec_150,3482828,3423598,3.477646,
memetic,best,['exchange'],3,10,0.5,10,20,0.1,0.5,N-be75eec_150,3482828,3425977,4.34577,
memetic,best,['exchange'],3,10,0.5,10,20,0.1,0.5,N-be75eec_150,3482828,3426967,4.64582,
memetic,best,['exchange'],3,10,0.5,10,20,0.1,0.5,N-be75eec_150,3482828,3427364,4.929038,
memetic,best,['exchange'],3,10,0.5,10,20,0.1,0.5,N-be75eec_150,3482828,3430062,5.234322,
memetic,best,['exchange'],3,10,0.5,10,20,0.1,0.5,N-be75eec_150,3482828,3431855,5.538916,
memetic,best,['exchange'],3,10,0.5,10,20,0.1,0.5,N-be75eec_150,3482828,3433232,5.844285,
memetic,best,['exchange'],3,10,0.5,10,20,0.1,0.5,N-be75eec_150,3482828,3434847,6.112538,
memetic,best,['exchange'],3,10,0.5,10,20,0.1,0.5,N-be75eec_150,3482828,3437948,6.432135,
memetic,best,['exchange'],3,10,0.5,10,20,0.1,0.5,N-be75eec_150,3482828,3438725,8.502875,
memetic,best,['exchange'],3,10,0.5,10,20,0.1,0.5,N-be75eec_150,3482828,3439032,8.729941,
memetic,best,['exchange'],3,10,0.5,10,20,0.1,0.5,N-be75eec_150,3482828,3439456,8.918445,
memetic,best,['exchange'],3,10,0.5,10,20,0.1,0.5,N-be75eec_150,3482828,3440000,9.752275,
memetic,best,['exchange'],3,10,0.5,10,20,0.1,0.5,N-be75eec_150,3482828,3440169,9.934562,
memetic,best,['exchange'],3,10,0.5,10,20,0.1,0.5,N-be75eec_150,3482828,3440414,10.107359,
memetic,best,['exchange'],3,10,0.5,10,20,0.1,0.5,N-be75eec_150,3482828,3441075,10.299611,
memetic,best,['exchange'],3,10,0.5,10,20,0.1,0.5,N-be75eec_150,3482828,3442854,10.689314,
memetic,best,['exchange'],3,10,0.5,10,20,0.1,0.5,N-be75eec_150,3482828,3443190,11.841155,
memetic,best,['exchange'],3,10,0.5,10,20,0.1,0.5,N-be75eec_150,3482828,3443924,12.661664,
memetic,best,['exchange'],3,10,0.5,10,20,0.1,0.5,N-be75eec_150,3482828,3444933,13.507984,
memetic,best,['exchange'],3,10,0.5,10,20,0.1,0.5,N-be75eec_150,3482828,3447307,13.706906,
memetic,best,['exchange'],3,10,0.5,10,20,0.1,0.5,N-be75eec_150,3482828,3447919,14.737887,
memetic,best,['exchange'],3,10,0.5,10,20,0.1,0.5,N-be75eec_150,3482828,3448380,15.61466,
memetic,best,['exchange'],3,10,0.5,10,20,0.1,0.5,N-be75eec_150,3482828,3448762,16.000351,
memetic,best,['exchange'],3,10,0.5,10,20,0.1,0.5,N-be75eec_150,3482828,3448822,16.308641,
memetic,best,['exchange'],3,10,0.5,10,20,0.1,0.5,N-be75eec_150,3482828,3449433,16.812687,
memetic,best,['exchange'],3,10,0.5,10,20,0.1,0.5,N-be75eec_150,3482828,3449498,19.445639,
memetic,best,['exchange'],3,10,0.5,10,20,0.1,0.5,N-be75eec_150,3482828,3450242,19.587919,
memetic,best,['exchange'],3,10,0.5,10,20,0.1,0.5,N-be75eec_150,3482828,3450685,21.46085,
memetic,best,['exchange'],3,10,0.5,10,20,0.1,0.5,N-be75eec_150,3482828,3450752,23.568838,
memetic,best,['exchange'],3,10,0.5,10,20,0.1,0.5,N-be75eec_150,3482828,3450917,24.081059,
memetic,best,['exchange'],3,10,0.5,10,20,0.1,0.5,N-be75eec_150,3482828,3450989,25.047918,
memetic,best,['exchange'],3,10,0.5,10,20,0.1,0.5,N-be75eec_150,3482828,3450990,26.049435,
memetic,best,['exchange'],3,10,0.5,10,20,0.1,0.5,N-be75eec_150,3482828,3451030,26.142519,
memetic,best,['exchange'],3,10,0.5,10,20,0.1,0.5,N-be75eec_150,3482828,3451050,26.434147,
memetic,best,['exchange'],3,10,0.5,10,20,0.1,0.5,N-be75eec_150,3482828,3451063,26.557825,
memetic,best,['exchange'],3,10,0.5,10,20,0.1,0.5,N-be75eec_150,3482828,3451079,26.669329,
memetic,best,['exchange'],3,10,0.5,10,20,0.1,0.5,N-be75eec_150,3482828,3451113,26.797836,
memetic,best,['exchange'],3,10,0.5,10,20,0.1,0.5,N-be75eec_150,3482828,3451120,26.976404,
memetic,best,['exchange'],3,10,0.5,10,20,0.1,0.5,N-be75eec_150,3482828,3451188,27.242859,
memetic,best,['exchange'],3,10,0.5,10,20,0.1,0.5,N-be75eec_150,3482828,3451202,27.64572,
memetic,best,['exchange'],3,10,0.5,10,20,0.1,0.5,N-be75eec_150,3482828,3451276,28.101072,
memetic,best,['exchange'],3,10,0.5,10,20,0.1,0.5,N-be75eec_150,3482828,3451320,28.61005,
memetic,best,['exchange'],3,10,0.5,10,20,0.1,0.5,N-be75eec_150,3482828,3451458,29.164124,
memetic,best,['exchange'],3,10,0.5,10,20,0.1,0.5,N-be75eec_150,3482828,3451507,29.859344,
memetic,best,['exchange'],3,10,0.5,10,20,0.1,0.5,N-be75eec_150,3482828,3451575,29.980764,
memetic,best,['exchange'],3,10,0.5,10,20,0.1,0.5,N-be75eec_150,3482828,3451815,30.428961,
memetic,best,['exchange'],3,10,0.5,10,20,0.1,0.5,N-be75eec_150,3482828,3451887,30.690866,
memetic,best,['exchange'],3,10,0.5,10,20,0.1,0.5,N-be75eec_150,3482828,3451997,30.828869,
memetic,best,['exchange'],3,10,0.5,10,20,0.1,0.5,N-be75eec_150,3482828,3452054,33.833668,
memetic,best,['exchange'],3,10,0.5,10,20,0.1,0.5,N-be75eec_150,3482828,3452130,34.175442,
memetic,best,['exchange'],3,10,0.5,10,20,0.1,0.5,N-be75eec_150,3482828,3452169,36.001797,
memetic,best,['exchange'],3,10,0.5,10,20,0.1,0.5,N-be75eec_150,3482828,3452276,36.094624,
memetic,best,['exchange'],3,10,0.5,10,20,0.1,0.5,N-be75eec_150,3482828,3452288,36.351105,
memetic,best,['exchange'],3,10,0.5,10,20,0.1,0.5,N-be75eec_150,3482828,3452300,36.452988,
memetic,best,['exchange'],3,10,0.5,10,20,0.1,0.5,N-be75eec_150,3482828,3452347,36.784363,
memetic,best,['exchange'],3,10,0.5,10,20,0.1,0.5,N-be75eec_150,3482828,3452370,40.606182,
memetic,best,['exchange'],3,10,0.5,10,20,0.1,0.5,N-be75eec_150,3482828,3452389,41.479698,
memetic,best,['exchange'],3,10,0.5,10,20,0.1,0.5,N-be75eec_150,3482828,3452592,49.78714,
memetic,best,['exchange'],3,10,0.5,10,20,0.1,0.5,N-be75eec_150,3482828,3452728,51.116379,
memetic,best,['exchange'],3,10,0.5,10,20,0.1,0.5,N-be75eec_150,3482828,3452729,52.5639,
memetic,best,['exchange'],3,10,0.5,10,20,0.1,0.5,N-be75eec_150,3482828,3452750,53.472427,
memetic,best,['exchange'],3,10,0.5,10,20,0.1,0.5,N-be75eec_150,3482828,3452755,55.200237,
memetic,best,['exchange'],3,10,0.5,10,20,0.1,0.5,N-be75eec_150,3482828,3453354,55.586552,
memetic,best,['exchange'],3,10,0.5,10,20,0.1,0.5,N-be75eec_150,3482828,3453501,55.681942,
memetic,best,['exchange'],3,10,0.5,10,20,0.1,0.5,N-be75eec_150,3482828,3453624,55.799969,
memetic,best,['exchange'],3,10,0.5,10,20,0.1,0.5,N-be75eec_150,3482828,3453626,57.243076,
memetic,best,['exchange'],3,10,0.5,10,20,0.1,0.5,N-be75eec_150,3482828,3453743,57.338737,
memetic,best,['exchange'],3,10,0.5,10,20,0.1,0.5,N-be75eec_150,3482828,3453745,57.70089,
memetic,best,['exchange'],3,10,0.5,10,20,0.1,0.5,N-be75eec_150,3482828,3453869,58.552452,
memetic,best,['exchange'],3,10,0.5,10,20,0.1,0.5,N-be75eec_150,3482828,3453871,70.370445,
memetic,best,['exchange'],3,10,0.5,10,20,0.1,0.5,N-be75eec_150,3482828,3453901,71.105682,
memetic,best,['exchange'],3,10,0.5,10,20,0.1,0.5,N-be75eec_150,3482828,3453948,71.517754,
memetic,best,['exchange'],3,10,0.5,10,20,0.1,0.5,N-be75eec_150,3482828,3453955,71.772552,
memetic,best,['exchange'],3,10,0.5,10,20,0.1,0.5,N-be75eec_150,3482828,3453959,71.865768,
memetic,best,['exchange'],3,10,0.5,10,20,0.1,0.5,N-be75eec_150,3482828,3454021,72.118637,
memetic,best,['exchange'],3,10,0.5,10,20,0.1,0.5,N-be75eec_150,3482828,3454098,72.205734,
memetic,best,['exchange'],3,10,0.5,10,20,0.1,0.5,N-be75eec_150,3482828,3454193,72.431999,
memetic,best,['exchange'],3,10,0.5,10,20,0.1,0.5,N-be75eec_150,3482828,3454212,73.478645,
memetic,best,['exchange'],3,10,0.5,10,20,0.1,0.5,N-be75eec_150,3482828,3454213,74.481354,
memetic,best,['exchange'],3,10,0.5,10,20,0.1,0.5,N-be75eec_150,3482828,3454224,75.031914,
memetic,best,['exchange'],3,10,0.5,10,20,0.1,0.5,N-be75eec_150,3482828,3454225,76.054024,
memetic,best,['exchange'],3,10,0.5,10,20,0.1,0.5,N-be75eec_150,3482828,3454227,76.269943,
memetic,best,['exchange'],3,10,0.5,10,20,0.1,0.5,N-be75eec_150,3482828,3454228,76.736221,
memetic,best,['exchange'],3,10,0.5,10,20,0.1,0.5,N-be75eec_150,3482828,3454230,77.047874,
memetic,best,['exchange'],3,10,0.5,10,20,0.1,0.5,N-be75eec_150,3482828,3454232,78.703941,
memetic,best,['exchange'],3,10,0.5,10,20,0.1,0.5,N-be75eec_150,3482828,3454266,91.682518,
memetic,best,['exchange'],3,10,0.5,10,20,0.1,0.5,N-be75eec_150,3482828,3454339,92.308319,
memetic,best,['exchange'],3,10,0.5,10,20,0.1,0.5,N-be75eec_150,3482828,3454438,94.419151,
memetic,best,['exchange'],3,10,0.5,10,20,0.1,0.5,N-be75eec_150,3482828,3454440,95.552917,
memetic,best,['exchange'],3,10,0.5,10,20,0.1,0.5,N-be75eec_150,3482828,3454455,95.89325,
memetic,best,['exchange'],3,10,0.5,10,20,0.1,0.5,N-be75eec_150,3482828,3454473,96.013916,
memetic,best,['exchange'],3,10,0.5,10,20,0.1,0.5,N-be75eec_150,3482828,3454531,96.32177,
memetic,best,['exchange'],3,10,0.5,10,20,0.1,0.5,N-be75eec_150,3482828,3454533,96.859306,
memetic,best,['exchange'],3,10,0.5,10,20,0.1,0.5,N-be75eec_150,3482828,3454537,97.278587,
memetic,best,['exchange'],3,10,0.5,10,20,0.1,0.5,N-be75eec_150,3482828,3454539,97.836594,
memetic,best,['exchange'],3,10,0.5,10,20,0.1,0.5,N-be75eec_150,3482828,3454546,100.734695,
memetic,best,['exchange'],3,10,0.5,10,20,0.1,0.5,N-be75eec_150,3482828,3454546,128.525055,
memetic,best,['exchange'],3,10,0.5,10,20,0.3,0.5,N-be75eec_150,3482828,3400262,0.52722,
memetic,best,['exchange'],3,10,0.5,10,20,0.3,0.5,N-be75eec_150,3482828,3409631,1.5174,
memetic,best,['exchange'],3,10,0.5,10,20,0.3,0.5,N-be75eec_150,3482828,3410250,2.517942,
memetic,best,['exchange'],3,10,0.5,10,20,0.3,0.5,N-be75eec_150,3482828,3417960,3.032545,
memetic,best,['exchange'],3,10,0.5,10,20,0.3,0.5,N-be75eec_150,3482828,3425804,3.568313,
memetic,best,['exchange'],3,10,0.5,10,20,0.3,0.5,N-be75eec_150,3482828,3429039,5.54208,
memetic,best,['exchange'],3,10,0.5,10,20,0.3,0.5,N-be75eec_150,3482828,3430171,5.996488,
memetic,best,['exchange'],3,10,0.5,10,20,0.3,0.5,N-be75eec_150,3482828,3430333,7.403715,
memetic,best,['exchange'],3,10,0.5,10,20,0.3,0.5,N-be75eec_150,3482828,3437360,7.877891,
memetic,best,['exchange'],3,10,0.5,10,20,0.3,0.5,N-be75eec_150,3482828,3438721,10.110204,
memetic,best,['exchange'],3,10,0.5,10,20,0.3,0.5,N-be75eec_150,3482828,3439354,12.381299,
memetic,best,['exchange'],3,10,0.5,10,20,0.3,0.5,N-be75eec_150,3482828,3440079,13.641488,
memetic,best,['exchange'],3,10,0.5,10,20,0.3,0.5,N-be75eec_150,3482828,3440582,14.444385,
memetic,best,['exchange'],3,10,0.5,10,20,0.3,0.5,N-be75eec_150,3482828,3442428,15.243705,
memetic,best,['exchange'],3,10,0.5,10,20,0.3,0.5,N-be75eec_150,3482828,3443183,16.039307,
memetic,best,['exchange'],3,10,0.5,10,20,0.3,0.5,N-be75eec_150,3482828,3443318,16.874878,
memetic,best,['exchange'],3,10,0.5,10,20,0.3,0.5,N-be75eec_150,3482828,3443493,18.525637,
memetic,best,['exchange'],3,10,0.5,10,20,0.3,0.5,N-be75eec_150,3482828,3444503,19.741207,
memetic,best,['exchange'],3,10,0.5,10,20,0.3,0.5,N-be75eec_150,3482828,3445408,20.938986,
memetic,best,['exchange'],3,10,0.5,10,20,0.3,0.5,N-be75eec_150,3482828,3445852,24.986406,
memetic,best,['exchange'],3,10,0.5,10,20,0.3,0.5,N-be75eec_150,3482828,3446017,26.375311,
memetic,best,['exchange'],3,10,0.5,10,20,0.3,0.5,N-be75eec_150,3482828,3446044,26.685577,
memetic,best,['exchange'],3,10,0.5,10,20,0.3,0.5,N-be75eec_150,3482828,3447034,27.738024,
memetic,best,['exchange'],3,10,0.5,10,20,0.3,0.5,N-be75eec_150,3482828,3447365,28.692734,
memetic,best,['exchange'],3,10,0.5,10,20,0.3,0.5,N-be75eec_150,3482828,3447505,29.007273,
memetic,best,['exchange'],3,10,0.5,10,20,0.3,0.5,N-be75eec_150,3482828,3447628,29.354761,
memetic,best,['exchange'],3,10,0.5,10,20,0.3,0.5,N-be75eec_150,3482828,3447958,30.606627,
memetic,best,['exchange'],3,10,0.5,10,20,0.3,0.5,N-be75eec_150,3482828,3447962,32.159916,
memetic,best,['exchange'],3,10,0.5,10,20,0.3,0.5,N-be75eec_150,3482828,3448159,32.484482,
memetic,best,['exchange'],3,10,0.5,10,20,0.3,0.5,N-be75eec_150,3482828,3448487,33.684021,
memetic,best,['exchange'],3,10,0.5,10,20,0.3,0.5,N-be75eec_150,3482828,3448723,33.981354,
memetic,best,['exchange'],3,10,0.5,10,20,0.3,0.5,N-be75eec_150,3482828,3448862,35.180817,
memetic,best,['exchange'],3,10,0.5,10,20,0.3,0.5,N-be75eec_150,3482828,3449125,35.490108,
memetic,best,['exchange'],3,10,0.5,10,20,0.3,0.5,N-be75eec_150,3482828,3449298,37.05286,
memetic,best,['exchange'],3,10,0.5,10,20,0.3,0.5,N-be75eec_150,3482828,3449429,62.96703,
memetic,best,['exchange'],3,10,0.5,10,20,0.3,0.5,N-be75eec_150,3482828,3449484,63.231602,
memetic,best,['exchange'],3,10,0.5,10,20,0.3,0.5,N-be75eec_150,3482828,3449533,64.031685,
memetic,best,['exchange'],3,10,0.5,10,20,0.3,0.5,N-be75eec_150,3482828,3449535,66.99987,
memetic,best,['exchange'],3,10,0.5,10,20,0.3,0.5,N-be75eec_150,3482828,3449540,67.54451,
memetic,best,['exchange'],3,10,0.5,10,20,0.3,0.5,N-be75eec_150,3482828,3449548,68.319847,
memetic,best,['exchange'],3,10,0.5,10,20,0.3,0.5,N-be75eec_150,3482828,3449593,68.841225,
memetic,best,['exchange'],3,10,0.5,10,20,0.3,0.5,N-be75eec_150,3482828,3449620,69.638939,
memetic,best,['exchange'],3,10,0.5,10,20,0.3,0.5,N-be75eec_150,3482828,3449648,71.202362,
memetic,best,['exchange'],3,10,0.5,10,20,0.3,0.5,N-be75eec_150,3482828,3449682,71.975601,
memetic,best,['exchange'],3,10,0.5,10,20,0.3,0.5,N-be75eec_150,3482828,3449689,77.031456,
memetic,best,['exchange'],3,10,0.5,10,20,0.3,0.5,N-be75eec_150,3482828,3450382,82.045982,
memetic,best,['exchange'],3,10,0.5,10,20,0.3,0.5,N-be75eec_150,3482828,3450889,82.31263,
memetic,best,['exchange'],3,10,0.5,10,20,0.3,0.5,N-be75eec_150,3482828,3451021,82.867233,
memetic,best,['exchange'],3,10,0.5,10,20,0.3,0.5,N-be75eec_150,3482828,3451598,83.148926,
memetic,best,['exchange'],3,10,0.5,10,20,0.3,0.5,N-be75eec_150,3482828,3451612,84.290779,
memetic,best,['exchange'],3,10,0.5,10,20,0.3,0.5,N-be75eec_150,3482828,3451668,85.700165,
memetic,best,['exchange'],3,10,0.5,10,20,0.3,0.5,N-be75eec_150,3482828,3451677,88.627144,
memetic,best,['exchange'],3,10,0.5,10,20,0.3,0.5,N-be75eec_150,3482828,3451678,92.85321,
memetic,best,['exchange'],3,10,0.5,10,20,0.3,0.5,N-be75eec_150,3482828,3451682,98.287643,
memetic,best,['exchange'],3,10,0.5,10,20,0.3,0.5,N-be75eec_150,3482828,3452010,99.57132,
memetic,best,['exchange'],3,10,0.5,10,20,0.3,0.5,N-be75eec_150,3482828,3452011,102.50589,
memetic,best,['exchange'],3,10,0.5,10,20,0.3,0.5,N-be75eec_150,3482828,3452037,104.898804,
memetic,best,['exchange'],3,10,0.5,10,20,0.3,0.5,N-be75eec_150,3482828,3452040,106.551003,
memetic,best,['exchange'],3,10,0.5,10,20,0.3,0.5,N-be75eec_150,3482828,3452086,107.351395,
memetic,best,['exchange'],3,10,0.5,10,20,0.3,0.5,N-be75eec_150,3482828,3452317,129.645691,
memetic,best,['exchange'],3,10,0.5,10,20,0.3,0.5,N-be75eec_150,3482828,3452905,131.030853,
memetic,best,['exchange'],3,10,0.5,10,20,0.3,0.5,N-be75eec_150,3482828,3453058,131.38414,
memetic,best,['exchange'],3,10,0.5,10,20,0.3,0.5,N-be75eec_150,3482828,3453681,133.074707,
memetic,best,['exchange'],3,10,0.5,10,20,0.3,0.5,N-be75eec_150,3482828,3453756,136.431839,
memetic,best,['exchange'],3,10,0.5,10,20,0.3,0.5,N-be75eec_150,3482828,3453955,136.772522,
memetic,best,['exchange'],3,10,0.5,10,20,0.3,0.5,N-be75eec_150,3482828,3454026,138.401215,
memetic,best,['exchange'],3,10,0.5,10,20,0.3,0.5,N-be75eec_150,3482828,3454571,138.710938,
memetic,best,['exchange'],3,10,0.5,10,20,0.3,0.5,N-be75eec_150,3482828,3454581,139.364288,
memetic,best,['exchange'],3,10,0.5,10,20,0.3,0.5,N-be75eec_150,3482828,3454631,139.660812,
memetic,best,['exchange'],3,10,0.5,10,20,0.3,0.5,N-be75eec_150,3482828,3454632,141.133072,
memetic,best,['exchange'],3,10,0.5,10,20,0.3,0.5,N-be75eec_150,3482828,3454669,141.398605,
memetic,best,['exchange'],3,10,0.5,10,20,0.3,0.5,N-be75eec_150,3482828,3454685,141.688904,
memetic,best,['exchange'],3,10,0.5,10,20,0.3,0.5,N-be75eec_150,3482828,3454692,142.220337,
memetic,best,['exchange'],3,10,0.5,10,20,0.3,0.5,N-be75eec_150,3482828,3454697,143.536957,
memetic,best,['exchange'],3,10,0.5,10,20,0.3,0.5,N-be75eec_150,3482828,3454734,144.565445,
memetic,best,['exchange'],3,10,0.5,10,20,0.3,0.5,N-be75eec_150,3482828,3454736,146.411713,
memetic,best,['exchange'],3,10,0.5,10,20,0.3,0.5,N-be75eec_150,3482828,3454757,146.67662,
memetic,best,['exchange'],3,10,0.5,10,20,0.3,0.5,N-be75eec_150,3482828,3454764,149.52037,
memetic,best,['exchange'],3,10,0.5,10,20,0.3,0.5,N-be75eec_150,3482828,3454768,176.516022,
memetic,best,['exchange'],3,10,0.5,10,20,0.3,0.5,N-be75eec_150,3482828,3454797,177.374969,
memetic,best,['exchange'],3,10,0.5,10,20,0.3,0.5,N-be75eec_150,3482828,3454913,178.949112,
memetic,best,['exchange'],3,10,0.5,10,20,0.3,0.5,N-be75eec_150,3482828,3454915,179.727463,
memetic,best,['exchange'],3,10,0.5,10,20,0.3,0.5,N-be75eec_150,3482828,3454992,205.153503,
memetic,best,['exchange'],3,10,0.5,10,20,0.3,0.5,N-be75eec_150,3482828,3454993,205.959213,
memetic,best,['exchange'],3,10,0.5,10,20,0.3,0.5,N-be75eec_150,3482828,3454994,259.130157,
memetic,best,['exchange'],3,10,0.5,10,20,0.3,0.5,N-be75eec_150,3482828,3455245,291.628845,
memetic,best,['exchange'],3,10,0.5,10,20,0.3,0.5,N-be75eec_150,3482828,3455621,293.649048,
memetic,best,['exchange'],3,10,0.5,10,20,0.3,0.5,N-be75eec_150,3482828,3456491,295.949738,
memetic,best,['exchange'],3,10,0.5,10,20,0.3,0.5,N-be75eec_150,3482828,3456676,298.625488,
memetic,best,['exchange'],3,10,0.5,10,20,0.3,0.5,N-be75eec_150,3482828,3456922,300.884369,
memetic,best,['exchange'],3,10,0.5,10,20,0.3,0.5,N-be75eec_150,3482828,3457304,301.978058,
memetic,best,['exchange'],3,10,0.5,10,20,0.3,0.5,N-be75eec_150,3482828,3457465,305.318878,
memetic,best,['exchange'],3,10,0.5,10,20,0.3,0.5,N-be75eec_150,3482828,3457557,305.862885,
memetic,best,['exchange'],3,10,0.5,10,20,0.3,0.5,N-be75eec_150,3482828,3457569,312.900635,
memetic,best,['exchange'],3,10,0.5,10,20,0.3,0.5,N-be75eec_150,3482828,3457588,314.025726,
memetic,best,['exchange'],3,10,0.5,10,20,0.3,0.5,N-be75eec_150,3482828,3457970,367.614075,
memetic,best,['exchange'],3,10,0.5,10,20,0.3,0.5,N-be75eec_150,3482828,3458031,403.707214,
memetic,best,['exchange'],3,10,0.5,10,20,0.3,0.5,N-be75eec_150,3482828,3458039,428.894623,
memetic,best,['exchange'],3,10,0.5,10,20,0.3,0.5,N-be75eec_150,3482828,3458176,429.733856,
memetic,best,['exchange'],3,10,0.5,10,20,0.3,0.5,N-be75eec_150,3482828,3458248,430.572784,
memetic,best,['exchange'],3,10,0.5,10,20,0.3,0.5,N-be75eec_150,3482828,3458257,460.326874,
memetic,best,['exchange'],3,10,0.5,10,20,0.3,0.5,N-be75eec_150,3482828,3458294,461.413055,
memetic,best,['exchange'],3,10,0.5,10,20,0.3,0.5,N-be75eec_150,3482828,3458345,461.700104,
memetic,best,['exchange'],3,10,0.5,10,20,0.3,0.5,N-be75eec_150,3482828,3458366,463.5336,
memetic,best,['exchange'],3,10,0.5,10,20,0.3,0.5,N-be75eec_150,3482828,3458373,464.048553,
memetic,best,['exchange'],3,10,0.5,10,20,0.3,0.5,N-be75eec_150,3482828,3458379,520.67395,
memetic,best,['exchange'],3,10,0.5,10,20,0.3,0.5,N-be75eec_150,3482828,3458382,522.988953,
memetic,best,['exchange'],3,10,0.5,10,20,0.3,0.5,N-be75eec_150,3482828,3458383,590.490479,
memetic,best,['exchange'],3,10,0.5,10,20,0.3,0.5,N-be75eec_150,3482828,3458383,656.392395,
memetic,best,['exchange'],3,10,0.8,10,20,0.1,0.5,N-be75eec_150,3482828,3400262,0.39687,
memetic,best,['exchange'],3,10,0.8,10,20,0.1,0.5,N-be75eec_150,3482828,3405937,0.869744,
memetic,best,['exchange'],3,10,0.8,10,20,0.1,0.5,N-be75eec_150,3482828,3409500,1.704209,
memetic,best,['exchange'],3,10,0.8,10,20,0.1,0.5,N-be75eec_150,3482828,3414720,2.092504,
memetic,best,['exchange'],3,10,0.8,10,20,0.1,0.5,N-be75eec_150,3482828,3417475,2.875768,
memetic,best,['exchange'],3,10,0.8,10,20,0.1,0.5,N-be75eec_150,3482828,3418125,3.232871,
memetic,best,['exchange'],3,10,0.8,10,20,0.1,0.5,N-be75eec_150,3482828,3421771,3.606341,
memetic,best,['exchange'],3,10,0.8,10,20,0.1,0.5,N-be75eec_150,3482828,3427412,3.960058,
memetic,best,['exchange'],3,10,0.8,10,20,0.1,0.5,N-be75eec_150,3482828,3434479,6.654658,
memetic,best,['exchange'],3,10,0.8,10,20,0.1,0.5,N-be75eec_150,3482828,3435271,7.7424,
memetic,best,['exchange'],3,10,0.8,10,20,0.1,0.5,N-be75eec_150,3482828,3436345,8.091917,
memetic,best,['exchange'],3,10,0.8,10,20,0.1,0.5,N-be75eec_150,3482828,3436496,8.392478,
memetic,best,['exchange'],3,10,0.8,10,20,0.1,0.5,N-be75eec_150,3482828,3438869,8.723706,
memetic,best,['exchange'],3,10,0.8,10,20,0.1,0.5,N-be75eec_150,3482828,3441541,9.025288,
memetic,best,['exchange'],3,10,0.8,10,20,0.1,0.5,N-be75eec_150,3482828,3442665,9.312405,
memetic,best,['exchange'],3,10,0.8,10,20,0.1,0.5,N-be75eec_150,3482828,3444365,9.579683,
memetic,best,['exchange'],3,10,0.8,10,20,0.1,0.5,N-be75eec_150,3482828,3444615,9.878485,
memetic,best,['exchange'],3,10,0.8,10,20,0.1,0.5,N-be75eec_150,3482828,3445154,10.419303,
memetic,best,['exchange'],3,10,0.8,10,20,0.1,0.5,N-be75eec_150,3482828,3447038,10.685102,
memetic,best,['exchange'],3,10,0.8,10,20,0.1,0.5,N-be75eec_150,3482828,3447117,11.534219,
memetic,best,['exchange'],3,10,0.8,10,20,0.1,0.5,N-be75eec_150,3482828,3447820,11.738596,
memetic,best,['exchange'],3,10,0.8,10,20,0.1,0.5,N-be75eec_150,3482828,3447890,12.682947,
memetic,best,['exchange'],3,10,0.8,10,20,0.1,0.5,N-be75eec_150,3482828,3447950,12.841234,
memetic,best,['exchange'],3,10,0.8,10,20,0.1,0.5,N-be75eec_150,3482828,3448589,13.158821,
memetic,best,['exchange'],3,10,0.8,10,20,0.1,0.5,N-be75eec_150,3482828,3449858,13.536669,
memetic,best,['exchange'],3,10,0.8,10,20,0.1,0.5,N-be75eec_150,3482828,3450018,13.83213,
memetic,best,['exchange'],3,10,0.8,10,20,0.1,0.5,N-be75eec_150,3482828,3450125,14.276679,
memetic,best,['exchange'],3,10,0.8,10,20,0.1,0.5,N-be75eec_150,3482828,3450173,14.463233,
memetic,best,['exchange'],3,10,0.8,10,20,0.1,0.5,N-be75eec_150,3482828,3450506,14.727672,
memetic,best,['exchange'],3,10,0.8,10,20,0.1,0.5,N-be75eec_150,3482828,3450549,15.254621,
memetic,best,['exchange'],3,10,0.8,10,20,0.1,0.5,N-be75eec_150,3482828,3450695,15.320391,
memetic,best,['exchange'],3,10,0.8,10,20,0.1,0.5,N-be75eec_150,3482828,3450726,15.822408,
memetic,best,['exchange'],3,10,0.8,10,20,0.1,0.5,N-be75eec_150,3482828,3450753,15.872906,
memetic,best,['exchange'],3,10,0.8,10,20,0.1,0.5,N-be75eec_150,3482828,3450774,15.929774,
memetic,best,['exchange'],3,10,0.8,10,20,0.1,0.5,N-be75eec_150,3482828,3450949,16.141581,
memetic,best,['exchange'],3,10,0.8,10,20,0.1,0.5,N-be75eec_150,3482828,3450977,16.265642,
memetic,best,['exchange'],3,10,0.8,10,20,0.1,0.5,N-be75eec_150,3482828,3451010,16.340492,
memetic,best,['exchange'],3,10,0.8,10,20,0.1,0.5,N-be75eec_150,3482828,3451041,16.483171,
memetic,best,['exchange'],3,10,0.8,10,20,0.1,0.5,N-be75eec_150,3482828,3451159,16.661655,
memetic,best,['exchange'],3,10,0.8,10,20,0.1,0.5,N-be75eec_150,3482828,3451160,16.830099,
memetic,best,['exchange'],3,10,0.8,10,20,0.1,0.5,N-be75eec_150,3482828,3451190,17.275904,
memetic,best,['exchange'],3,10,0.8,10,20,0.1,0.5,N-be75eec_150,3482828,3451199,17.583344,
memetic,best,['exchange'],3,10,0.8,10,20,0.1,0.5,N-be75eec_150,3482828,3451225,19.697599,
memetic,best,['exchange'],3,10,0.8,10,20,0.1,0.5,N-be75eec_150,3482828,3451416,20.14883,
memetic,best,['exchange'],3,10,0.8,10,20,0.1,0.5,N-be75eec_150,3482828,3451491,20.680403,
memetic,best,['exchange'],3,10,0.8,10,20,0.1,0.5,N-be75eec_150,3482828,3451528,32.59024,
memetic,best,['exchange'],3,10,0.8,10,20,0.1,0.5,N-be75eec_150,3482828,3451612,32.926933,
memetic,best,['exchange'],3,10,0.8,10,20,0.1,0.5,N-be75eec_150,3482828,3451614,33.193184,
memetic,best,['exchange'],3,10,0.8,10,20,0.1,0.5,N-be75eec_150,3482828,3451791,35.538532,
memetic,best,['exchange'],3,10,0.8,10,20,0.1,0.5,N-be75eec_150,3482828,3451895,35.677074,
memetic,best,['exchange'],3,10,0.8,10,20,0.1,0.5,N-be75eec_150,3482828,3452047,36.118992,
memetic,best,['exchange'],3,10,0.8,10,20,0.1,0.5,N-be75eec_150,3482828,3452054,36.231293,
memetic,best,['exchange'],3,10,0.8,10,20,0.1,0.5,N-be75eec_150,3482828,3452077,36.287899,
memetic,best,['exchange'],3,10,0.8,10,20,0.1,0.5,N-be75eec_150,3482828,3452152,36.570267,
memetic,best,['exchange'],3,10,0.8,10,20,0.1,0.5,N-be75eec_150,3482828,3452220,36.711765,
memetic,best,['exchange'],3,10,0.8,10,20,0.1,0.5,N-be75eec_150,3482828,3452324,36.782024,
memetic,best,['exchange'],3,10,0.8,10,20,0.1,0.5,N-be75eec_150,3482828,3452453,36.933434,
memetic,best,['exchange'],3,10,0.8,10,20,0.1,0.5,N-be75eec_150,3482828,3452476,37.057449,
memetic,best,['exchange'],3,10,0.8,10,20,0.1,0.5,N-be75eec_150,3482828,3452480,37.257744,
memetic,best,['exchange'],3,10,0.8,10,20,0.1,0.5,N-be75eec_150,3482828,3452599,37.384315,
memetic,best,['exchange'],3,10,0.8,10,20,0.1,0.5,N-be75eec_150,3482828,3452643,37.50724,
memetic,best,['exchange'],3,10,0.8,10,20,0.1,0.5,N-be75eec_150,3482828,3452758,38.16568,
memetic,best,['exchange'],3,10,0.8,10,20,0.1,0.5,N-be75eec_150,3482828,3452779,38.947903,
memetic,best,['exchange'],3,10,0.8,10,20,0.1,0.5,N-be75eec_150,3482828,3452829,63.618107,
memetic,best,['exchange'],3,10,0.8,10,20,0.1,0.5,N-be75eec_150,3482828,3452837,64.091255,
memetic,best,['exchange'],3,10,0.8,10,20,0.1,0.5,N-be75eec_150,3482828,3452860,75.015518,
memetic,best,['exchange'],3,10,0.8,10,20,0.1,0.5,N-be75eec_150,3482828,3452906,75.541122,
memetic,best,['exchange'],3,10,0.8,10,20,0.1,0.5,N-be75eec_150,3482828,3452985,77.044647,
memetic,best,['exchange'],3,10,0.8,10,20,0.1,0.5,N-be75eec_150,3482828,3452994,98.057625,
memetic,best,['exchange'],3,10,0.8,10,20,0.1,0.5,N-be75eec_150,3482828,3452994,121.424706,
memetic,best,['exchange'],3,10,0.8,10,20,0.3,0.5,N-be75eec_150,3482828,3400262,0.489956,
memetic,best,['exchange'],3,10,0.8,10,20,0.3,0.5,N-be75eec_150,3482828,3405281,0.962265,
memetic,best,['exchange'],3,10,0.8,10,20,0.3,0.5,N-be75eec_150,3482828,3415253,1.405181,
memetic,best,['exchange'],3,10,0.8,10,20,0.3,0.5,N-be75eec_150,3482828,3417273,1.865132,
memetic,best,['exchange'],3,10,0.8,10,20,0.3,0.5,N-be75eec_150,3482828,3422317,3.585305,
memetic,best,['exchange'],3,10,0.8,10,20,0.3,0.5,N-be75eec_150,3482828,3422722,3.99315,
memetic,best,['exchange'],3,10,0.8,10,20,0.3,0.5,N-be75eec_150,3482828,3423312,4.878806,
memetic,best,['exchange'],3,10,0.8,10,20,0.3,0.5,N-be75eec_150,3482828,3429238,5.336503,
memetic,best,['exchange'],3,10,0.8,10,20,0.3,0.5,N-be75eec_150,3482828,3432519,7.040675,
memetic,best,['exchange'],3,10,0.8,10,20,0.3,0.5,N-be75eec_150,3482828,3433535,9.285911,
memetic,best,['exchange'],3,10,0.8,10,20,0.3,0.5,N-be75eec_150,3482828,3435452,9.644669,
memetic,best,['exchange'],3,10,0.8,10,20,0.3,0.5,N-be75eec_150,3482828,3439582,10.019878,
memetic,best,['exchange'],3,10,0.8,10,20,0.3,0.5,N-be75eec_150,3482828,3440919,14.013298,
memetic,best,['exchange'],3,10,0.8,10,20,0.3,0.5,N-be75eec_150,3482828,3442202,14.345135,
memetic,best,['exchange'],3,10,0.8,10,20,0.3,0.5,N-be75eec_150,3482828,3442598,14.986419,
memetic,best,['exchange'],3,10,0.8,10,20,0.3,0.5,N-be75eec_150,3482828,3442910,15.273684,
memetic,best,['exchange'],3,10,0.8,10,20,0.3,0.5,N-be75eec_150,3482828,3443192,15.833864,
memetic,best,['exchange'],3,10,0.8,10,20,0.3,0.5,N-be75eec_150,3482828,3445071,16.356506,
memetic,best,['exchange'],3,10,0.8,10,20,0.3,0.5,N-be75eec_150,3482828,3445301,17.82196,
memetic,best,['exchange'],3,10,0.8,10,20,0.3,0.5,N-be75eec_150,3482828,3446336,18.921095,
memetic,best,['exchange'],3,10,0.8,10,20,0.3,0.5,N-be75eec_150,3482828,3447796,19.236792,
memetic,best,['exchange'],3,10,0.8,10,20,0.3,0.5,N-be75eec_150,3482828,3447927,21.065311,
memetic,best,['exchange'],3,10,0.8,10,20,0.3,0.5,N-be75eec_150,3482828,3447939,21.357124,
memetic,best,['exchange'],3,10,0.8,10,20,0.3,0.5,N-be75eec_150,3482828,3448689,21.855272,
memetic,best,['exchange'],3,10,0.8,10,20,0.3,0.5,N-be75eec_150,3482828,3449415,22.065712,
memetic,best,['exchange'],3,10,0.8,10,20,0.3,0.5,N-be75eec_150,3482828,3450019,22.893742,
memetic,best,['exchange'],3,10,0.8,10,20,0.3,0.5,N-be75eec_150,3482828,3450032,23.301769,
memetic,best,['exchange'],3,10,0.8,10,20,0.3,0.5,N-be75eec_150,3482828,3450137,24.033216,
memetic,best,['exchange'],3,10,0.8,10,20,0.3,0.5,N-be75eec_150,3482828,3450188,24.287909,
memetic,best,['exchange'],3,10,0.8,10,20,0.3,0.5,N-be75eec_150,3482828,3451211,24.709974,
memetic,best,['exchange'],3,10,0.8,10,20,0.3,0.5,N-be75eec_150,3482828,3451635,25.589432,
memetic,best,['exchange'],3,10,0.8,10,20,0.3,0.5,N-be75eec_150,3482828,3451883,27.251387,
memetic,best,['exchange'],3,10,0.8,10,20,0.3,0.5,N-be75eec_150,3482828,3451975,27.572678,
memetic,best,['exchange'],3,10,0.8,10,20,0.3,0.5,N-be75eec_150,3482828,3452233,28.234617,
memetic,best,['exchange'],3,10,0.8,10,20,0.3,0.5,N-be75eec_150,3482828,3452234,28.641026,
memetic,best,['exchange'],3,10,0.8,10,20,0.3,0.5,N-be75eec_150,3482828,3452235,29.141859,
memetic,best,['exchange'],3,10,0.8,10,20,0.3,0.5,N-be75eec_150,3482828,3452259,29.379656,
memetic,best,['exchange'],3,10,0.8,10,20,0.3,0.5,N-be75eec_150,3482828,3452261,29.723171,
memetic,best,['exchange'],3,10,0.8,10,20,0.3,0.5,N-be75eec_150,3482828,3452262,29.820894,
memetic,best,['exchange'],3,10,0.8,10,20,0.3,0.5,N-be75eec_150,3482828,3452549,42.786209,
memetic,best,['exchange'],3,10,0.8,10,20,0.3,0.5,N-be75eec_150,3482828,3452708,44.33223,
memetic,best,['exchange'],3,10,0.8,10,20,0.3,0.5,N-be75eec_150,3482828,3452865,44.563339,
memetic,best,['exchange'],3,10,0.8,10,20,0.3,0.5,N-be75eec_150,3482828,3452957,45.596851,
memetic,best,['exchange'],3,10,0.8,10,20,0.3,0.5,N-be75eec_150,3482828,3453442,45.957794,
memetic,best,['exchange'],3,10,0.8,10,20,0.3,0.5,N-be75eec_150,3482828,3453691,47.107258,
memetic,best,['exchange'],3,10,0.8,10,20,0.3,0.5,N-be75eec_150,3482828,3453692,48.52404,
memetic,best,['exchange'],3,10,0.8,10,20,0.3,0.5,N-be75eec_150,3482828,3453694,48.761032,
memetic,best,['exchange'],3,10,0.8,10,20,0.3,0.5,N-be75eec_150,3482828,3453706,48.993172,
memetic,best,['exchange'],3,10,0.8,10,20,0.3,0.5,N-be75eec_150,3482828,3453774,49.109013,
memetic,best,['exchange'],3,10,0.8,10,20,0.3,0.5,N-be75eec_150,3482828,3453775,50.690182,
memetic,best,['exchange'],3,10,0.8,10,20,0.3,0.5,N-be75eec_150,3482828,3453805,50.835724,
memetic,best,['exchange'],3,10,0.8,10,20,0.3,0.5,N-be75eec_150,3482828,3453808,50.969257,
memetic,best,['exchange'],3,10,0.8,10,20,0.3,0.5,N-be75eec_150,3482828,3453852,51.104965,
memetic,best,['exchange'],3,10,0.8,10,20,0.3,0.5,N-be75eec_150,3482828,3453863,51.216545,
memetic,best,['exchange'],3,10,0.8,10,20,0.3,0.5,N-be75eec_150,3482828,3453888,51.462738,
memetic,best,['exchange'],3,10,0.8,10,20,0.3,0.5,N-be75eec_150,3482828,3453907,51.731274,
memetic,best,['exchange'],3,10,0.8,10,20,0.3,0.5,N-be75eec_150,3482828,3453971,52.120502,
memetic,best,['exchange'],3,10,0.8,10,20,0.3,0.5,N-be75eec_150,3482828,3453989,52.509258,
memetic,best,['exchange'],3,10,0.8,10,20,0.3,0.5,N-be75eec_150,3482828,3454179,52.627708,
memetic,best,['exchange'],3,10,0.8,10,20,0.3,0.5,N-be75eec_150,3482828,3454213,52.987267,
memetic,best,['exchange'],3,10,0.8,10,20,0.3,0.5,N-be75eec_150,3482828,3454218,53.115433,
memetic,best,['exchange'],3,10,0.8,10,20,0.3,0.5,N-be75eec_150,3482828,3454220,53.507011,
memetic,best,['exchange'],3,10,0.8,10,20,0.3,0.5,N-be75eec_150,3482828,3454616,54.451782,
memetic,best,['exchange'],3,10,0.8,10,20,0.3,0.5,N-be75eec_150,3482828,3454636,54.591877,
memetic,best,['exchange'],3,10,0.8,10,20,0.3,0.5,N-be75eec_150,3482828,3454712,56.258175,
memetic,best,['exchange'],3,10,0.8,10,20,0.3,0.5,N-be75eec_150,3482828,3454715,56.377628,
memetic,best,['exchange'],3,10,0.8,10,20,0.3,0.5,N-be75eec_150,3482828,3454974,57.749451,
memetic,best,['exchange'],3,10,0.8,10,20,0.3,0.5,N-be75eec_150,3482828,3454983,58.46117,
memetic,best,['exchange'],3,10,0.8,10,20,0.3,0.5,N-be75eec_150,3482828,3455066,58.587704,
memetic,best,['exchange'],3,10,0.8,10,20,0.3,0.5,N-be75eec_150,3482828,3455073,58.706665,
memetic,best,['exchange'],3,10,0.8,10,20,0.3,0.5,N-be75eec_150,3482828,3455089,59.120548,
memetic,best,['exchange'],3,10,0.8,10,20,0.3,0.5,N-be75eec_150,3482828,3455100,59.463963,
memetic,best,['exchange'],3,10,0.8,10,20,0.3,0.5,N-be75eec_150,3482828,3455103,59.70599,
memetic,best,['exchange'],3,10,0.8,10,20,0.3,0.5,N-be75eec_150,3482828,3455104,61.168198,
memetic,best,['exchange'],3,10,0.8,10,20,0.3,0.5,N-be75eec_150,3482828,3455127,61.549843,
memetic,best,['exchange'],3,10,0.8,10,20,0.3,0.5,N-be75eec_150,3482828,3455128,61.861172,
memetic,best,['exchange'],3,10,0.8,10,20,0.3,0.5,N-be75eec_150,3482828,3455170,62.233547,
memetic,best,['exchange'],3,10,0.8,10,20,0.3,0.5,N-be75eec_150,3482828,3455170,91.319107,
memetic,best,['exchange'],3,10,1,10,20,0.1,0.5,N-be75eec_150,3482828,3400262,0.444606,
memetic,best,['exchange'],3,10,1,10,20,0.1,0.5,N-be75eec_150,3482828,3408306,0.947833,
memetic,best,['exchange'],3,10,1,10,20,0.1,0.5,N-be75eec_150,3482828,3417079,1.457403,
memetic,best,['exchange'],3,10,1,10,20,0.1,0.5,N-be75eec_150,3482828,3419386,1.903398,
memetic,best,['exchange'],3,10,1,10,20,0.1,0.5,N-be75eec_150,3482828,3426547,2.323941,
memetic,best,['exchange'],3,10,1,10,20,0.1,0.5,N-be75eec_150,3482828,3427832,3.205973,
memetic,best,['exchange'],3,10,1,10,20,0.1,0.5,N-be75eec_150,3482828,3428749,4.631137,
memetic,best,['exchange'],3,10,1,10,20,0.1,0.5,N-be75eec_150,3482828,3429939,5.345455,
memetic,best,['exchange'],3,10,1,10,20,0.1,0.5,N-be75eec_150,3482828,3430244,6.021556,
memetic,best,['exchange'],3,10,1,10,20,0.1,0.5,N-be75eec_150,3482828,3435750,7.023916,
memetic,best,['exchange'],3,10,1,10,20,0.1,0.5,N-be75eec_150,3482828,3438128,8.342968,
memetic,best,['exchange'],3,10,1,10,20,0.1,0.5,N-be75eec_150,3482828,3438527,9.868711,
memetic,best,['exchange'],3,10,1,10,20,0.1,0.5,N-be75eec_150,3482828,3438873,10.924058,
memetic,best,['exchange'],3,10,1,10,20,0.1,0.5,N-be75eec_150,3482828,3438920,11.143504,
memetic,best,['exchange'],3,10,1,10,20,0.1,0.5,N-be75eec_150,3482828,3439351,11.34507,
memetic,best,['exchange'],3,10,1,10,20,0.1,0.5,N-be75eec_150,3482828,3439524,11.572995,
memetic,best,['exchange'],3,10,1,10,20,0.1,0.5,N-be75eec_150,3482828,3440129,12.001737,
memetic,best,['exchange'],3,10,1,10,20,0.1,0.5,N-be75eec_150,3482828,3440267,12.324608,
memetic,best,['exchange'],3,10,1,10,20,0.1,0.5,N-be75eec_150,3482828,3440553,12.75986,
memetic,best,['exchange'],3,10,1,10,20,0.1,0.5,N-be75eec_150,3482828,3441761,12.915828,
memetic,best,['exchange'],3,10,1,10,20,0.1,0.5,N-be75eec_150,3482828,3442312,13.311709,
memetic,best,['exchange'],3,10,1,10,20,0.1,0.5,N-be75eec_150,3482828,3442822,13.697107,
memetic,best,['exchange'],3,10,1,10,20,0.1,0.5,N-be75eec_150,3482828,3442954,14.363069,
memetic,best,['exchange'],3,10,1,10,20,0.1,0.5,N-be75eec_150,3482828,3443435,14.532111,
memetic,best,['exchange'],3,10,1,10,20,0.1,0.5,N-be75eec_150,3482828,3443566,14.752937,
memetic,best,['exchange'],3,10,1,10,20,0.1,0.5,N-be75eec_150,3482828,3443649,15.343449,
memetic,best,['exchange'],3,10,1,10,20,0.1,0.5,N-be75eec_150,3482828,3443794,15.513848,
memetic,best,['exchange'],3,10,1,10,20,0.1,0.5,N-be75eec_150,3482828,3444108,15.791254,
memetic,best,['exchange'],3,10,1,10,20,0.1,0.5,N-be75eec_150,3482828,3444221,15.880771,
memetic,best,['exchange'],3,10,1,10,20,0.1,0.5,N-be75eec_150,3482828,3444228,16.20936,
memetic,best,['exchange'],3,10,1,10,20,0.1,0.5,N-be75eec_150,3482828,3444296,16.233377,
memetic,best,['exchange'],3,10,1,10,20,0.1,0.5,N-be75eec_150,3482828,3444313,16.305101,
memetic,best,['exchange'],3,10,1,10,20,0.1,0.5,N-be75eec_150,3482828,3444340,16.349447,
memetic,best,['exchange'],3,10,1,10,20,0.1,0.5,N-be75eec_150,3482828,3444356,16.363173,
memetic,best,['exchange'],3,10,1,10,20,0.1,0.5,N-be75eec_150,3482828,3444624,24.398954,
memetic,best,['exchange'],3,10,1,10,20,0.1,0.5,N-be75eec_150,3482828,3444634,24.613274,
memetic,best,['exchange'],3,10,1,10,20,0.1,0.5,N-be75eec_150,3482828,3444710,24.63504,
memetic,best,['exchange'],3,10,1,10,20,0.1,0.5,N-be75eec_150,3482828,3444735,24.656857,
memetic,best,['exchange'],3,10,1,10,20,0.1,0.5,N-be75eec_150,3482828,3444801,24.739267,
memetic,best,['exchange'],3,10,1,10,20,0.1,0.5,N-be75eec_150,3482828,3444849,24.777332,
memetic,best,['exchange'],3,10,1,10,20,0.1,0.5,N-be75eec_150,3482828,3444921,37.845146,
memetic,best,['exchange'],3,10,1,10,20,0.1,0.5,N-be75eec_150,3482828,3444924,37.873528,
memetic,best,['exchange'],3,10,1,10,20,0.1,0.5,N-be75eec_150,3482828,3444960,37.892551,
memetic,best,['exchange'],3,10,1,10,20,0.1,0.5,N-be75eec_150,3482828,3444984,37.922066,
memetic,best,['exchange'],3,10,1,10,20,0.1,0.5,N-be75eec_150,3482828,3445018,38.010059,
memetic,best,['exchange'],3,10,1,10,20,0.1,0.5,N-be75eec_150,3482828,3445064,47.666813,
memetic,best,['exchange'],3,10,1,10,20,0.1,0.5,N-be75eec_150,3482828,3445109,47.971912,
memetic,best,['exchange'],3,10,1,10,20,0.1,0.5,N-be75eec_150,3482828,3445142,47.987591,
memetic,best,['exchange'],3,10,1,10,20,0.1,0.5,N-be75eec_150,3482828,3445280,47.998322,
memetic,best,['exchange'],3,10,1,10,20,0.1,0.5,N-be75eec_150,3482828,3445365,48.094719,
memetic,best,['exchange'],3,10,1,10,20,0.1,0.5,N-be75eec_150,3482828,3445387,48.295895,
memetic,best,['exchange'],3,10,1,10,20,0.1,0.5,N-be75eec_150,3482828,3445428,59.134415,
memetic,best,['exchange'],3,10,1,10,20,0.1,0.5,N-be75eec_150,3482828,3445429,59.165661,
memetic,best,['exchange'],3,10,1,10,20,0.1,0.5,N-be75eec_150,3482828,3445431,59.198696,
memetic,best,['exchange'],3,10,1,10,20,0.1,0.5,N-be75eec_150,3482828,3445439,78.862915,
memetic,best,['exchange'],3,10,1,10,20,0.1,0.5,N-be75eec_150,3482828,3445447,79.858536,
memetic,best,['exchange'],3,10,1,10,20,0.1,0.5,N-be75eec_150,3482828,3445469,80.088951,
memetic,best,['exchange'],3,10,1,10,20,0.1,0.5,N-be75eec_150,3482828,3445495,80.33577,
memetic,best,['exchange'],3,10,1,10,20,0.1,0.5,N-be75eec_150,3482828,3445515,80.390495,
memetic,best,['exchange'],3,10,1,10,20,0.1,0.5,N-be75eec_150,3482828,3445524,80.438538,
memetic,best,['exchange'],3,10,1,10,20,0.1,0.5,N-be75eec_150,3482828,3445546,80.460663,
memetic,best,['exchange'],3,10,1,10,20,0.1,0.5,N-be75eec_150,3482828,3445711,100.515663,
memetic,best,['exchange'],3,10,1,10,20,0.1,0.5,N-be75eec_150,3482828,3445782,100.978218,
memetic,best,['exchange'],3,10,1,10,20,0.1,0.5,N-be75eec_150,3482828,3445887,101.255135,
memetic,best,['exchange'],3,10,1,10,20,0.1,0.5,N-be75eec_150,3482828,3446004,102.166451,
memetic,best,['exchange'],3,10,1,10,20,0.1,0.5,N-be75eec_150,3482828,3446139,102.534019,
memetic,best,['exchange'],3,10,1,10,20,0.1,0.5,N-be75eec_150,3482828,3446352,103.315224,
memetic,best,['exchange'],3,10,1,10,20,0.1,0.5,N-be75eec_150,3482828,3447640,103.718254,
memetic,best,['exchange'],3,10,1,10,20,0.1,0.5,N-be75eec_150,3482828,3447782,103.939598,
memetic,best,['exchange'],3,10,1,10,20,0.1,0.5,N-be75eec_150,3482828,3448137,104.240585,
memetic,best,['exchange'],3,10,1,10,20,0.1,0.5,N-be75eec_150,3482828,3448158,104.859001,
memetic,best,['exchange'],3,10,1,10,20,0.1,0.5,N-be75eec_150,3482828,3448223,105.140984,
memetic,best,['exchange'],3,10,1,10,20,0.1,0.5,N-be75eec_150,3482828,3449391,105.327545,
memetic,best,['exchange'],3,10,1,10,20,0.1,0.5,N-be75eec_150,3482828,3449577,105.443535,
memetic,best,['exchange'],3,10,1,10,20,0.1,0.5,N-be75eec_150,3482828,3449651,105.622231,
memetic,best,['exchange'],3,10,1,10,20,0.1,0.5,N-be75eec_150,3482828,3449666,105.69709,
memetic,best,['exchange'],3,10,1,10,20,0.1,0.5,N-be75eec_150,3482828,3449751,105.725906,
memetic,best,['exchange'],3,10,1,10,20,0.1,0.5,N-be75eec_150,3482828,3449757,105.752747,
memetic,best,['exchange'],3,10,1,10,20,0.1,0.5,N-be75eec_150,3482828,3449767,105.81871,
memetic,best,['exchange'],3,10,1,10,20,0.1,0.5,N-be75eec_150,3482828,3449806,105.844627,
memetic,best,['exchange'],3,10,1,10,20,0.1,0.5,N-be75eec_150,3482828,3449812,105.872368,
memetic,best,['exchange'],3,10,1,10,20,0.1,0.5,N-be75eec_150,3482828,3449934,106.083038,
memetic,best,['exchange'],3,10,1,10,20,0.1,0.5,N-be75eec_150,3482828,3449937,106.121918,
memetic,best,['exchange'],3,10,1,10,20,0.1,0.5,N-be75eec_150,3482828,3449989,106.402863,
memetic,best,['exchange'],3,10,1,10,20,0.1,0.5,N-be75eec_150,3482828,3449991,106.461601,
memetic,best,['exchange'],3,10,1,10,20,0.1,0.5,N-be75eec_150,3482828,3450088,113.465164,
memetic,best,['exchange'],3,10,1,10,20,0.1,0.5,N-be75eec_150,3482828,3450356,113.505386,
memetic,best,['exchange'],3,10,1,10,20,0.1,0.5,N-be75eec_150,3482828,3450375,113.682396,
memetic,best,['exchange'],3,10,1,10,20,0.1,0.5,N-be75eec_150,3482828,3450380,113.717819,
memetic,best,['exchange'],3,10,1,10,20,0.1,0.5,N-be75eec_150,3482828,3450397,113.764999,
memetic,best,['exchange'],3,10,1,10,20,0.1,0.5,N-be75eec_150,3482828,3450403,113.786263,
memetic,best,['exchange'],3,10,1,10,20,0.1,0.5,N-be75eec_150,3482828,3450412,113.824722,
memetic,best,['exchange'],3,10,1,10,20,0.1,0.5,N-be75eec_150,3482828,3450425,113.879471,
memetic,best,['exchange'],3,10,1,10,20,0.1,0.5,N-be75eec_150,3482828,3450553,113.911453,
memetic,best,['exchange'],3,10,1,10,20,0.1,0.5,N-be75eec_150,3482828,3450648,114.191986,
memetic,best,['exchange'],3,10,1,10,20,0.1,0.5,N-be75eec_150,3482828,3450653,121.51619,
memetic,best,['exchange'],3,10,1,10,20,0.1,0.5,N-be75eec_150,3482828,3450664,132.538879,
memetic,best,['exchange'],3,10,1,10,20,0.1,0.5,N-be75eec_150,3482828,3450696,132.739594,
memetic,best,['exchange'],3,10,1,10,20,0.1,0.5,N-be75eec_150,3482828,3450907,144.917908,
memetic,best,['exchange'],3,10,1,10,20,0.1,0.5,N-be75eec_150,3482828,3450919,144.957382,
memetic,best,['exchange'],3,10,1,10,20,0.1,0.5,N-be75eec_150,3482828,3451026,145.028397,
memetic,best,['exchange'],3,10,1,10,20,0.1,0.5,N-be75eec_150,3482828,3451038,145.0495,
memetic,best,['exchange'],3,10,1,10,20,0.1,0.5,N-be75eec_150,3482828,3451043,145.070053,
memetic,best,['exchange'],3,10,1,10,20,0.1,0.5,N-be75eec_150,3482828,3451057,145.200424,
memetic,best,['exchange'],3,10,1,10,20,0.1,0.5,N-be75eec_150,3482828,3452612,145.537155,
memetic,best,['exchange'],3,10,1,10,20,0.1,0.5,N-be75eec_150,3482828,3452793,145.843781,
memetic,best,['exchange'],3,10,1,10,20,0.1,0.5,N-be75eec_150,3482828,3452841,146.322968,
memetic,best,['exchange'],3,10,1,10,20,0.1,0.5,N-be75eec_150,3482828,3453228,146.506454,
memetic,best,['exchange'],3,10,1,10,20,0.1,0.5,N-be75eec_150,3482828,3453321,146.791199,
memetic,best,['exchange'],3,10,1,10,20,0.1,0.5,N-be75eec_150,3482828,3453392,146.948013,
memetic,best,['exchange'],3,10,1,10,20,0.1,0.5,N-be75eec_150,3482828,3453486,146.99408,
memetic,best,['exchange'],3,10,1,10,20,0.1,0.5,N-be75eec_150,3482828,3453606,147.018448,
memetic,best,['exchange'],3,10,1,10,20,0.1,0.5,N-be75eec_150,3482828,3453634,147.077301,
memetic,best,['exchange'],3,10,1,10,20,0.1,0.5,N-be75eec_150,3482828,3453644,147.156052,
memetic,best,['exchange'],3,10,1,10,20,0.1,0.5,N-be75eec_150,3482828,3453646,147.320374,
memetic,best,['exchange'],3,10,1,10,20,0.1,0.5,N-be75eec_150,3482828,3453736,148.050552,
memetic,best,['exchange'],3,10,1,10,20,0.1,0.5,N-be75eec_150,3482828,3453749,148.448486,
memetic,best,['exchange'],3,10,1,10,20,0.1,0.5,N-be75eec_150,3482828,3455067,149.346039,
memetic,best,['exchange'],3,10,1,10,20,0.1,0.5,N-be75eec_150,3482828,3455244,150.335297,
memetic,best,['exchange'],3,10,1,10,20,0.1,0.5,N-be75eec_150,3482828,3455250,150.372116,
memetic,best,['exchange'],3,10,1,10,20,0.1,0.5,N-be75eec_150,3482828,3455253,150.45932,
memetic,best,['exchange'],3,10,1,10,20,0.1,0.5,N-be75eec_150,3482828,3455357,150.487732,
memetic,best,['exchange'],3,10,1,10,20,0.1,0.5,N-be75eec_150,3482828,3455373,150.594055,
memetic,best,['exchange'],3,10,1,10,20,0.1,0.5,N-be75eec_150,3482828,3455377,150.631821,
memetic,best,['exchange'],3,10,1,10,20,0.1,0.5,N-be75eec_150,3482828,3455381,150.70668,
memetic,best,['exchange'],3,10,1,10,20,0.1,0.5,N-be75eec_150,3482828,3455401,150.736984,
memetic,best,['exchange'],3,10,1,10,20,0.1,0.5,N-be75eec_150,3482828,3455526,151.098907,
memetic,best,['exchange'],3,10,1,10,20,0.1,0.5,N-be75eec_150,3482828,3455612,152.001144,
memetic,best,['exchange'],3,10,1,10,20,0.1,0.5,N-be75eec_150,3482828,3455667,152.288696,
memetic,best,['exchange'],3,10,1,10,20,0.1,0.5,N-be75eec_150,3482828,3455667,170.472748,
memetic,best,['exchange'],3,10,1,10,20,0.3,0.5,N-be75eec_150,3482828,3400262,0.446873,
memetic,best,['exchange'],3,10,1,10,20,0.3,0.5,N-be75eec_150,3482828,3408306,0.940729,
memetic,best,['exchange'],3,10,1,10,20,0.3,0.5,N-be75eec_150,3482828,3417079,1.438982,
memetic,best,['exchange'],3,10,1,10,20,0.3,0.5,N-be75eec_150,3482828,3419386,1.860266,
memetic,best,['exchange'],3,10,1,10,20,0.3,0.5,N-be75eec_150,3482828,3426547,2.272877,
memetic,best,['exchange'],3,10,1,10,20,0.3,0.5,N-be75eec_150,3482828,3427832,3.162179,
memetic,best,['exchange'],3,10,1,10,20,0.3,0.5,N-be75eec_150,3482828,3428749,4.581684,
memetic,best,['exchange'],3,10,1,10,20,0.3,0.5,N-be75eec_150,3482828,3429939,5.294946,
memetic,best,['exchange'],3,10,1,10,20,0.3,0.5,N-be75eec_150,3482828,3430244,5.947085,
memetic,best,['exchange'],3,10,1,10,20,0.3,0.5,N-be75eec_150,3482828,3435750,6.980696,
memetic,best,['exchange'],3,10,1,10,20,0.3,0.5,N-be75eec_150,3482828,3438128,8.272592,
memetic,best,['exchange'],3,10,1,10,20,0.3,0.5,N-be75eec_150,3482828,3438527,9.814284,
memetic,best,['exchange'],3,10,1,10,20,0.3,0.5,N-be75eec_150,3482828,3438873,10.864932,
memetic,best,['exchange'],3,10,1,10,20,0.3,0.5,N-be75eec_150,3482828,3438920,11.100827,
memetic,best,['exchange'],3,10,1,10,20,0.3,0.5,N-be75eec_150,3482828,3439351,11.308669,
memetic,best,['exchange'],3,10,1,10,20,0.3,0.5,N-be75eec_150,3482828,3439524,11.540868,
memetic,best,['exchange'],3,10,1,10,20,0.3,0.5,N-be75eec_150,3482828,3440129,11.94441,
memetic,best,['exchange'],3,10,1,10,20,0.3,0.5,N-be75eec_150,3482828,3440267,12.267506,
memetic,best,['exchange'],3,10,1,10,20,0.3,0.5,N-be75eec_150,3482828,3440553,12.702755,
memetic,best,['exchange'],3,10,1,10,20,0.3,0.5,N-be75eec_150,3482828,3441761,12.856286,
memetic,best,['exchange'],3,10,1,10,20,0.3,0.5,N-be75eec_150,3482828,3442312,13.23095,
memetic,best,['exchange'],3,10,1,10,20,0.3,0.5,N-be75eec_150,3482828,3442822,13.631657,
memetic,best,['exchange'],3,10,1,10,20,0.3,0.5,N-be75eec_150,3482828,3442954,14.287268,
memetic,best,['exchange'],3,10,1,10,20,0.3,0.5,N-be75eec_150,3482828,3443435,14.440873,
memetic,best,['exchange'],3,10,1,10,20,0.3,0.5,N-be75eec_150,3482828,3443566,14.654683,
memetic,best,['exchange'],3,10,1,10,20,0.3,0.5,N-be75eec_150,3482828,3443649,15.255294,
memetic,best,['exchange'],3,10,1,10,20,0.3,0.5,N-be75eec_150,3482828,3443794,15.419405,
memetic,best,['exchange'],3,10,1,10,20,0.3,0.5,N-be75eec_150,3482828,3444108,15.702806,
memetic,best,['exchange'],3,10,1,10,20,0.3,0.5,N-be75eec_150,3482828,3444221,15.789462,
memetic,best,['exchange'],3,10,1,10,20,0.3,0.5,N-be75eec_150,3482828,3444228,16.123503,
memetic,best,['exchange'],3,10,1,10,20,0.3,0.5,N-be75eec_150,3482828,3444296,16.150549,
memetic,best,['exchange'],3,10,1,10,20,0.3,0.5,N-be75eec_150,3482828,3444313,16.216852,
memetic,best,['exchange'],3,10,1,10,20,0.3,0.5,N-be75eec_150,3482828,3444340,16.261847,
memetic,best,['exchange'],3,10,1,10,20,0.3,0.5,N-be75eec_150,3482828,3444356,16.281338,
memetic,best,['exchange'],3,10,1,10,20,0.3,0.5,N-be75eec_150,3482828,3444624,24.297718,
memetic,best,['exchange'],3,10,1,10,20,0.3,0.5,N-be75eec_150,3482828,3444634,24.519381,
memetic,best,['exchange'],3,10,1,10,20,0.3,0.5,N-be75eec_150,3482828,3444710,24.540956,
memetic,best,['exchange'],3,10,1,10,20,0.3,0.5,N-be75eec_150,3482828,3444735,24.563093,
memetic,best,['exchange'],3,10,1,10,20,0.3,0.5,N-be75eec_150,3482828,3444801,24.650682,
memetic,best,['exchange'],3,10,1,10,20,0.3,0.5,N-be75eec_150,3482828,3444849,24.688364,
memetic,best,['exchange'],3,10,1,10,20,0.3,0.5,N-be75eec_150,3482828,3444921,37.495499,
memetic,best,['exchange'],3,10,1,10,20,0.3,0.5,N-be75eec_150,3482828,3444924,37.517815,
memetic,best,['exchange'],3,10,1,10,20,0.3,0.5,N-be75eec_150,3482828,3444960,37.542652,
memetic,best,['exchange'],3,10,1,10,20,0.3,0.5,N-be75eec_150,3482828,3444984,37.56583,
memetic,best,['exchange'],3,10,1,10,20,0.3,0.5,N-be75eec_150,3482828,3445018,37.653343,
memetic,best,['exchange'],3,10,1,10,20,0.3,0.5,N-be75eec_150,3482828,3445064,47.277073,
memetic,best,['exchange'],3,10,1,10,20,0.3,0.5,N-be75eec_150,3482828,3445109,47.572636,
memetic,best,['exchange'],3,10,1,10,20,0.3,0.5,N-be75eec_150,3482828,3445142,47.588722,
memetic,best,['exchange'],3,10,1,10,20,0.3,0.5,N-be75eec_150,3482828,3445280,47.599586,
memetic,best,['exchange'],3,10,1,10,20,0.3,0.5,N-be75eec_150,3482828,3445365,47.695236,
memetic,best,['exchange'],3,10,1,10,20,0.3,0.5,N-be75eec_150,3482828,3445387,47.897766,
memetic,best,['exchange'],3,10,1,10,20,0.3,0.5,N-be75eec_150,3482828,3445428,58.537666,
memetic,best,['exchange'],3,10,1,10,20,0.3,0.5,N-be75eec_150,3482828,3445429,58.569893,
memetic,best,['exchange'],3,10,1,10,20,0.3,0.5,N-be75eec_150,3482828,3445431,58.60141,
memetic,best,['exchange'],3,10,1,10,20,0.3,0.5,N-be75eec_150,3482828,3445439,78.064079,
memetic,best,['exchange'],3,10,1,10,20,0.3,0.5,N-be75eec_150,3482828,3445447,79.010635,
memetic,best,['exchange'],3,10,1,10,20,0.3,0.5,N-be75eec_150,3482828,3445469,79.222626,
memetic,best,['exchange'],3,10,1,10,20,0.3,0.5,N-be75eec_150,3482828,3445495,79.454674,
memetic,best,['exchange'],3,10,1,10,20,0.3,0.5,N-be75eec_150,3482828,3445515,79.508369,
memetic,best,['exchange'],3,10,1,10,20,0.3,0.5,N-be75eec_150,3482828,3445524,79.556946,
memetic,best,['exchange'],3,10,1,10,20,0.3,0.5,N-be75eec_150,3482828,3445546,79.5737,
memetic,best,['exchange'],3,10,1,10,20,0.3,0.5,N-be75eec_150,3482828,3445711,99.311897,
memetic,best,['exchange'],3,10,1,10,20,0.3,0.5,N-be75eec_150,3482828,3445782,99.761734,
memetic,best,['exchange'],3,10,1,10,20,0.3,0.5,N-be75eec_150,3482828,3445887,100.023521,
memetic,best,['exchange'],3,10,1,10,20,0.3,0.5,N-be75eec_150,3482828,3446004,100.937401,
memetic,best,['exchange'],3,10,1,10,20,0.3,0.5,N-be75eec_150,3482828,3446139,101.315994,
memetic,best,['exchange'],3,10,1,10,20,0.3,0.5,N-be75eec_150,3482828,3446352,102.113846,
memetic,best,['exchange'],3,10,1,10,20,0.3,0.5,N-be75eec_150,3482828,3447640,102.506691,
memetic,best,['exchange'],3,10,1,10,20,0.3,0.5,N-be75eec_150,3482828,3447782,102.730354,
memetic,best,['exchange'],3,10,1,10,20,0.3,0.5,N-be75eec_150,3482828,3448137,103.011124,
memetic,best,['exchange'],3,10,1,10,20,0.3,0.5,N-be75eec_150,3482828,3448158,103.635834,
memetic,best,['exchange'],3,10,1,10,20,0.3,0.5,N-be75eec_150,3482828,3448223,103.916557,
memetic,best,['exchange'],3,10,1,10,20,0.3,0.5,N-be75eec_150,3482828,3449391,104.099869,
memetic,best,['exchange'],3,10,1,10,20,0.3,0.5,N-be75eec_150,3482828,3449577,104.209358,
memetic,best,['exchange'],3,10,1,10,20,0.3,0.5,N-be75eec_150,3482828,3449651,104.39241,
memetic,best,['exchange'],3,10,1,10,20,0.3,0.5,N-be75eec_150,3482828,3449666,104.460495,
memetic,best,['exchange'],3,10,1,10,20,0.3,0.5,N-be75eec_150,3482828,3449751,104.494316,
memetic,best,['exchange'],3,10,1,10,20,0.3,0.5,N-be75eec_150,3482828,3449757,104.516014,
memetic,best,['exchange'],3,10,1,10,20,0.3,0.5,N-be75eec_150,3482828,3449767,104.586433,
memetic,best,['exchange'],3,10,1,10,20,0.3,0.5,N-be75eec_150,3482828,3449806,104.606956,
memetic,best,['exchange'],3,10,1,10,20,0.3,0.5,N-be75eec_150,3482828,3449812,104.636452,
memetic,best,['exchange'],3,10,1,10,20,0.3,0.5,N-be75eec_150,3482828,3449934,104.84285,
memetic,best,['exchange'],3,10,1,10,20,0.3,0.5,N-be75eec_150,3482828,3449937,104.881935,
memetic,best,['exchange'],3,10,1,10,20,0.3,0.5,N-be75eec_150,3482828,3449989,105.166916,
memetic,best,['exchange'],3,10,1,10,20,0.3,0.5,N-be75eec_150,3482828,3449991,105.225243,
memetic,best,['exchange'],3,10,1,10,20,0.3,0.5,N-be75eec_150,3482828,3450088,112.209007,
memetic,best,['exchange'],3,10,1,10,20,0.3,0.5,N-be75eec_150,3482828,3450356,112.243309,
memetic,best,['exchange'],3,10,1,10,20,0.3,0.5,N-be75eec_150,3482828,3450375,112.419144,
memetic,best,['exchange'],3,10,1,10,20,0.3,0.5,N-be75eec_150,3482828,3450380,112.448524,
memetic,best,['exchange'],3,10,1,10,20,0.3,0.5,N-be75eec_150,3482828,3450397,112.494362,
memetic,best,['exchange'],3,10,1,10,20,0.3,0.5,N-be75eec_150,3482828,3450403,112.518677,
memetic,best,['exchange'],3,10,1,10,20,0.3,0.5,N-be75eec_150,3482828,3450412,112.550697,
memetic,best,['exchange'],3,10,1,10,20,0.3,0.5,N-be75eec_150,3482828,3450425,112.614006,
memetic,best,['exchange'],3,10,1,10,20,0.3,0.5,N-be75eec_150,3482828,3450553,112.650093,
memetic,best,['exchange'],3,10,1,10,20,0.3,0.5,N-be75eec_150,3482828,3450648,112.912354,
memetic,best,['exchange'],3,10,1,10,20,0.3,0.5,N-be75eec_150,3482828,3450653,120.220535,
memetic,best,['exchange'],3,10,1,10,20,0.3,0.5,N-be75eec_150,3482828,3450664,131.238922,
memetic,best,['exchange'],3,10,1,10,20,0.3,0.5,N-be75eec_150,3482828,3450696,131.435303,
memetic,best,['exchange'],3,10,1,10,20,0.3,0.5,N-be75eec_150,3482828,3450907,143.69635,
memetic,best,['exchange'],3,10,1,10,20,0.3,0.5,N-be75eec_150,3482828,3450919,143.729828,
memetic,best,['exchange'],3,10,1,10,20,0.3,0.5,N-be75eec_150,3482828,3451026,143.805847,
memetic,best,['exchange'],3,10,1,10,20,0.3,0.5,N-be75eec_150,3482828,3451038,143.821304,
memetic,best,['exchange'],3,10,1,10,20,0.3,0.5,N-be75eec_150,3482828,3451043,143.841873,
memetic,best,['exchange'],3,10,1,10,20,0.3,0.5,N-be75eec_150,3482828,3451057,143.977509,
memetic,best,['exchange'],3,10,1,10,20,0.3,0.5,N-be75eec_150,3482828,3452612,144.318207,
memetic,best,['exchange'],3,10,1,10,20,0.3,0.5,N-be75eec_150,3482828,3452793,144.633026,
memetic,best,['exchange'],3,10,1,10,20,0.3,0.5,N-be75eec_150,3482828,3452841,145.083771,
memetic,best,['exchange'],3,10,1,10,20,0.3,0.5,N-be75eec_150,3482828,3453228,145.279602,
memetic,best,['exchange'],3,10,1,10,20,0.3,0.5,N-be75eec_150,3482828,3453321,145.561661,
memetic,best,['exchange'],3,10,1,10,20,0.3,0.5,N-be75eec_150,3482828,3453392,145.717438,
memetic,best,['exchange'],3,10,1,10,20,0.3,0.5,N-be75eec_150,3482828,3453486,145.760391,
memetic,best,['exchange'],3,10,1,10,20,0.3,0.5,N-be75eec_150,3482828,3453606,145.796387,
memetic,best,['exchange'],3,10,1,10,20,0.3,0.5,N-be75eec_150,3482828,3453634,145.854614,
memetic,best,['exchange'],3,10,1,10,20,0.3,0.5,N-be75eec_150,3482828,3453644,145.933273,
memetic,best,['exchange'],3,10,1,10,20,0.3,0.5,N-be75eec_150,3482828,3453646,146.098221,
memetic,best,['exchange'],3,10,1,10,20,0.3,0.5,N-be75eec_150,3482828,3453736,146.823395,
memetic,best,['exchange'],3,10,1,10,20,0.3,0.5,N-be75eec_150,3482828,3453749,147.228928,
memetic,best,['exchange'],3,10,1,10,20,0.3,0.5,N-be75eec_150,3482828,3455067,148.100143,
memetic,best,['exchange'],3,10,1,10,20,0.3,0.5,N-be75eec_150,3482828,3455244,149.069351,
memetic,best,['exchange'],3,10,1,10,20,0.3,0.5,N-be75eec_150,3482828,3455250,149.093826,
memetic,best,['exchange'],3,10,1,10,20,0.3,0.5,N-be75eec_150,3482828,3455253,149.181107,
memetic,best,['exchange'],3,10,1,10,20,0.3,0.5,N-be75eec_150,3482828,3455357,149.215332,
memetic,best,['exchange'],3,10,1,10,20,0.3,0.5,N-be75eec_150,3482828,3455373,149.309204,
memetic,best,['exchange'],3,10,1,10,20,0.3,0.5,N-be75eec_150,3482828,3455377,149.348663,
memetic,best,['exchange'],3,10,1,10,20,0.3,0.5,N-be75eec_150,3482828,3455381,149.420898,
memetic,best,['exchange'],3,10,1,10,20,0.3,0.5,N-be75eec_150,3482828,3455401,149.441147,
memetic,best,['exchange'],3,10,1,10,20,0.3,0.5,N-be75eec_150,3482828,3455526,149.803055,
memetic,best,['exchange'],3,10,1,10,20,0.3,0.5,N-be75eec_150,3482828,3455612,150.716629,
memetic,best,['exchange'],3,10,1,10,20,0.3,0.5,N-be75eec_150,3482828,3455667,151.019745,
memetic,best,['exchange'],3,10,1,10,20,0.3,0.5,N-be75eec_150,3482828,3455667,169.159286,
memetic,best,"['transpose', 'exchange', 'insert']",3,10,0,10,20,0.1,0.5,N-be75eec_150,3482828,3414000,0.515641,
memetic,best,"['transpose', 'exchange', 'insert']",3,10,0,10,20,0.1,0.5,N-be75eec_150,3482828,3420840,1.026998,
memetic,best,"['transpose', 'exchange', 'insert']",3,10,0,10,20,0.1,0.5,N-be75eec_150,3482828,3437549,1.540701,
memetic,best,"['transpose', 'exchange', 'insert']",3,10,0,10,20,0.1,0.5,N-be75eec_150,3482828,3437572,2.444242,
memetic,best,"['transpose', 'exchange', 'insert']",3,10,0,10,20,0.1,0.5,N-be75eec_150,3482828,3439323,2.87036,
memetic,best,"['transpose', 'exchange', 'insert']",3,10,0,10,20,0.1,0.5,N-be75eec_150,3482828,3440530,3.268494,
memetic,best,"['transpose', 'exchange', 'insert']",3,10,0,10,20,0.1,0.5,N-be75eec_150,3482828,3442290,4.390687,
memetic,best,"['transpose', 'exchange', 'insert']",3,10,0,10,20,0.1,0.5,N-be75eec_150,3482828,3443127,5.178603,
memetic,best,"['transpose', 'exchange', 'insert']",3,10,0,10,20,0.1,0.5,N-be75eec_150,3482828,3444485,5.556477,
memetic,best,"['transpose', 'exchange', 'insert']",3,10,0,10,20,0.1,0.5,N-be75eec_150,3482828,3445882,5.939681,
memetic,best,"['transpose', 'exchange', 'insert']",3,10,0,10,20,0.1,0.5,N-be75eec_150,3482828,3448026,6.366976,
memetic,best,"['transpose', 'exchange', 'insert']",3,10,0,10,20,0.1,0.5,N-be75eec_150,3482828,3448265,7.501519,
memetic,best,"['transpose', 'exchange', 'insert']",3,10,0,10,20,0.1,0.5,N-be75eec_150,3482828,3448414,8.226985,
memetic,best,"['transpose', 'exchange', 'insert']",3,10,0,10,20,0.1,0.5,N-be75eec_150,3482828,3449853,8.607049,
memetic,best,"['transpose', 'exchange', 'insert']",3,10,0,10,20,0.1,0.5,N-be75eec_150,3482828,3451186,9.382138,
memetic,best,"['transpose', 'exchange', 'insert']",3,10,0,10,20,0.1,0.5,N-be75eec_150,3482828,3453788,9.753578,
memetic,best,"['transpose', 'exchange', 'insert']",3,10,0,10,20,0.1,0.5,N-be75eec_150,3482828,3454176,10.100925,
memetic,best,"['transpose', 'exchange', 'insert']",3,10,0,10,20,0.1,0.5,N-be75eec_150,3482828,3454499,11.836018,
memetic,best,"['transpose', 'exchange', 'insert']",3,10,0,10,20,0.1,0.5,N-be75eec_150,3482828,3456279,12.183847,
memetic,best,"['transpose', 'exchange', 'insert']",3,10,0,10,20,0.1,0.5,N-be75eec_150,3482828,3458536,12.954817,
memetic,best,"['transpose', 'exchange', 'insert']",3,10,0,10,20,0.1,0.5,N-be75eec_150,3482828,3458652,13.72092,
memetic,best,"['transpose', 'exchange', 'insert']",3,10,0,10,20,0.1,0.5,N-be75eec_150,3482828,3459227,15.184687,
memetic,best,"['transpose', 'exchange', 'insert']",3,10,0,10,20,0.1,0.5,N-be75eec_150,3482828,3460254,15.878204,
memetic,best,"['transpose', 'exchange', 'insert']",3,10,0,10,20,0.1,0.5,N-be75eec_150,3482828,3460908,16.61702,
memetic,best,"['transpose', 'exchange', 'insert']",3,10,0,10,20,0.1,0.5,N-be75eec_150,3482828,3461125,20.983438,
memetic,best,"['transpose', 'exchange', 'insert']",3,10,0,10,20,0.1,0.5,N-be75eec_150,3482828,3461935,21.313471,
memetic,best,"['transpose', 'exchange', 'insert']",3,10,0,10,20,0.1,0.5,N-be75eec_150,3482828,3462115,23.962278,
memetic,best,"['transpose', 'exchange', 'insert']",3,10,0,10,20,0.1,0.5,N-be75eec_150,3482828,3462504,25.724665,
memetic,best,"['transpose', 'exchange', 'insert']",3,10,0,10,20,0.1,0.5,N-be75eec_150,3482828,3463583,26.065126,
memetic,best,"['transpose', 'exchange', 'insert']",3,10,0,10,20,0.1,0.5,N-be75eec_150,3482828,3463656,32.283154,
memetic,best,"['transpose', 'exchange', 'insert']",3,10,0,10,20,0.1,0.5,N-be75eec_150,3482828,3463772,33.301914,
memetic,best,"['transpose', 'exchange', 'insert']",3,10,0,10,20,0.1,0.5,N-be75eec_150,3482828,3463840,33.653778,
memetic,best,"['transpose', 'exchange', 'insert']",3,10,0,10,20,0.1,0.5,N-be75eec_150,3482828,3463931,34.704685,
memetic,best,"['transpose', 'exchange', 'insert']",3,10,0,10,20,0.1,0.5,N-be75eec_150,3482828,3464214,41.073914,
memetic,best,"['transpose', 'exchange', 'insert']",3,10,0,10,20,0.1,0.5,N-be75eec_150,3482828,3464392,44.78289,
memetic,best,"['transpose', 'exchange', 'insert']",3,10,0,10,20,0.1,0.5,N-be75eec_150,3482828,3464450,46.287735,
memetic,best,"['transpose', 'exchange', 'insert']",3,10,0,10,20,0.1,0.5,N-be75eec_150,3482828,3464663,49.95406,
memetic,best,"['transpose', 'exchange', 'insert']",3,10,0,10,20,0.1,0.5,N-be75eec_150,3482828,3466687,54.057533,
memetic,best,"['transpose', 'exchange', 'insert']",3,10,0,10,20,0.1,0.5,N-be75eec_150,3482828,3466939,69.473877,
memetic,best,"['transpose', 'exchange', 'insert']",3,10,0,10,20,0.1,0.5,N-be75eec_150,3482828,3468871,71.212379,
memetic,best,"['transpose', 'exchange', 'insert']",3,10,0,10,20,0.1,0.5,N-be75eec_150,3482828,3468981,75.320869,
memetic,best,"['transpose', 'exchange', 'insert']",3,10,0,10,20,0.1,0.5,N-be75eec_150,3482828,3469188,82.720474,
memetic,best,"['transpose', 'exchange', 'insert']",3,10,0,10,20,0.1,0.5,N-be75eec_150,3482828,3469500,87.717232,
memetic,best,"['transpose', 'exchange', 'insert']",3,10,0,10,20,0.1,0.5,N-be75eec_150,3482828,3469616,103.645416,
memetic,best,"['transpose', 'exchange', 'insert']",3,10,0,10,20,0.1,0.5,N-be75eec_150,3482828,3469803,106.004501,
memetic,best,"['transpose', 'exchange', 'insert']",3,10,0,10,20,0.1,0.5,N-be75eec_150,3482828,3469884,106.365433,
memetic,best,"['transpose', 'exchange', 'insert']",3,10,0,10,20,0.1,0.5,N-be75eec_150,3482828,3469958,121.667946,
memetic,best,"['transpose', 'exchange', 'insert']",3,10,0,10,20,0.1,0.5,N-be75eec_150,3482828,3470922,124.214676,
memetic,best,"['transpose', 'exchange', 'insert']",3,10,0,10,20,0.1,0.5,N-be75eec_150,3482828,3471024,126.997467,
memetic,best,"['transpose', 'exchange', 'insert']",3,10,0,10,20,0.1,0.5,N-be75eec_150,3482828,3471093,144.30687,
memetic,best,"['transpose', 'exchange', 'insert']",3,10,0,10,20,0.1,0.5,N-be75eec_150,3482828,3471147,147.703308,
memetic,best,"['transpose', 'exchange', 'insert']",3,10,0,10,20,0.1,0.5,N-be75eec_150,3482828,3471179,153.511368,
memetic,best,"['transpose', 'exchange', 'insert']",3,10,0,10,20,0.1,0.5,N-be75eec_150,3482828,3471643,157.96196,
memetic,best,"['transpose', 'exchange', 'insert']",3,10,0,10,20,0.1,0.5,N-be75eec_150,3482828,3471706,160.628082,
memetic,best,"['transpose', 'exchange', 'insert']",3,10,0,10,20,0.1,0.5,N-be75eec_150,3482828,3471806,163.307999,
memetic,best,"['transpose', 'exchange', 'insert']",3,10,0,10,20,0.1,0.5,N-be75eec_150,3482828,3471861,171.713409,
memetic,best,"['transpose', 'exchange', 'insert']",3,10,0,10,20,0.1,0.5,N-be75eec_150,3482828,3471891,173.155884,
memetic,best,"['transpose', 'exchange', 'insert']",3,10,0,10,20,0.1,0.5,N-be75eec_150,3482828,3472376,175.172531,
memetic,best,"['transpose', 'exchange', 'insert']",3,10,0,10,20,0.1,0.5,N-be75eec_150,3482828,3472622,179.174316,
memetic,best,"['transpose', 'exchange', 'insert']",3,10,0,10,20,0.1,0.5,N-be75eec_150,3482828,3472627,189.518814,
memetic,best,"['transpose', 'exchange', 'insert']",3,10,0,10,20,0.1,0.5,N-be75eec_150,3482828,3472720,189.827148,
memetic,best,"['transpose', 'exchange', 'insert']",3,10,0,10,20,0.1,0.5,N-be75eec_150,3482828,3472753,196.717651,
memetic,best,"['transpose', 'exchange', 'insert']",3,10,0,10,20,0.1,0.5,N-be75eec_150,3482828,3472918,203.064407,
memetic,best,"['transpose', 'exchange', 'insert']",3,10,0,10,20,0.1,0.5,N-be75eec_150,3482828,3472942,204.689667,
memetic,best,"['transpose', 'exchange', 'insert']",3,10,0,10,20,0.1,0.5,N-be75eec_150,3482828,3473036,205.367264,
memetic,best,"['transpose', 'exchange', 'insert']",3,10,0,10,20,0.1,0.5,N-be75eec_150,3482828,3473080,206.075378,
memetic,best,"['transpose', 'exchange', 'insert']",3,10,0,10,20,0.1,0.5,N-be75eec_150,3482828,3473267,216.578751,
memetic,best,"['transpose', 'exchange', 'insert']",3,10,0,10,20,0.1,0.5,N-be75eec_150,3482828,3473420,220.659683,
memetic,best,"['transpose', 'exchange', 'insert']",3,10,0,10,20,0.1,0.5,N-be75eec_150,3482828,3473630,231.091324,
memetic,best,"['transpose', 'exchange', 'insert']",3,10,0,10,20,0.1,0.5,N-be75eec_150,3482828,3473817,252.433929,
memetic,best,"['transpose', 'exchange', 'insert']",3,10,0,10,20,0.1,0.5,N-be75eec_150,3482828,3473833,321.010895,
memetic,best,"['transpose', 'exchange', 'insert']",3,10,0,10,20,0.1,0.5,N-be75eec_150,3482828,3473898,321.985992,
memetic,best,"['transpose', 'exchange', 'insert']",3,10,0,10,20,0.1,0.5,N-be75eec_150,3482828,3473929,324.47464,
memetic,best,"['transpose', 'exchange', 'insert']",3,10,0,10,20,0.1,0.5,N-be75eec_150,3482828,3473943,331.109375,
memetic,best,"['transpose', 'exchange', 'insert']",3,10,0,10,20,0.1,0.5,N-be75eec_150,3482828,3474071,411.659485,
memetic,best,"['transpose', 'exchange', 'insert']",3,10,0,10,20,0.1,0.5,N-be75eec_150,3482828,3474074,444.29184,
memetic,best,"['transpose', 'exchange', 'insert']",3,10,0,10,20,0.1,0.5,N-be75eec_150,3482828,3474094,453.921661,
memetic,best,"['transpose', 'exchange', 'insert']",3,10,0,10,20,0.1,0.5,N-be75eec_150,3482828,3474310,456.101349,
memetic,best,"['transpose', 'exchange', 'insert']",3,10,0,10,20,0.1,0.5,N-be75eec_150,3482828,3474327,528.920044,
memetic,best,"['transpose', 'exchange', 'insert']",3,10,0,10,20,0.1,0.5,N-be75eec_150,3482828,3474330,646.931335,
memetic,best,"['transpose', 'exchange', 'insert']",3,10,0,10,20,0.1,0.5,N-be75eec_150,3482828,3474331,708.333801,
memetic,best,"['transpose', 'exchange', 'insert']",3,10,0,10,20,0.1,0.5,N-be75eec_150,3482828,3474331,809.646729,
memetic,best,"['transpose', 'exchange', 'insert']",3,10,0,10,20,0.3,0.5,N-be75eec_150,3482828,3414000,1.004858,
memetic,best,"['transpose', 'exchange', 'insert']",3,10,0,10,20,0.3,0.5,N-be75eec_150,3482828,3423316,2.819663,
memetic,best,"['transpose', 'exchange', 'insert']",3,10,0,10,20,0.3,0.5,N-be75eec_150,3482828,3432784,3.774208,
memetic,best,"['transpose', 'exchange', 'insert']",3,10,0,10,20,0.3,0.5,N-be75eec_150,3482828,3435556,8.400108,
memetic,best,"['transpose', 'exchange', 'insert']",3,10,0,10,20,0.3,0.5,N-be75eec_150,3482828,3443296,10.206552,
memetic,best,"['transpose', 'exchange', 'insert']",3,10,0,10,20,0.3,0.5,N-be75eec_150,3482828,3453251,19.90851,
memetic,best,"['transpose', 'exchange', 'insert']",3,10,0,10,20,0.3,0.5,N-be75eec_150,3482828,3453680,53.407928,
memetic,best,"['transpose', 'exchange', 'insert']",3,10,0,10,20,0.3,0.5,N-be75eec_150,3482828,3455167,75.851143,
memetic,best,"['transpose', 'exchange', 'insert']",3,10,0,10,20,0.3,0.5,N-be75eec_150,3482828,3457618,127.365631,
memetic,best,"['transpose', 'exchange', 'insert']",3,10,0,10,20,0.3,0.5,N-be75eec_150,3482828,3460240,240.256393,
memetic,best,"['transpose', 'exchange', 'insert']",3,10,0,10,20,0.3,0.5,N-be75eec_150,3482828,3461481,478.959625,
memetic,best,"['transpose', 'exchange', 'insert']",3,10,0,10,20,0.3,0.5,N-be75eec_150,3482828,3462231,543.54895,
memetic,best,"['transpose', 'exchange', 'insert']",3,10,0,10,20,0.3,0.5,N-be75eec_150,3482828,3462231,833.480347,
memetic,best,"['transpose', 'exchange', 'insert']",3,10,0.5,10,20,0.1,0.5,N-be75eec_150,3482828,3414000,0.592126,
memetic,best,"['transpose', 'exchange', 'insert']",3,10,0.5,10,20,0.1,0.5,N-be75eec_150,3482828,3418339,1.761233,
memetic,best,"['transpose', 'exchange', 'insert']",3,10,0.5,10,20,0.1,0.5,N-be75eec_150,3482828,3419520,2.897395,
memetic,best,"['transpose', 'exchange', 'insert']",3,10,0.5,10,20,0.1,0.5,N-be75eec_150,3482828,3426796,3.39415,
memetic,best,"['transpose', 'exchange', 'insert']",3,10,0.5,10,20,0.1,0.5,N-be75eec_150,3482828,3433490,4.763722,
memetic,best,"['transpose', 'exchange', 'insert']",3,10,0.5,10,20,0.1,0.5,N-be75eec_150,3482828,3435002,5.591608,
memetic,best,"['transpose', 'exchange', 'insert']",3,10,0.5,10,20,0.1,0.5,N-be75eec_150,3482828,3435409,6.352618,
memetic,best,"['transpose', 'exchange', 'insert']",3,10,0.5,10,20,0.1,0.5,N-be75eec_150,3482828,3435726,6.746584,
memetic,best,"['transpose', 'exchange', 'insert']",3,10,0.5,10,20,0.1,0.5,N-be75eec_150,3482828,3435925,7.570838,
memetic,best,"['transpose', 'exchange', 'insert']",3,10,0.5,10,20,0.1,0.5,N-be75eec_150,3482828,3436202,8.674953,
memetic,best,"['transpose', 'exchange', 'insert']",3,10,0.5,10,20,0.1,0.5,N-be75eec_150,3482828,3436879,9.037191,
memetic,best,"['transpose', 'exchange', 'insert']",3,10,0.5,10,20,0.1,0.5,N-be75eec_150,3482828,3437035,9.413906,
memetic,best,"['transpose', 'exchange', 'insert']",3,10,0.5,10,20,0.1,0.5,N-be75eec_150,3482828,3437410,9.745426,
memetic,best,"['transpose', 'exchange', 'insert']",3,10,0.5,10,20,0.1,0.5,N-be75eec_150,3482828,3437617,10.091126,
memetic,best,"['transpose', 'exchange', 'insert']",3,10,0.5,10,20,0.1,0.5,N-be75eec_150,3482828,3440481,10.434494,
memetic,best,"['transpose', 'exchange', 'insert']",3,10,0.5,10,20,0.1,0.5,N-be75eec_150,3482828,3441208,11.120846,
memetic,best,"['transpose', 'exchange', 'insert']",3,10,0.5,10,20,0.1,0.5,N-be75eec_150,3482828,3441292,11.448179,
memetic,best,"['transpose', 'exchange', 'insert']",3,10,0.5,10,20,0.1,0.5,N-be75eec_150,3482828,3441808,11.779738,
memetic,best,"['transpose', 'exchange', 'insert']",3,10,0.5,10,20,0.1,0.5,N-be75eec_150,3482828,3442361,12.074333,
memetic,best,"['transpose', 'exchange', 'insert']",3,10,0.5,10,20,0.1,0.5,N-be75eec_150,3482828,3442583,12.385055,
memetic,best,"['transpose', 'exchange', 'insert']",3,10,0.5,10,20,0.1,0.5,N-be75eec_150,3482828,3443086,12.973769,
memetic,best,"['transpose', 'exchange', 'insert']",3,10,0.5,10,20,0.1,0.5,N-be75eec_150,3482828,3444340,13.276093,
memetic,best,"['transpose', 'exchange', 'insert']",3,10,0.5,10,20,0.1,0.5,N-be75eec_150,3482828,3444383,14.494243,
memetic,best,"['transpose', 'exchange', 'insert']",3,10,0.5,10,20,0.1,0.5,N-be75eec_150,3482828,3444794,15.066388,
memetic,best,"['transpose', 'exchange', 'insert']",3,10,0.5,10,20,0.1,0.5,N-be75eec_150,3482828,3444951,15.425856,
memetic,best,"['transpose', 'exchange', 'insert']",3,10,0.5,10,20,0.1,0.5,N-be75eec_150,3482828,3445008,16.083885,
memetic,best,"['transpose', 'exchange', 'insert']",3,10,0.5,10,20,0.1,0.5,N-be75eec_150,3482828,3445261,16.366669,
memetic,best,"['transpose', 'exchange', 'insert']",3,10,0.5,10,20,0.1,0.5,N-be75eec_150,3482828,3446488,16.750816,
memetic,best,"['transpose', 'exchange', 'insert']",3,10,0.5,10,20,0.1,0.5,N-be75eec_150,3482828,3446772,17.076561,
memetic,best,"['transpose', 'exchange', 'insert']",3,10,0.5,10,20,0.1,0.5,N-be75eec_150,3482828,3449151,18.940434,
memetic,best,"['transpose', 'exchange', 'insert']",3,10,0.5,10,20,0.1,0.5,N-be75eec_150,3482828,3450722,21.657394,
memetic,best,"['transpose', 'exchange', 'insert']",3,10,0.5,10,20,0.1,0.5,N-be75eec_150,3482828,3450780,21.926641,
memetic,best,"['transpose', 'exchange', 'insert']",3,10,0.5,10,20,0.1,0.5,N-be75eec_150,3482828,3451214,23.185684,
memetic,best,"['transpose', 'exchange', 'insert']",3,10,0.5,10,20,0.1,0.5,N-be75eec_150,3482828,3453052,24.38928,
memetic,best,"['transpose', 'exchange', 'insert']",3,10,0.5,10,20,0.1,0.5,N-be75eec_150,3482828,3453645,25.719929,
memetic,best,"['transpose', 'exchange', 'insert']",3,10,0.5,10,20,0.1,0.5,N-be75eec_150,3482828,3454143,26.088408,
memetic,best,"['transpose', 'exchange', 'insert']",3,10,0.5,10,20,0.1,0.5,N-be75eec_150,3482828,3454488,26.77298,
memetic,best,"['transpose', 'exchange', 'insert']",3,10,0.5,10,20,0.1,0.5,N-be75eec_150,3482828,3456185,27.655527,
memetic,best,"['transpose', 'exchange', 'insert']",3,10,0.5,10,20,0.1,0.5,N-be75eec_150,3482828,3456299,28.618946,
memetic,best,"['transpose', 'exchange', 'insert']",3,10,0.5,10,20,0.1,0.5,N-be75eec_150,3482828,3458794,28.923132,
memetic,best,"['transpose', 'exchange', 'insert']",3,10,0.5,10,20,0.1,0.5,N-be75eec_150,3482828,3459164,30.04636,
memetic,best,"['transpose', 'exchange', 'insert']",3,10,0.5,10,20,0.1,0.5,N-be75eec_150,3482828,3459605,30.648472,
memetic,best,"['transpose', 'exchange', 'insert']",3,10,0.5,10,20,0.1,0.5,N-be75eec_150,3482828,3460313,32.393955,
memetic,best,"['transpose', 'exchange', 'insert']",3,10,0.5,10,20,0.1,0.5,N-be75eec_150,3482828,3460719,32.662231,
memetic,best,"['transpose', 'exchange', 'insert']",3,10,0.5,10,20,0.1,0.5,N-be75eec_150,3482828,3460915,34.877705,
memetic,best,"['transpose', 'exchange', 'insert']",3,10,0.5,10,20,0.1,0.5,N-be75eec_150,3482828,3460956,35.358841,
memetic,best,"['transpose', 'exchange', 'insert']",3,10,0.5,10,20,0.1,0.5,N-be75eec_150,3482828,3461188,35.591137,
memetic,best,"['transpose', 'exchange', 'insert']",3,10,0.5,10,20,0.1,0.5,N-be75eec_150,3482828,3461194,36.103313,
memetic,best,"['transpose', 'exchange', 'insert']",3,10,0.5,10,20,0.1,0.5,N-be75eec_150,3482828,3461401,36.341015,
memetic,best,"['transpose', 'exchange', 'insert']",3,10,0.5,10,20,0.1,0.5,N-be75eec_150,3482828,3461571,38.377945,
memetic,best,"['transpose', 'exchange', 'insert']",3,10,0.5,10,20,0.1,0.5,N-be75eec_150,3482828,3461976,38.920082,
memetic,best,"['transpose', 'exchange', 'insert']",3,10,0.5,10,20,0.1,0.5,N-be75eec_150,3482828,3461983,44.225826,
memetic,best,"['transpose', 'exchange', 'insert']",3,10,0.5,10,20,0.1,0.5,N-be75eec_150,3482828,3461984,44.821079,
memetic,best,"['transpose', 'exchange', 'insert']",3,10,0.5,10,20,0.1,0.5,N-be75eec_150,3482828,3461985,45.979668,
memetic,best,"['transpose', 'exchange', 'insert']",3,10,0.5,10,20,0.1,0.5,N-be75eec_150,3482828,3462007,62.406315,
memetic,best,"['transpose', 'exchange', 'insert']",3,10,0.5,10,20,0.1,0.5,N-be75eec_150,3482828,3462008,62.783428,
memetic,best,"['transpose', 'exchange', 'insert']",3,10,0.5,10,20,0.1,0.5,N-be75eec_150,3482828,3462336,63.157936,
memetic,best,"['transpose', 'exchange', 'insert']",3,10,0.5,10,20,0.1,0.5,N-be75eec_150,3482828,3462362,65.634331,
memetic,best,"['transpose', 'exchange', 'insert']",3,10,0.5,10,20,0.1,0.5,N-be75eec_150,3482828,3462453,65.838074,
memetic,best,"['transpose', 'exchange', 'insert']",3,10,0.5,10,20,0.1,0.5,N-be75eec_150,3482828,3462510,67.128654,
memetic,best,"['transpose', 'exchange', 'insert']",3,10,0.5,10,20,0.1,0.5,N-be75eec_150,3482828,3462585,68.69976,
memetic,best,"['transpose', 'exchange', 'insert']",3,10,0.5,10,20,0.1,0.5,N-be75eec_150,3482828,3462722,69.078079,
memetic,best,"['transpose', 'exchange', 'insert']",3,10,0.5,10,20,0.1,0.5,N-be75eec_150,3482828,3462736,69.475365,
memetic,best,"['transpose', 'exchange', 'insert']",3,10,0.5,10,20,0.1,0.5,N-be75eec_150,3482828,3462776,70.947769,
memetic,best,"['transpose', 'exchange', 'insert']",3,10,0.5,10,20,0.1,0.5,N-be75eec_150,3482828,3462807,71.327805,
memetic,best,"['transpose', 'exchange', 'insert']",3,10,0.5,10,20,0.1,0.5,N-be75eec_150,3482828,3462814,72.872383,
memetic,best,"['transpose', 'exchange', 'insert']",3,10,0.5,10,20,0.1,0.5,N-be75eec_150,3482828,3462816,77.01786,
memetic,best,"['transpose', 'exchange', 'insert']",3,10,0.5,10,20,0.1,0.5,N-be75eec_150,3482828,3463448,94.615463,
memetic,best,"['transpose', 'exchange', 'insert']",3,10,0.5,10,20,0.1,0.5,N-be75eec_150,3482828,3463716,98.741249,
memetic,best,"['transpose', 'exchange', 'insert']",3,10,0.5,10,20,0.1,0.5,N-be75eec_150,3482828,3463753,100.329445,
memetic,best,"['transpose', 'exchange', 'insert']",3,10,0.5,10,20,0.1,0.5,N-be75eec_150,3482828,3463779,100.702049,
memetic,best,"['transpose', 'exchange', 'insert']",3,10,0.5,10,20,0.1,0.5,N-be75eec_150,3482828,3463977,101.073746,
memetic,best,"['transpose', 'exchange', 'insert']",3,10,0.5,10,20,0.1,0.5,N-be75eec_150,3482828,3464016,101.484734,
memetic,best,"['transpose', 'exchange', 'insert']",3,10,0.5,10,20,0.1,0.5,N-be75eec_150,3482828,3464077,101.677322,
memetic,best,"['transpose', 'exchange', 'insert']",3,10,0.5,10,20,0.1,0.5,N-be75eec_150,3482828,3464216,101.863068,
memetic,best,"['transpose', 'exchange', 'insert']",3,10,0.5,10,20,0.1,0.5,N-be75eec_150,3482828,3464243,102.607391,
memetic,best,"['transpose', 'exchange', 'insert']",3,10,0.5,10,20,0.1,0.5,N-be75eec_150,3482828,3464312,102.803864,
memetic,best,"['transpose', 'exchange', 'insert']",3,10,0.5,10,20,0.1,0.5,N-be75eec_150,3482828,3464315,103.809692,
memetic,best,"['transpose', 'exchange', 'insert']",3,10,0.5,10,20,0.1,0.5,N-be75eec_150,3482828,3464371,104.189621,
memetic,best,"['transpose', 'exchange', 'insert']",3,10,0.5,10,20,0.1,0.5,N-be75eec_150,3482828,3464552,105.504364,
memetic,best,"['transpose', 'exchange', 'insert']",3,10,0.5,10,20,0.1,0.5,N-be75eec_150,3482828,3465190,106.467613,
memetic,best,"['transpose', 'exchange', 'insert']",3,10,0.5,10,20,0.1,0.5,N-be75eec_150,3482828,3465361,107.71579,
memetic,best,"['transpose', 'exchange', 'insert']",3,10,0.5,10,20,0.1,0.5,N-be75eec_150,3482828,3465371,108.055595,
memetic,best,"['transpose', 'exchange', 'insert']",3,10,0.5,10,20,0.1,0.5,N-be75eec_150,3482828,3465431,108.908707,
memetic,best,"['transpose', 'exchange', 'insert']",3,10,0.5,10,20,0.1,0.5,N-be75eec_150,3482828,3465457,109.268555,
memetic,best,"['transpose', 'exchange', 'insert']",3,10,0.5,10,20,0.1,0.5,N-be75eec_150,3482828,3465488,109.451515,
memetic,best,"['transpose', 'exchange', 'insert']",3,10,0.5,10,20,0.1,0.5,N-be75eec_150,3482828,3465532,109.643394,
memetic,best,"['transpose', 'exchange', 'insert']",3,10,0.5,10,20,0.1,0.5,N-be75eec_150,3482828,3465585,109.791527,
memetic,best,"['transpose', 'exchange', 'insert']",3,10,0.5,10,20,0.1,0.5,N-be75eec_150,3482828,3465649,110.105064,
memetic,best,"['transpose', 'exchange', 'insert']",3,10,0.5,10,20,0.1,0.5,N-be75eec_150,3482828,3465655,112.57074,
memetic,best,"['transpose', 'exchange', 'insert']",3,10,0.5,10,20,0.1,0.5,N-be75eec_150,3482828,3465761,113.161545,
memetic,best,"['transpose', 'exchange', 'insert']",3,10,0.5,10,20,0.1,0.5,N-be75eec_150,3482828,3465851,114.79715,
memetic,best,"['transpose', 'exchange', 'insert']",3,10,0.5,10,20,0.1,0.5,N-be75eec_150,3482828,3465862,116.157639,
memetic,best,"['transpose', 'exchange', 'insert']",3,10,0.5,10,20,0.1,0.5,N-be75eec_150,3482828,3465920,117.069374,
memetic,best,"['transpose', 'exchange', 'insert']",3,10,0.5,10,20,0.1,0.5,N-be75eec_150,3482828,3466077,117.997742,
memetic,best,"['transpose', 'exchange', 'insert']",3,10,0.5,10,20,0.1,0.5,N-be75eec_150,3482828,3466162,118.520737,
memetic,best,"['transpose', 'exchange', 'insert']",3,10,0.5,10,20,0.1,0.5,N-be75eec_150,3482828,3466164,118.782791,
memetic,best,"['transpose', 'exchange', 'insert']",3,10,0.5,10,20,0.1,0.5,N-be75eec_150,3482828,3466169,119.719299,
memetic,best,"['transpose', 'exchange', 'insert']",3,10,0.5,10,20,0.1,0.5,N-be75eec_150,3482828,3466170,120.27858,
memetic,best,"['transpose', 'exchange', 'insert']",3,10,0.5,10,20,0.1,0.5,N-be75eec_150,3482828,3466287,120.780113,
memetic,best,"['transpose', 'exchange', 'insert']",3,10,0.5,10,20,0.1,0.5,N-be75eec_150,3482828,3466623,121.265846,
memetic,best,"['transpose', 'exchange', 'insert']",3,10,0.5,10,20,0.1,0.5,N-be75eec_150,3482828,3466837,121.818115,
memetic,best,"['transpose', 'exchange', 'insert']",3,10,0.5,10,20,0.1,0.5,N-be75eec_150,3482828,3466921,123.289902,
memetic,best,"['transpose', 'exchange', 'insert']",3,10,0.5,10,20,0.1,0.5,N-be75eec_150,3482828,3466927,123.989037,
memetic,best,"['transpose', 'exchange', 'insert']",3,10,0.5,10,20,0.1,0.5,N-be75eec_150,3482828,3467113,124.20237,
memetic,best,"['transpose', 'exchange', 'insert']",3,10,0.5,10,20,0.1,0.5,N-be75eec_150,3482828,3467196,124.94899,
memetic,best,"['transpose', 'exchange', 'insert']",3,10,0.5,10,20,0.1,0.5,N-be75eec_150,3482828,3467202,125.493942,
memetic,best,"['transpose', 'exchange', 'insert']",3,10,0.5,10,20,0.1,0.5,N-be75eec_150,3482828,3467280,130.235031,
memetic,best,"['transpose', 'exchange', 'insert']",3,10,0.5,10,20,0.1,0.5,N-be75eec_150,3482828,3467521,131.421921,
memetic,best,"['transpose', 'exchange', 'insert']",3,10,0.5,10,20,0.1,0.5,N-be75eec_150,3482828,3467524,131.606476,
memetic,best,"['transpose', 'exchange', 'insert']",3,10,0.5,10,20,0.1,0.5,N-be75eec_150,3482828,3467551,133.630325,
memetic,best,"['transpose', 'exchange', 'insert']",3,10,0.5,10,20,0.1,0.5,N-be75eec_150,3482828,3467555,134.311707,
memetic,best,"['transpose', 'exchange', 'insert']",3,10,0.5,10,20,0.1,0.5,N-be75eec_150,3482828,3467689,152.037933,
memetic,best,"['transpose', 'exchange', 'insert']",3,10,0.5,10,20,0.1,0.5,N-be75eec_150,3482828,3467756,152.280685,
memetic,best,"['transpose', 'exchange', 'insert']",3,10,0.5,10,20,0.1,0.5,N-be75eec_150,3482828,3467763,152.486557,
memetic,best,"['transpose', 'exchange', 'insert']",3,10,0.5,10,20,0.1,0.5,N-be75eec_150,3482828,3468535,156.121811,
memetic,best,"['transpose', 'exchange', 'insert']",3,10,0.5,10,20,0.1,0.5,N-be75eec_150,3482828,3468588,156.823196,
memetic,best,"['transpose', 'exchange', 'insert']",3,10,0.5,10,20,0.1,0.5,N-be75eec_150,3482828,3468909,157.887558,
memetic,best,"['transpose', 'exchange', 'insert']",3,10,0.5,10,20,0.1,0.5,N-be75eec_150,3482828,3468933,159.105637,
memetic,best,"['transpose', 'exchange', 'insert']",3,10,0.5,10,20,0.1,0.5,N-be75eec_150,3482828,3468944,160.525467,
memetic,best,"['transpose', 'exchange', 'insert']",3,10,0.5,10,20,0.1,0.5,N-be75eec_150,3482828,3468960,161.987091,
memetic,best,"['transpose', 'exchange', 'insert']",3,10,0.5,10,20,0.1,0.5,N-be75eec_150,3482828,3468978,164.147552,
memetic,best,"['transpose', 'exchange', 'insert']",3,10,0.5,10,20,0.1,0.5,N-be75eec_150,3482828,3468984,164.511566,
memetic,best,"['transpose', 'exchange', 'insert']",3,10,0.5,10,20,0.1,0.5,N-be75eec_150,3482828,3468990,164.839691,
memetic,best,"['transpose', 'exchange', 'insert']",3,10,0.5,10,20,0.1,0.5,N-be75eec_150,3482828,3469017,165.518845,
memetic,best,"['transpose', 'exchange', 'insert']",3,10,0.5,10,20,0.1,0.5,N-be75eec_150,3482828,3469463,187.789383,
memetic,best,"['transpose', 'exchange', 'insert']",3,10,0.5,10,20,0.1,0.5,N-be75eec_150,3482828,3469574,189.60199,
memetic,best,"['transpose', 'exchange', 'insert']",3,10,0.5,10,20,0.1,0.5,N-be75eec_150,3482828,3470207,191.006775,
memetic,best,"['transpose', 'exchange', 'insert']",3,10,0.5,10,20,0.1,0.5,N-be75eec_150,3482828,3470279,193.366714,
memetic,best,"['transpose', 'exchange', 'insert']",3,10,0.5,10,20,0.1,0.5,N-be75eec_150,3482828,3470422,193.939743,
memetic,best,"['transpose', 'exchange', 'insert']",3,10,0.5,10,20,0.1,0.5,N-be75eec_150,3482828,3470507,195.109833,
memetic,best,"['transpose', 'exchange', 'insert']",3,10,0.5,10,20,0.1,0.5,N-be75eec_150,3482828,3470534,195.586533,
memetic,best,"['transpose', 'exchange', 'insert']",3,10,0.5,10,20,0.1,0.5,N-be75eec_150,3482828,3470545,195.771027,
memetic,best,"['transpose', 'exchange', 'insert']",3,10,0.5,10,20,0.1,0.5,N-be75eec_150,3482828,3470715,214.847733,
memetic,best,"['transpose', 'exchange', 'insert']",3,10,0.5,10,20,0.1,0.5,N-be75eec_150,3482828,3470871,215.403015,
memetic,best,"['transpose', 'exchange', 'insert']",3,10,0.5,10,20,0.1,0.5,N-be75eec_150,3482828,3471003,217.196228,
memetic,best,"['transpose', 'exchange', 'insert']",3,10,0.5,10,20,0.1,0.5,N-be75eec_150,3482828,3471007,217.608871,
memetic,best,"['transpose', 'exchange', 'insert']",3,10,0.5,10,20,0.1,0.5,N-be75eec_150,3482828,3471029,234.846024,
memetic,best,"['transpose', 'exchange', 'insert']",3,10,0.5,10,20,0.1,0.5,N-be75eec_150,3482828,3471101,235.941238,
memetic,best,"['transpose', 'exchange', 'insert']",3,10,0.5,10,20,0.1,0.5,N-be75eec_150,3482828,3471110,237.230453,
memetic,best,"['transpose', 'exchange', 'insert']",3,10,0.5,10,20,0.1,0.5,N-be75eec_150,3482828,3471128,237.868988,
memetic,best,"['transpose', 'exchange', 'insert']",3,10,0.5,10,20,0.1,0.5,N-be75eec_150,3482828,3471137,239.815857,
memetic,best,"['transpose', 'exchange', 'insert']",3,10,0.5,10,20,0.1,0.5,N-be75eec_150,3482828,3471262,258.778534,
memetic,best,"['transpose', 'exchange', 'insert']",3,10,0.5,10,20,0.1,0.5,N-be75eec_150,3482828,3471273,259.881958,
memetic,best,"['transpose', 'exchange', 'insert']",3,10,0.5,10,20,0.1,0.5,N-be75eec_150,3482828,3471303,260.811951,
memetic,best,"['transpose', 'exchange', 'insert']",3,10,0.5,10,20,0.1,0.5,N-be75eec_150,3482828,3471312,261.759064,
memetic,best,"['transpose', 'exchange', 'insert']",3,10,0.5,10,20,0.1,0.5,N-be75eec_150,3482828,3471353,289.410034,
memetic,best,"['transpose', 'exchange', 'insert']",3,10,0.5,10,20,0.1,0.5,N-be75eec_150,3482828,3471353,336.501892,
memetic,best,"['transpose', 'exchange', 'insert']",3,10,0.5,10,20,0.3,0.5,N-be75eec_150,3482828,3430100,0.879406,
memetic,best,"['transpose', 'exchange', 'insert']",3,10,0.5,10,20,0.3,0.5,N-be75eec_150,3482828,3437329,6.180323,
memetic,best,"['transpose', 'exchange', 'insert']",3,10,0.5,10,20,0.3,0.5,N-be75eec_150,3482828,3442134,8.372879,
memetic,best,"['transpose', 'exchange', 'insert']",3,10,0.5,10,20,0.3,0.5,N-be75eec_150,3482828,3444590,9.138001,
memetic,best,"['transpose', 'exchange', 'insert']",3,10,0.5,10,20,0.3,0.5,N-be75eec_150,3482828,3444744,9.818755,
memetic,best,"['transpose', 'exchange', 'insert']",3,10,0.5,10,20,0.3,0.5,N-be75eec_150,3482828,3446809,11.267059,
memetic,best,"['transpose', 'exchange', 'insert']",3,10,0.5,10,20,0.3,0.5,N-be75eec_150,3482828,3447218,12.681116,
memetic,best,"['transpose', 'exchange', 'insert']",3,10,0.5,10,20,0.3,0.5,N-be75eec_150,3482828,3448645,15.507188,
memetic,best,"['transpose', 'exchange', 'insert']",3,10,0.5,10,20,0.3,0.5,N-be75eec_150,3482828,3449824,16.862215,
memetic,best,"['transpose', 'exchange', 'insert']",3,10,0.5,10,20,0.3,0.5,N-be75eec_150,3482828,3456196,20.169699,
memetic,best,"['transpose', 'exchange', 'insert']",3,10,0.5,10,20,0.3,0.5,N-be75eec_150,3482828,3458028,26.01996,
memetic,best,"['transpose', 'exchange', 'insert']",3,10,0.5,10,20,0.3,0.5,N-be75eec_150,3482828,3458039,26.68054,
memetic,best,"['transpose', 'exchange', 'insert']",3,10,0.5,10,20,0.3,0.5,N-be75eec_150,3482828,3458601,28.387129,
memetic,best,"['transpose', 'exchange', 'insert']",3,10,0.5,10,20,0.3,0.5,N-be75eec_150,3482828,3458845,30.187206,
memetic,best,"['transpose', 'exchange', 'insert']",3,10,0.5,10,20,0.3,0.5,N-be75eec_150,3482828,3459403,32.386692,
memetic,best,"['transpose', 'exchange', 'insert']",3,10,0.5,10,20,0.3,0.5,N-be75eec_150,3482828,3461586,33.999382,
memetic,best,"['transpose', 'exchange', 'insert']",3,10,0.5,10,20,0.3,0.5,N-be75eec_150,3482828,3461747,41.01339,
memetic,best,"['transpose', 'exchange', 'insert']",3,10,0.5,10,20,0.3,0.5,N-be75eec_150,3482828,3461824,43.949398,
memetic,best,"['transpose', 'exchange', 'insert']",3,10,0.5,10,20,0.3,0.5,N-be75eec_150,3482828,3461924,46.051815,
memetic,best,"['transpose', 'exchange', 'insert']",3,10,0.5,10,20,0.3,0.5,N-be75eec_150,3482828,3463129,46.555393,
memetic,best,"['transpose', 'exchange', 'insert']",3,10,0.5,10,20,0.3,0.5,N-be75eec_150,3482828,3463137,52.754051,
memetic,best,"['transpose', 'exchange', 'insert']",3,10,0.5,10,20,0.3,0.5,N-be75eec_150,3482828,3463306,53.17918,
memetic,best,"['transpose', 'exchange', 'insert']",3,10,0.5,10,20,0.3,0.5,N-be75eec_150,3482828,3463592,56.342148,
memetic,best,"['transpose', 'exchange', 'insert']",3,10,0.5,10,20,0.3,0.5,N-be75eec_150,3482828,3463662,58.091213,
memetic,best,"['transpose', 'exchange', 'insert']",3,10,0.5,10,20,0.3,0.5,N-be75eec_150,3482828,3463836,58.532204,
memetic,best,"['transpose', 'exchange', 'insert']",3,10,0.5,10,20,0.3,0.5,N-be75eec_150,3482828,3463885,62.211861,
memetic,best,"['transpose', 'exchange', 'insert']",3,10,0.5,10,20,0.3,0.5,N-be75eec_150,3482828,3463899,62.653839,
memetic,best,"['transpose', 'exchange', 'insert']",3,10,0.5,10,20,0.3,0.5,N-be75eec_150,3482828,3463998,65.65358,
memetic,best,"['transpose', 'exchange', 'insert']",3,10,0.5,10,20,0.3,0.5,N-be75eec_150,3482828,3464006,72.844475,
memetic,best,"['transpose', 'exchange', 'insert']",3,10,0.5,10,20,0.3,0.5,N-be75eec_150,3482828,3464903,103.717773,
memetic,best,"['transpose', 'exchange', 'insert']",3,10,0.5,10,20,0.3,0.5,N-be75eec_150,3482828,3465669,108.644127,
memetic,best,"['transpose', 'exchange', 'insert']",3,10,0.5,10,20,0.3,0.5,N-be75eec_150,3482828,3465745,111.998604,
memetic,best,"['transpose', 'exchange', 'insert']",3,10,0.5,10,20,0.3,0.5,N-be75eec_150,3482828,3466311,113.15049,
memetic,best,"['transpose', 'exchange', 'insert']",3,10,0.5,10,20,0.3,0.5,N-be75eec_150,3482828,3466799,113.759842,
memetic,best,"['transpose', 'exchange', 'insert']",3,10,0.5,10,20,0.3,0.5,N-be75eec_150,3482828,3466820,121.987648,
memetic,best,"['transpose', 'exchange', 'insert']",3,10,0.5,10,20,0.3,0.5,N-be75eec_150,3482828,3466938,122.980453,
memetic,best,"['transpose', 'exchange', 'insert']",3,10,0.5,10,20,0.3,0.5,N-be75eec_150,3482828,3466946,123.987007,
memetic,best,"['transpose', 'exchange', 'insert']",3,10,0.5,10,20,0.3,0.5,N-be75eec_150,3482828,3467267,124.481857,
memetic,best,"['transpose', 'exchange', 'insert']",3,10,0.5,10,20,0.3,0.5,N-be75eec_150,3482828,3467323,133.992203,
memetic,best,"['transpose', 'exchange', 'insert']",3,10,0.5,10,20,0.3,0.5,N-be75eec_150,3482828,3467325,140.668747,
memetic,best,"['transpose', 'exchange', 'insert']",3,10,0.5,10,20,0.3,0.5,N-be75eec_150,3482828,3467326,179.587799,
memetic,best,"['transpose', 'exchange', 'insert']",3,10,0.5,10,20,0.3,0.5,N-be75eec_150,3482828,3467328,182.263641,
memetic,best,"['transpose', 'exchange', 'insert']",3,10,0.5,10,20,0.3,0.5,N-be75eec_150,3482828,3467337,182.722748,
memetic,best,"['transpose', 'exchange', 'insert']",3,10,0.5,10,20,0.3,0.5,N-be75eec_150,3482828,3467338,183.914307,
memetic,best,"['transpose', 'exchange', 'insert']",3,10,0.5,10,20,0.3,0.5,N-be75eec_150,3482828,3467341,239.723129,
memetic,best,"['transpose', 'exchange', 'insert']",3,10,0.5,10,20,0.3,0.5,N-be75eec_150,3482828,3467358,240.183212,
memetic,best,"['transpose', 'exchange', 'insert']",3,10,0.5,10,20,0.3,0.5,N-be75eec_150,3482828,3467375,242.027252,
memetic,best,"['transpose', 'exchange', 'insert']",3,10,0.5,10,20,0.3,0.5,N-be75eec_150,3482828,3467376,244.202835,
memetic,best,"['transpose', 'exchange', 'insert']",3,10,0.5,10,20,0.3,0.5,N-be75eec_150,3482828,3467435,244.667953,
memetic,best,"['transpose', 'exchange', 'insert']",3,10,0.5,10,20,0.3,0.5,N-be75eec_150,3482828,3467555,246.775406,
memetic,best,"['transpose', 'exchange', 'insert']",3,10,0.5,10,20,0.3,0.5,N-be75eec_150,3482828,3467844,300.981049,
memetic,best,"['transpose', 'exchange', 'insert']",3,10,0.5,10,20,0.3,0.5,N-be75eec_150,3482828,3467994,303.400879,
memetic,best,"['transpose', 'exchange', 'insert']",3,10,0.5,10,20,0.3,0.5,N-be75eec_150,3482828,3468161,307.05188,
memetic,best,"['transpose', 'exchange', 'insert']",3,10,0.5,10,20,0.3,0.5,N-be75eec_150,3482828,3468228,307.911469,
memetic,best,"['transpose', 'exchange', 'insert']",3,10,0.5,10,20,0.3,0.5,N-be75eec_150,3482828,3468233,311.352814,
memetic,best,"['transpose', 'exchange', 'insert']",3,10,0.5,10,20,0.3,0.5,N-be75eec_150,3482828,3468252,312.21048,
memetic,best,"['transpose', 'exchange', 'insert']",3,10,0.5,10,20,0.3,0.5,N-be75eec_150,3482828,3468340,313.41156,
memetic,best,"['transpose', 'exchange', 'insert']",3,10,0.5,10,20,0.3,0.5,N-be75eec_150,3482828,3468343,314.237976,
memetic,best,"['transpose', 'exchange', 'insert']",3,10,0.5,10,20,0.3,0.5,N-be75eec_150,3482828,3468379,315.167267,
memetic,best,"['transpose', 'exchange', 'insert']",3,10,0.5,10,20,0.3,0.5,N-be75eec_150,3482828,3468582,344.498779,
memetic,best,"['transpose', 'exchange', 'insert']",3,10,0.5,10,20,0.3,0.5,N-be75eec_150,3482828,3468591,352.581085,
memetic,best,"['transpose', 'exchange', 'insert']",3,10,0.5,10,20,0.3,0.5,N-be75eec_150,3482828,3468688,353.741364,
memetic,best,"['transpose', 'exchange', 'insert']",3,10,0.5,10,20,0.3,0.5,N-be75eec_150,3482828,3468690,355.31662,
memetic,best,"['transpose', 'exchange', 'insert']",3,10,0.5,10,20,0.3,0.5,N-be75eec_150,3482828,3468695,355.746826,
memetic,best,"['transpose', 'exchange', 'insert']",3,10,0.5,10,20,0.3,0.5,N-be75eec_150,3482828,3468697,356.849457,
memetic,best,"['transpose', 'exchange', 'insert']",3,10,0.5,10,20,0.3,0.5,N-be75eec_150,3482828,3468700,360.134766,
memetic,best,"['transpose', 'exchange', 'insert']",3,10,0.5,10,20,0.3,0.5,N-be75eec_150,3482828,3468702,362.111969,
memetic,best,"['transpose', 'exchange', 'insert']",3,10,0.5,10,20,0.3,0.5,N-be75eec_150,3482828,3468966,394.207611,
memetic,best,"['transpose', 'exchange', 'insert']",3,10,0.5,10,20,0.3,0.5,N-be75eec_150,3482828,3468966,466.441833,
memetic,best,"['transpose', 'exchange', 'insert']",3,10,0.8,10,20,0.1,0.5,N-be75eec_150,3482828,3414000,0.717861,
memetic,best,"['transpose', 'exchange', 'insert']",3,10,0.8,10,20,0.1,0.5,N-be75eec_150,3482828,3414553,1.327985,
memetic,best,"['transpose', 'exchange', 'insert']",3,10,0.8,10,20,0.1,0.5,N-be75eec_150,3482828,3420933,1.970277,
memetic,best,"['transpose', 'exchange', 'insert']",3,10,0.8,10,20,0.1,0.5,N-be75eec_150,3482828,3423344,2.572112,
memetic,best,"['transpose', 'exchange', 'insert']",3,10,0.8,10,20,0.1,0.5,N-be75eec_150,3482828,3426453,3.081842,
memetic,best,"['transpose', 'exchange', 'insert']",3,10,0.8,10,20,0.1,0.5,N-be75eec_150,3482828,3426755,3.657049,
memetic,best,"['transpose', 'exchange', 'insert']",3,10,0.8,10,20,0.1,0.5,N-be75eec_150,3482828,3429989,4.183535,
memetic,best,"['transpose', 'exchange', 'insert']",3,10,0.8,10,20,0.1,0.5,N-be75eec_150,3482828,3432607,4.574,
memetic,best,"['transpose', 'exchange', 'insert']",3,10,0.8,10,20,0.1,0.5,N-be75eec_150,3482828,3435192,5.037945,
memetic,best,"['transpose', 'exchange', 'insert']",3,10,0.8,10,20,0.1,0.5,N-be75eec_150,3482828,3438815,5.453587,
memetic,best,"['transpose', 'exchange', 'insert']",3,10,0.8,10,20,0.1,0.5,N-be75eec_150,3482828,3438827,6.285923,
memetic,best,"['transpose', 'exchange', 'insert']",3,10,0.8,10,20,0.1,0.5,N-be75eec_150,3482828,3439433,6.749445,
memetic,best,"['transpose', 'exchange', 'insert']",3,10,0.8,10,20,0.1,0.5,N-be75eec_150,3482828,3442842,8.309635,
memetic,best,"['transpose', 'exchange', 'insert']",3,10,0.8,10,20,0.1,0.5,N-be75eec_150,3482828,3443185,10.499621,
memetic,best,"['transpose', 'exchange', 'insert']",3,10,0.8,10,20,0.1,0.5,N-be75eec_150,3482828,3443213,10.845625,
memetic,best,"['transpose', 'exchange', 'insert']",3,10,0.8,10,20,0.1,0.5,N-be75eec_150,3482828,3443490,11.232742,
memetic,best,"['transpose', 'exchange', 'insert']",3,10,0.8,10,20,0.1,0.5,N-be75eec_150,3482828,3445855,11.574727,
memetic,best,"['transpose', 'exchange', 'insert']",3,10,0.8,10,20,0.1,0.5,N-be75eec_150,3482828,3446010,12.568429,
memetic,best,"['transpose', 'exchange', 'insert']",3,10,0.8,10,20,0.1,0.5,N-be75eec_150,3482828,3446237,12.913361,
memetic,best,"['transpose', 'exchange', 'insert']",3,10,0.8,10,20,0.1,0.5,N-be75eec_150,3482828,3448095,13.230626,
memetic,best,"['transpose', 'exchange', 'insert']",3,10,0.8,10,20,0.1,0.5,N-be75eec_150,3482828,3449240,13.862395,
memetic,best,"['transpose', 'exchange', 'insert']",3,10,0.8,10,20,0.1,0.5,N-be75eec_150,3482828,3450760,14.441351,
memetic,best,"['transpose', 'exchange', 'insert']",3,10,0.8,10,20,0.1,0.5,N-be75eec_150,3482828,3452690,15.041656,
memetic,best,"['transpose', 'exchange', 'insert']",3,10,0.8,10,20,0.1,0.5,N-be75eec_150,3482828,3454405,15.655452,
memetic,best,"['transpose', 'exchange', 'insert']",3,10,0.8,10,20,0.1,0.5,N-be75eec_150,3482828,3454837,15.96637,
memetic,best,"['transpose', 'exchange', 'insert']",3,10,0.8,10,20,0.1,0.5,N-be75eec_150,3482828,3455843,16.673393,
memetic,best,"['transpose', 'exchange', 'insert']",3,10,0.8,10,20,0.1,0.5,N-be75eec_150,3482828,3455991,17.133383,
memetic,best,"['transpose', 'exchange', 'insert']",3,10,0.8,10,20,0.1,0.5,N-be75eec_150,3482828,3456143,17.322462,
memetic,best,"['transpose', 'exchange', 'insert']",3,10,0.8,10,20,0.1,0.5,N-be75eec_150,3482828,3456604,17.512472,
memetic,best,"['transpose', 'exchange', 'insert']",3,10,0.8,10,20,0.1,0.5,N-be75eec_150,3482828,3456761,17.948172,
memetic,best,"['transpose', 'exchange', 'insert']",3,10,0.8,10,20,0.1,0.5,N-be75eec_150,3482828,3456828,18.089556,
memetic,best,"['transpose', 'exchange', 'insert']",3,10,0.8,10,20,0.1,0.5,N-be75eec_150,3482828,3457038,18.281731,
memetic,best,"['transpose', 'exchange', 'insert']",3,10,0.8,10,20,0.1,0.5,N-be75eec_150,3482828,3457289,18.648502,
memetic,best,"['transpose', 'exchange', 'insert']",3,10,0.8,10,20,0.1,0.5,N-be75eec_150,3482828,3457751,19.032057,
memetic,best,"['transpose', 'exchange', 'insert']",3,10,0.8,10,20,0.1,0.5,N-be75eec_150,3482828,3457827,19.438494,
memetic,best,"['transpose', 'exchange', 'insert']",3,10,0.8,10,20,0.1,0.5,N-be75eec_150,3482828,3457888,19.937714,
memetic,best,"['transpose', 'exchange', 'insert']",3,10,0.8,10,20,0.1,0.5,N-be75eec_150,3482828,3457951,20.160145,
memetic,best,"['transpose', 'exchange', 'insert']",3,10,0.8,10,20,0.1,0.5,N-be75eec_150,3482828,3458125,20.320293,
memetic,best,"['transpose', 'exchange', 'insert']",3,10,0.8,10,20,0.1,0.5,N-be75eec_150,3482828,3458316,20.999046,
memetic,best,"['transpose', 'exchange', 'insert']",3,10,0.8,10,20,0.1,0.5,N-be75eec_150,3482828,3458392,21.36397,
memetic,best,"['transpose', 'exchange', 'insert']",3,10,0.8,10,20,0.1,0.5,N-be75eec_150,3482828,3459269,21.870665,
memetic,best,"['transpose', 'exchange', 'insert']",3,10,0.8,10,20,0.1,0.5,N-be75eec_150,3482828,3459657,22.267317,
memetic,best,"['transpose', 'exchange', 'insert']",3,10,0.8,10,20,0.1,0.5,N-be75eec_150,3482828,3460133,22.634174,
memetic,best,"['transpose', 'exchange', 'insert']",3,10,0.8,10,20,0.1,0.5,N-be75eec_150,3482828,3461821,22.841864,
memetic,best,"['transpose', 'exchange', 'insert']",3,10,0.8,10,20,0.1,0.5,N-be75eec_150,3482828,3461837,23.050207,
memetic,best,"['transpose', 'exchange', 'insert']",3,10,0.8,10,20,0.1,0.5,N-be75eec_150,3482828,3462167,24.188129,
memetic,best,"['transpose', 'exchange', 'insert']",3,10,0.8,10,20,0.1,0.5,N-be75eec_150,3482828,3462178,24.531246,
memetic,best,"['transpose', 'exchange', 'insert']",3,10,0.8,10,20,0.1,0.5,N-be75eec_150,3482828,3462288,24.757315,
memetic,best,"['transpose', 'exchange', 'insert']",3,10,0.8,10,20,0.1,0.5,N-be75eec_150,3482828,3463019,25.480171,
memetic,best,"['transpose', 'exchange', 'insert']",3,10,0.8,10,20,0.1,0.5,N-be75eec_150,3482828,3463408,26.139704,
memetic,best,"['transpose', 'exchange', 'insert']",3,10,0.8,10,20,0.1,0.5,N-be75eec_150,3482828,3463912,27.655993,
memetic,best,"['transpose', 'exchange', 'insert']",3,10,0.8,10,20,0.1,0.5,N-be75eec_150,3482828,3464160,27.902521,
memetic,best,"['transpose', 'exchange', 'insert']",3,10,0.8,10,20,0.1,0.5,N-be75eec_150,3482828,3464213,28.015879,
memetic,best,"['transpose', 'exchange', 'insert']",3,10,0.8,10,20,0.1,0.5,N-be75eec_150,3482828,3464217,28.302362,
memetic,best,"['transpose', 'exchange', 'insert']",3,10,0.8,10,20,0.1,0.5,N-be75eec_150,3482828,3464550,28.855312,
memetic,best,"['transpose', 'exchange', 'insert']",3,10,0.8,10,20,0.1,0.5,N-be75eec_150,3482828,3464805,28.992586,
memetic,best,"['transpose', 'exchange', 'insert']",3,10,0.8,10,20,0.1,0.5,N-be75eec_150,3482828,3465257,29.36968,
memetic,best,"['transpose', 'exchange', 'insert']",3,10,0.8,10,20,0.1,0.5,N-be75eec_150,3482828,3465656,29.771942,
memetic,best,"['transpose', 'exchange', 'insert']",3,10,0.8,10,20,0.1,0.5,N-be75eec_150,3482828,3465704,29.883938,
memetic,best,"['transpose', 'exchange', 'insert']",3,10,0.8,10,20,0.1,0.5,N-be75eec_150,3482828,3466069,31.591604,
memetic,best,"['transpose', 'exchange', 'insert']",3,10,0.8,10,20,0.1,0.5,N-be75eec_150,3482828,3466097,53.880062,
memetic,best,"['transpose', 'exchange', 'insert']",3,10,0.8,10,20,0.1,0.5,N-be75eec_150,3482828,3466097,79.330292,
memetic,best,"['transpose', 'exchange', 'insert']",3,10,0.8,10,20,0.3,0.5,N-be75eec_150,3482828,3421480,0.793055,
memetic,best,"['transpose', 'exchange', 'insert']",3,10,0.8,10,20,0.3,0.5,N-be75eec_150,3482828,3424281,1.477988,
memetic,best,"['transpose', 'exchange', 'insert']",3,10,0.8,10,20,0.3,0.5,N-be75eec_150,3482828,3427809,2.199275,
memetic,best,"['transpose', 'exchange', 'insert']",3,10,0.8,10,20,0.3,0.5,N-be75eec_150,3482828,3428717,4.542653,
memetic,best,"['transpose', 'exchange', 'insert']",3,10,0.8,10,20,0.3,0.5,N-be75eec_150,3482828,3430256,5.042782,
memetic,best,"['transpose', 'exchange', 'insert']",3,10,0.8,10,20,0.3,0.5,N-be75eec_150,3482828,3437540,5.673605,
memetic,best,"['transpose', 'exchange', 'insert']",3,10,0.8,10,20,0.3,0.5,N-be75eec_150,3482828,3437900,6.93254,
memetic,best,"['transpose', 'exchange', 'insert']",3,10,0.8,10,20,0.3,0.5,N-be75eec_150,3482828,3438298,8.181234,
memetic,best,"['transpose', 'exchange', 'insert']",3,10,0.8,10,20,0.3,0.5,N-be75eec_150,3482828,3438605,9.360414,
memetic,best,"['transpose', 'exchange', 'insert']",3,10,0.8,10,20,0.3,0.5,N-be75eec_150,3482828,3442229,10.464482,
memetic,best,"['transpose', 'exchange', 'insert']",3,10,0.8,10,20,0.3,0.5,N-be75eec_150,3482828,3443437,12.59675,
memetic,best,"['transpose', 'exchange', 'insert']",3,10,0.8,10,20,0.3,0.5,N-be75eec_150,3482828,3446952,13.118986,
memetic,best,"['transpose', 'exchange', 'insert']",3,10,0.8,10,20,0.3,0.5,N-be75eec_150,3482828,3447591,13.658619,
memetic,best,"['transpose', 'exchange', 'insert']",3,10,0.8,10,20,0.3,0.5,N-be75eec_150,3482828,3447984,14.12444,
memetic,best,"['transpose', 'exchange', 'insert']",3,10,0.8,10,20,0.3,0.5,N-be75eec_150,3482828,3449192,14.664837,
memetic,best,"['transpose', 'exchange', 'insert']",3,10,0.8,10,20,0.3,0.5,N-be75eec_150,3482828,3449609,15.103926,
memetic,best,"['transpose', 'exchange', 'insert']",3,10,0.8,10,20,0.3,0.5,N-be75eec_150,3482828,3449734,16.07268,
memetic,best,"['transpose', 'exchange', 'insert']",3,10,0.8,10,20,0.3,0.5,N-be75eec_150,3482828,3450001,16.446581,
memetic,best,"['transpose', 'exchange', 'insert']",3,10,0.8,10,20,0.3,0.5,N-be75eec_150,3482828,3452168,16.808258,
memetic,best,"['transpose', 'exchange', 'insert']",3,10,0.8,10,20,0.3,0.5,N-be75eec_150,3482828,3453180,18.335308,
memetic,best,"['transpose', 'exchange', 'insert']",3,10,0.8,10,20,0.3,0.5,N-be75eec_150,3482828,3453748,22.400169,
memetic,best,"['transpose', 'exchange', 'insert']",3,10,0.8,10,20,0.3,0.5,N-be75eec_150,3482828,3453841,22.806747,
memetic,best,"['transpose', 'exchange', 'insert']",3,10,0.8,10,20,0.3,0.5,N-be75eec_150,3482828,3454000,23.458212,
memetic,best,"['transpose', 'exchange', 'insert']",3,10,0.8,10,20,0.3,0.5,N-be75eec_150,3482828,3454872,23.767784,
memetic,best,"['transpose', 'exchange', 'insert']",3,10,0.8,10,20,0.3,0.5,N-be75eec_150,3482828,3454924,24.687717,
memetic,best,"['transpose', 'exchange', 'insert']",3,10,0.8,10,20,0.3,0.5,N-be75eec_150,3482828,3455089,25.413654,
memetic,best,"['transpose', 'exchange', 'insert']",3,10,0.8,10,20,0.3,0.5,N-be75eec_150,3482828,3455638,26.042826,
memetic,best,"['transpose', 'exchange', 'insert']",3,10,0.8,10,20,0.3,0.5,N-be75eec_150,3482828,3455706,26.409042,
memetic,best,"['transpose', 'exchange', 'insert']",3,10,0.8,10,20,0.3,0.5,N-be75eec_150,3482828,3455742,28.268803,
memetic,best,"['transpose', 'exchange', 'insert']",3,10,0.8,10,20,0.3,0.5,N-be75eec_150,3482828,3455750,28.597084,
memetic,best,"['transpose', 'exchange', 'insert']",3,10,0.8,10,20,0.3,0.5,N-be75eec_150,3482828,3455788,28.971743,
memetic,best,"['transpose', 'exchange', 'insert']",3,10,0.8,10,20,0.3,0.5,N-be75eec_150,3482828,3455860,29.585754,
memetic,best,"['transpose', 'exchange', 'insert']",3,10,0.8,10,20,0.3,0.5,N-be75eec_150,3482828,3455975,30.214506,
memetic,best,"['transpose', 'exchange', 'insert']",3,10,0.8,10,20,0.3,0.5,N-be75eec_150,3482828,3456518,31.556368,
memetic,best,"['transpose', 'exchange', 'insert']",3,10,0.8,10,20,0.3,0.5,N-be75eec_150,3482828,3456597,33.581207,
memetic,best,"['transpose', 'exchange', 'insert']",3,10,0.8,10,20,0.3,0.5,N-be75eec_150,3482828,3456663,35.598537,
memetic,best,"['transpose', 'exchange', 'insert']",3,10,0.8,10,20,0.3,0.5,N-be75eec_150,3482828,3457026,36.05999,
memetic,best,"['transpose', 'exchange', 'insert']",3,10,0.8,10,20,0.3,0.5,N-be75eec_150,3482828,3457030,36.290142,
memetic,best,"['transpose', 'exchange', 'insert']",3,10,0.8,10,20,0.3,0.5,N-be75eec_150,3482828,3457105,36.95887,
memetic,best,"['transpose', 'exchange', 'insert']",3,10,0.8,10,20,0.3,0.5,N-be75eec_150,3482828,3457113,37.403297,
memetic,best,"['transpose', 'exchange', 'insert']",3,10,0.8,10,20,0.3,0.5,N-be75eec_150,3482828,3457117,37.631321,
memetic,best,"['transpose', 'exchange', 'insert']",3,10,0.8,10,20,0.3,0.5,N-be75eec_150,3482828,3457255,37.859951,
memetic,best,"['transpose', 'exchange', 'insert']",3,10,0.8,10,20,0.3,0.5,N-be75eec_150,3482828,3457268,39.25613,
memetic,best,"['transpose', 'exchange', 'insert']",3,10,0.8,10,20,0.3,0.5,N-be75eec_150,3482828,3457294,39.457954,
memetic,best,"['transpose', 'exchange', 'insert']",3,10,0.8,10,20,0.3,0.5,N-be75eec_150,3482828,3457308,40.267567,
memetic,best,"['transpose', 'exchange', 'insert']",3,10,0.8,10,20,0.3,0.5,N-be75eec_150,3482828,3457402,40.503014,
memetic,best,"['transpose', 'exchange', 'insert']",3,10,0.8,10,20,0.3,0.5,N-be75eec_150,3482828,3457517,41.477745,
memetic,best,"['transpose', 'exchange', 'insert']",3,10,0.8,10,20,0.3,0.5,N-be75eec_150,3482828,3457589,41.878075,
memetic,best,"['transpose', 'exchange', 'insert']",3,10,0.8,10,20,0.3,0.5,N-be75eec_150,3482828,3457591,42.332447,
memetic,best,"['transpose', 'exchange', 'insert']",3,10,0.8,10,20,0.3,0.5,N-be75eec_150,3482828,3457703,42.532845,
memetic,best,"['transpose', 'exchange', 'insert']",3,10,0.8,10,20,0.3,0.5,N-be75eec_150,3482828,3457707,43.976334,
memetic,best,"['transpose', 'exchange', 'insert']",3,10,0.8,10,20,0.3,0.5,N-be75eec_150,3482828,3457733,46.062603,
memetic,best,"['transpose', 'exchange', 'insert']",3,10,0.8,10,20,0.3,0.5,N-be75eec_150,3482828,3457784,46.782818,
memetic,best,"['transpose', 'exchange', 'insert']",3,10,0.8,10,20,0.3,0.5,N-be75eec_150,3482828,3457892,47.665043,
memetic,best,"['transpose', 'exchange', 'insert']",3,10,0.8,10,20,0.3,0.5,N-be75eec_150,3482828,3457918,48.51141,
memetic,best,"['transpose', 'exchange', 'insert']",3,10,0.8,10,20,0.3,0.5,N-be75eec_150,3482828,3457990,50.261238,
memetic,best,"['transpose', 'exchange', 'insert']",3,10,0.8,10,20,0.3,0.5,N-be75eec_150,3482828,3457999,84.5466,
memetic,best,"['transpose', 'exchange', 'insert']",3,10,0.8,10,20,0.3,0.5,N-be75eec_150,3482828,3458043,86.176819,
memetic,best,"['transpose', 'exchange', 'insert']",3,10,0.8,10,20,0.3,0.5,N-be75eec_150,3482828,3458108,86.613792,
memetic,best,"['transpose', 'exchange', 'insert']",3,10,0.8,10,20,0.3,0.5,N-be75eec_150,3482828,3458108,133.891663,
memetic,best,"['transpose', 'exchange', 'insert']",3,10,1,10,20,0.1,0.5,N-be75eec_150,3482828,3415231,0.711256,
memetic,best,"['transpose', 'exchange', 'insert']",3,10,1,10,20,0.1,0.5,N-be75eec_150,3482828,3416631,1.355478,
memetic,best,"['transpose', 'exchange', 'insert']",3,10,1,10,20,0.1,0.5,N-be75eec_150,3482828,3417111,1.988108,
memetic,best,"['transpose', 'exchange', 'insert']",3,10,1,10,20,0.1,0.5,N-be75eec_150,3482828,3423924,2.597963,
memetic,best,"['transpose', 'exchange', 'insert']",3,10,1,10,20,0.1,0.5,N-be75eec_150,3482828,3426286,3.578369,
memetic,best,"['transpose', 'exchange', 'insert']",3,10,1,10,20,0.1,0.5,N-be75eec_150,3482828,3433271,4.173288,
memetic,best,"['transpose', 'exchange', 'insert']",3,10,1,10,20,0.1,0.5,N-be75eec_150,3482828,3433379,5.748219,
memetic,best,"['transpose', 'exchange', 'insert']",3,10,1,10,20,0.1,0.5,N-be75eec_150,3482828,3433952,6.246035,
memetic,best,"['transpose', 'exchange', 'insert']",3,10,1,10,20,0.1,0.5,N-be75eec_150,3482828,3439510,6.801822,
memetic,best,"['transpose', 'exchange', 'insert']",3,10,1,10,20,0.1,0.5,N-be75eec_150,3482828,3440109,8.219855,
memetic,best,"['transpose', 'exchange', 'insert']",3,10,1,10,20,0.1,0.5,N-be75eec_150,3482828,3441915,8.645394,
memetic,best,"['transpose', 'exchange', 'insert']",3,10,1,10,20,0.1,0.5,N-be75eec_150,3482828,3442139,9.939001,
memetic,best,"['transpose', 'exchange', 'insert']",3,10,1,10,20,0.1,0.5,N-be75eec_150,3482828,3442677,10.208279,
memetic,best,"['transpose', 'exchange', 'insert']",3,10,1,10,20,0.1,0.5,N-be75eec_150,3482828,3443391,10.509822,
memetic,best,"['transpose', 'exchange', 'insert']",3,10,1,10,20,0.1,0.5,N-be75eec_150,3482828,3443682,10.92283,
memetic,best,"['transpose', 'exchange', 'insert']",3,10,1,10,20,0.1,0.5,N-be75eec_150,3482828,3443924,11.242843,
memetic,best,"['transpose', 'exchange', 'insert']",3,10,1,10,20,0.1,0.5,N-be75eec_150,3482828,3443942,11.588203,
memetic,best,"['transpose', 'exchange', 'insert']",3,10,1,10,20,0.1,0.5,N-be75eec_150,3482828,3444851,11.773191,
memetic,best,"['transpose', 'exchange', 'insert']",3,10,1,10,20,0.1,0.5,N-be75eec_150,3482828,3444974,11.954106,
memetic,best,"['transpose', 'exchange', 'insert']",3,10,1,10,20,0.1,0.5,N-be75eec_150,3482828,3445209,12.122018,
memetic,best,"['transpose', 'exchange', 'insert']",3,10,1,10,20,0.1,0.5,N-be75eec_150,3482828,3445271,12.516892,
memetic,best,"['transpose', 'exchange', 'insert']",3,10,1,10,20,0.1,0.5,N-be75eec_150,3482828,3445358,12.703228,
memetic,best,"['transpose', 'exchange', 'insert']",3,10,1,10,20,0.1,0.5,N-be75eec_150,3482828,3445394,12.822205,
memetic,best,"['transpose', 'exchange', 'insert']",3,10,1,10,20,0.1,0.5,N-be75eec_150,3482828,3445573,12.929449,
memetic,best,"['transpose', 'exchange', 'insert']",3,10,1,10,20,0.1,0.5,N-be75eec_150,3482828,3445881,13.137649,
memetic,best,"['transpose', 'exchange', 'insert']",3,10,1,10,20,0.1,0.5,N-be75eec_150,3482828,3446014,13.24356,
memetic,best,"['transpose', 'exchange', 'insert']",3,10,1,10,20,0.1,0.5,N-be75eec_150,3482828,3446215,13.486235,
memetic,best,"['transpose', 'exchange', 'insert']",3,10,1,10,20,0.1,0.5,N-be75eec_150,3482828,3446300,13.662197,
memetic,best,"['transpose', 'exchange', 'insert']",3,10,1,10,20,0.1,0.5,N-be75eec_150,3482828,3446511,13.79923,
memetic,best,"['transpose', 'exchange', 'insert']",3,10,1,10,20,0.1,0.5,N-be75eec_150,3482828,3446555,13.960301,
memetic,best,"['transpose', 'exchange', 'insert']",3,10,1,10,20,0.1,0.5,N-be75eec_150,3482828,3446587,14.201238,
memetic,best,"['transpose', 'exchange', 'insert']",3,10,1,10,20,0.1,0.5,N-be75eec_150,3482828,3446633,14.490858,
memetic,best,"['transpose', 'exchange', 'insert']",3,10,1,10,20,0.1,0.5,N-be75eec_150,3482828,3446725,14.680943,
memetic,best,"['transpose', 'exchange', 'insert']",3,10,1,10,20,0.1,0.5,N-be75eec_150,3482828,3446796,14.736249,
memetic,best,"['transpose', 'exchange', 'insert']",3,10,1,10,20,0.1,0.5,N-be75eec_150,3482828,3446816,14.870653,
memetic,best,"['transpose', 'exchange', 'insert']",3,10,1,10,20,0.1,0.5,N-be75eec_150,3482828,3446833,15.007174,
memetic,best,"['transpose', 'exchange', 'insert']",3,10,1,10,20,0.1,0.5,N-be75eec_150,3482828,3446928,23.662249,
memetic,best,"['transpose', 'exchange', 'insert']",3,10,1,10,20,0.1,0.5,N-be75eec_150,3482828,3447859,24.060986,
memetic,best,"['transpose', 'exchange', 'insert']",3,10,1,10,20,0.1,0.5,N-be75eec_150,3482828,3448370,24.568977,
memetic,best,"['transpose', 'exchange', 'insert']",3,10,1,10,20,0.1,0.5,N-be75eec_150,3482828,3448700,24.67131,
memetic,best,"['transpose', 'exchange', 'insert']",3,10,1,10,20,0.1,0.5,N-be75eec_150,3482828,3449164,24.9862,
memetic,best,"['transpose', 'exchange', 'insert']",3,10,1,10,20,0.1,0.5,N-be75eec_150,3482828,3449279,25.177969,
memetic,best,"['transpose', 'exchange', 'insert']",3,10,1,10,20,0.1,0.5,N-be75eec_150,3482828,3449381,25.267097,
memetic,best,"['transpose', 'exchange', 'insert']",3,10,1,10,20,0.1,0.5,N-be75eec_150,3482828,3449809,25.465755,
memetic,best,"['transpose', 'exchange', 'insert']",3,10,1,10,20,0.1,0.5,N-be75eec_150,3482828,3449817,25.799921,
memetic,best,"['transpose', 'exchange', 'insert']",3,10,1,10,20,0.1,0.5,N-be75eec_150,3482828,3449898,36.810291,
memetic,best,"['transpose', 'exchange', 'insert']",3,10,1,10,20,0.1,0.5,N-be75eec_150,3482828,3449942,37.062378,
memetic,best,"['transpose', 'exchange', 'insert']",3,10,1,10,20,0.1,0.5,N-be75eec_150,3482828,3449958,37.132828,
memetic,best,"['transpose', 'exchange', 'insert']",3,10,1,10,20,0.1,0.5,N-be75eec_150,3482828,3449966,37.346653,
memetic,best,"['transpose', 'exchange', 'insert']",3,10,1,10,20,0.1,0.5,N-be75eec_150,3482828,3450137,46.060246,
memetic,best,"['transpose', 'exchange', 'insert']",3,10,1,10,20,0.1,0.5,N-be75eec_150,3482828,3450227,46.378361,
memetic,best,"['transpose', 'exchange', 'insert']",3,10,1,10,20,0.1,0.5,N-be75eec_150,3482828,3450271,46.54657,
memetic,best,"['transpose', 'exchange', 'insert']",3,10,1,10,20,0.1,0.5,N-be75eec_150,3482828,3450272,46.731136,
memetic,best,"['transpose', 'exchange', 'insert']",3,10,1,10,20,0.1,0.5,N-be75eec_150,3482828,3450295,46.784111,
memetic,best,"['transpose', 'exchange', 'insert']",3,10,1,10,20,0.1,0.5,N-be75eec_150,3482828,3450315,46.833138,
memetic,best,"['transpose', 'exchange', 'insert']",3,10,1,10,20,0.1,0.5,N-be75eec_150,3482828,3450384,47.153255,
memetic,best,"['transpose', 'exchange', 'insert']",3,10,1,10,20,0.1,0.5,N-be75eec_150,3482828,3450385,47.734241,
memetic,best,"['transpose', 'exchange', 'insert']",3,10,1,10,20,0.1,0.5,N-be75eec_150,3482828,3450448,73.778893,
memetic,best,"['transpose', 'exchange', 'insert']",3,10,1,10,20,0.1,0.5,N-be75eec_150,3482828,3450762,74.160294,
memetic,best,"['transpose', 'exchange', 'insert']",3,10,1,10,20,0.1,0.5,N-be75eec_150,3482828,3451628,75.072678,
memetic,best,"['transpose', 'exchange', 'insert']",3,10,1,10,20,0.1,0.5,N-be75eec_150,3482828,3452807,75.558235,
memetic,best,"['transpose', 'exchange', 'insert']",3,10,1,10,20,0.1,0.5,N-be75eec_150,3482828,3453252,76.50985,
memetic,best,"['transpose', 'exchange', 'insert']",3,10,1,10,20,0.1,0.5,N-be75eec_150,3482828,3453935,76.888382,
memetic,best,"['transpose', 'exchange', 'insert']",3,10,1,10,20,0.1,0.5,N-be75eec_150,3482828,3454500,78.132973,
memetic,best,"['transpose', 'exchange', 'insert']",3,10,1,10,20,0.1,0.5,N-be75eec_150,3482828,3456276,78.556229,
memetic,best,"['transpose', 'exchange', 'insert']",3,10,1,10,20,0.1,0.5,N-be75eec_150,3482828,3456835,78.968872,
memetic,best,"['transpose', 'exchange', 'insert']",3,10,1,10,20,0.1,0.5,N-be75eec_150,3482828,3456900,80.183929,
memetic,best,"['transpose', 'exchange', 'insert']",3,10,1,10,20,0.1,0.5,N-be75eec_150,3482828,3457509,81.050453,
memetic,best,"['transpose', 'exchange', 'insert']",3,10,1,10,20,0.1,0.5,N-be75eec_150,3482828,3458287,81.214722,
memetic,best,"['transpose', 'exchange', 'insert']",3,10,1,10,20,0.1,0.5,N-be75eec_150,3482828,3458429,81.390289,
memetic,best,"['transpose', 'exchange', 'insert']",3,10,1,10,20,0.1,0.5,N-be75eec_150,3482828,3458504,81.616379,
memetic,best,"['transpose', 'exchange', 'insert']",3,10,1,10,20,0.1,0.5,N-be75eec_150,3482828,3458588,81.984802,
memetic,best,"['transpose', 'exchange', 'insert']",3,10,1,10,20,0.1,0.5,N-be75eec_150,3482828,3458612,82.882324,
memetic,best,"['transpose', 'exchange', 'insert']",3,10,1,10,20,0.1,0.5,N-be75eec_150,3482828,3458902,83.392815,
memetic,best,"['transpose', 'exchange', 'insert']",3,10,1,10,20,0.1,0.5,N-be75eec_150,3482828,3459002,83.432953,
memetic,best,"['transpose', 'exchange', 'insert']",3,10,1,10,20,0.1,0.5,N-be75eec_150,3482828,3459065,83.509377,
memetic,best,"['transpose', 'exchange', 'insert']",3,10,1,10,20,0.1,0.5,N-be75eec_150,3482828,3459086,83.703331,
memetic,best,"['transpose', 'exchange', 'insert']",3,10,1,10,20,0.1,0.5,N-be75eec_150,3482828,3459138,83.917068,
memetic,best,"['transpose', 'exchange', 'insert']",3,10,1,10,20,0.1,0.5,N-be75eec_150,3482828,3459178,83.958534,
memetic,best,"['transpose', 'exchange', 'insert']",3,10,1,10,20,0.1,0.5,N-be75eec_150,3482828,3459316,84.465317,
memetic,best,"['transpose', 'exchange', 'insert']",3,10,1,10,20,0.1,0.5,N-be75eec_150,3482828,3459318,84.520042,
memetic,best,"['transpose', 'exchange', 'insert']",3,10,1,10,20,0.1,0.5,N-be75eec_150,3482828,3459345,84.879906,
memetic,best,"['transpose', 'exchange', 'insert']",3,10,1,10,20,0.1,0.5,N-be75eec_150,3482828,3459524,85.321777,
memetic,best,"['transpose', 'exchange', 'insert']",3,10,1,10,20,0.1,0.5,N-be75eec_150,3482828,3459587,85.609184,
memetic,best,"['transpose', 'exchange', 'insert']",3,10,1,10,20,0.1,0.5,N-be75eec_150,3482828,3459753,86.458488,
memetic,best,"['transpose', 'exchange', 'insert']",3,10,1,10,20,0.1,0.5,N-be75eec_150,3482828,3459786,86.610878,
memetic,best,"['transpose', 'exchange', 'insert']",3,10,1,10,20,0.1,0.5,N-be75eec_150,3482828,3459787,86.761482,
memetic,best,"['transpose', 'exchange', 'insert']",3,10,1,10,20,0.1,0.5,N-be75eec_150,3482828,3459909,86.973801,
memetic,best,"['transpose', 'exchange', 'insert']",3,10,1,10,20,0.1,0.5,N-be75eec_150,3482828,3459949,87.303368,
memetic,best,"['transpose', 'exchange', 'insert']",3,10,1,10,20,0.1,0.5,N-be75eec_150,3482828,3460085,87.905655,
memetic,best,"['transpose', 'exchange', 'insert']",3,10,1,10,20,0.1,0.5,N-be75eec_150,3482828,3460088,88.107185,
memetic,best,"['transpose', 'exchange', 'insert']",3,10,1,10,20,0.1,0.5,N-be75eec_150,3482828,3460142,107.45018,
memetic,best,"['transpose', 'exchange', 'insert']",3,10,1,10,20,0.1,0.5,N-be75eec_150,3482828,3460152,108.76799,
memetic,best,"['transpose', 'exchange', 'insert']",3,10,1,10,20,0.1,0.5,N-be75eec_150,3482828,3460155,108.836792,
memetic,best,"['transpose', 'exchange', 'insert']",3,10,1,10,20,0.1,0.5,N-be75eec_150,3482828,3460158,109.023781,
memetic,best,"['transpose', 'exchange', 'insert']",3,10,1,10,20,0.1,0.5,N-be75eec_150,3482828,3460161,109.08136,
memetic,best,"['transpose', 'exchange', 'insert']",3,10,1,10,20,0.1,0.5,N-be75eec_150,3482828,3460262,126.289642,
memetic,best,"['transpose', 'exchange', 'insert']",3,10,1,10,20,0.1,0.5,N-be75eec_150,3482828,3460318,126.581902,
memetic,best,"['transpose', 'exchange', 'insert']",3,10,1,10,20,0.1,0.5,N-be75eec_150,3482828,3460321,126.847229,
memetic,best,"['transpose', 'exchange', 'insert']",3,10,1,10,20,0.1,0.5,N-be75eec_150,3482828,3460406,134.314926,
memetic,best,"['transpose', 'exchange', 'insert']",3,10,1,10,20,0.1,0.5,N-be75eec_150,3482828,3460505,134.889587,
memetic,best,"['transpose', 'exchange', 'insert']",3,10,1,10,20,0.1,0.5,N-be75eec_150,3482828,3460559,134.991653,
memetic,best,"['transpose', 'exchange', 'insert']",3,10,1,10,20,0.1,0.5,N-be75eec_150,3482828,3460568,135.111618,
memetic,best,"['transpose', 'exchange', 'insert']",3,10,1,10,20,0.1,0.5,N-be75eec_150,3482828,3460568,152.601929,
memetic,best,"['transpose', 'exchange', 'insert']",3,10,1,10,20,0.3,0.5,N-be75eec_150,3482828,3415231,0.691642,
memetic,best,"['transpose', 'exchange', 'insert']",3,10,1,10,20,0.3,0.5,N-be75eec_150,3482828,3416631,1.351501,
memetic,best,"['transpose', 'exchange', 'insert']",3,10,1,10,20,0.3,0.5,N-be75eec_150,3482828,3417111,1.965244,
memetic,best,"['transpose', 'exchange', 'insert']",3,10,1,10,20,0.3,0.5,N-be75eec_150,3482828,3423924,2.547371,
memetic,best,"['transpose', 'exchange', 'insert']",3,10,1,10,20,0.3,0.5,N-be75eec_150,3482828,3426286,3.495057,
memetic,best,"['transpose', 'exchange', 'insert']",3,10,1,10,20,0.3,0.5,N-be75eec_150,3482828,3433271,4.071461,
memetic,best,"['transpose', 'exchange', 'insert']",3,10,1,10,20,0.3,0.5,N-be75eec_150,3482828,3433379,5.636912,
memetic,best,"['transpose', 'exchange', 'insert']",3,10,1,10,20,0.3,0.5,N-be75eec_150,3482828,3433952,6.112281,
memetic,best,"['transpose', 'exchange', 'insert']",3,10,1,10,20,0.3,0.5,N-be75eec_150,3482828,3439510,6.644802,
memetic,best,"['transpose', 'exchange', 'insert']",3,10,1,10,20,0.3,0.5,N-be75eec_150,3482828,3440109,7.969385,
memetic,best,"['transpose', 'exchange', 'insert']",3,10,1,10,20,0.3,0.5,N-be75eec_150,3482828,3441915,8.382058,
memetic,best,"['transpose', 'exchange', 'insert']",3,10,1,10,20,0.3,0.5,N-be75eec_150,3482828,3442139,9.572686,
memetic,best,"['transpose', 'exchange', 'insert']",3,10,1,10,20,0.3,0.5,N-be75eec_150,3482828,3442677,9.830545,
memetic,best,"['transpose', 'exchange', 'insert']",3,10,1,10,20,0.3,0.5,N-be75eec_150,3482828,3443391,10.115126,
memetic,best,"['transpose', 'exchange', 'insert']",3,10,1,10,20,0.3,0.5,N-be75eec_150,3482828,3443682,10.51501,
memetic,best,"['transpose', 'exchange', 'insert']",3,10,1,10,20,0.3,0.5,N-be75eec_150,3482828,3443924,10.812617,
memetic,best,"['transpose', 'exchange', 'insert']",3,10,1,10,20,0.3,0.5,N-be75eec_150,3482828,3443942,11.132229,
memetic,best,"['transpose', 'exchange', 'insert']",3,10,1,10,20,0.3,0.5,N-be75eec_150,3482828,3444851,11.308661,
memetic,best,"['transpose', 'exchange', 'insert']",3,10,1,10,20,0.3,0.5,N-be75eec_150,3482828,3444974,11.466147,
memetic,best,"['transpose', 'exchange', 'insert']",3,10,1,10,20,0.3,0.5,N-be75eec_150,3482828,3445209,11.599387,
memetic,best,"['transpose', 'exchange', 'insert']",3,10,1,10,20,0.3,0.5,N-be75eec_150,3482828,3445271,11.978425,
memetic,best,"['transpose', 'exchange', 'insert']",3,10,1,10,20,0.3,0.5,N-be75eec_150,3482828,3445358,12.154504,
memetic,best,"['transpose', 'exchange', 'insert']",3,10,1,10,20,0.3,0.5,N-be75eec_150,3482828,3445394,12.27334,
memetic,best,"['transpose', 'exchange', 'insert']",3,10,1,10,20,0.3,0.5,N-be75eec_150,3482828,3445573,12.390771,
memetic,best,"['transpose', 'exchange', 'insert']",3,10,1,10,20,0.3,0.5,N-be75eec_150,3482828,3445881,12.58533,
memetic,best,"['transpose', 'exchange', 'insert']",3,10,1,10,20,0.3,0.5,N-be75eec_150,3482828,3446014,12.672122,
memetic,best,"['transpose', 'exchange', 'insert']",3,10,1,10,20,0.3,0.5,N-be75eec_150,3482828,3446215,12.918271,
memetic,best,"['transpose', 'exchange', 'insert']",3,10,1,10,20,0.3,0.5,N-be75eec_150,3482828,3446300,13.080371,
memetic,best,"['transpose', 'exchange', 'insert']",3,10,1,10,20,0.3,0.5,N-be75eec_150,3482828,3446511,13.21068,
memetic,best,"['transpose', 'exchange', 'insert']",3,10,1,10,20,0.3,0.5,N-be75eec_150,3482828,3446555,13.36806,
memetic,best,"['transpose', 'exchange', 'insert']",3,10,1,10,20,0.3,0.5,N-be75eec_150,3482828,3446587,13.60669,
memetic,best,"['transpose', 'exchange', 'insert']",3,10,1,10,20,0.3,0.5,N-be75eec_150,3482828,3446633,13.882745,
memetic,best,"['transpose', 'exchange', 'insert']",3,10,1,10,20,0.3,0.5,N-be75eec_150,3482828,3446725,14.061757,
memetic,best,"['transpose', 'exchange', 'insert']",3,10,1,10,20,0.3,0.5,N-be75eec_150,3482828,3446796,14.11628,
memetic,best,"['transpose', 'exchange', 'insert']",3,10,1,10,20,0.3,0.5,N-be75eec_150,3482828,3446816,14.235486,
memetic,best,"['transpose', 'exchange', 'insert']",3,10,1,10,20,0.3,0.5,N-be75eec_150,3482828,3446833,14.371355,
memetic,best,"['transpose', 'exchange', 'insert']",3,10,1,10,20,0.3,0.5,N-be75eec_150,3482828,3446928,22.771322,
memetic,best,"['transpose', 'exchange', 'insert']",3,10,1,10,20,0.3,0.5,N-be75eec_150,3482828,3447859,23.157331,
memetic,best,"['transpose', 'exchange', 'insert']",3,10,1,10,20,0.3,0.5,N-be75eec_150,3482828,3448370,23.66136,
memetic,best,"['transpose', 'exchange', 'insert']",3,10,1,10,20,0.3,0.5,N-be75eec_150,3482828,3448700,23.760128,
memetic,best,"['transpose', 'exchange', 'insert']",3,10,1,10,20,0.3,0.5,N-be75eec_150,3482828,3449164,24.061489,
memetic,best,"['transpose', 'exchange', 'insert']",3,10,1,10,20,0.3,0.5,N-be75eec_150,3482828,3449279,24.250193,
memetic,best,"['transpose', 'exchange', 'insert']",3,10,1,10,20,0.3,0.5,N-be75eec_150,3482828,3449381,24.340315,
memetic,best,"['transpose', 'exchange', 'insert']",3,10,1,10,20,0.3,0.5,N-be75eec_150,3482828,3449809,24.544905,
memetic,best,"['transpose', 'exchange', 'insert']",3,10,1,10,20,0.3,0.5,N-be75eec_150,3482828,3449817,24.859936,
memetic,best,"['transpose', 'exchange', 'insert']",3,10,1,10,20,0.3,0.5,N-be75eec_150,3482828,3449898,35.563248,
memetic,best,"['transpose', 'exchange', 'insert']",3,10,1,10,20,0.3,0.5,N-be75eec_150,3482828,3449942,35.806988,
memetic,best,"['transpose', 'exchange', 'insert']",3,10,1,10,20,0.3,0.5,N-be75eec_150,3482828,3449958,35.886448,
memetic,best,"['transpose', 'exchange', 'insert']",3,10,1,10,20,0.3,0.5,N-be75eec_150,3482828,3449966,36.079803,
memetic,best,"['transpose', 'exchange', 'insert']",3,10,1,10,20,0.3,0.5,N-be75eec_150,3482828,3450137,44.591064,
memetic,best,"['transpose', 'exchange', 'insert']",3,10,1,10,20,0.3,0.5,N-be75eec_150,3482828,3450227,44.90913,
memetic,best,"['transpose', 'exchange', 'insert']",3,10,1,10,20,0.3,0.5,N-be75eec_150,3482828,3450271,45.067764,
memetic,best,"['transpose', 'exchange', 'insert']",3,10,1,10,20,0.3,0.5,N-be75eec_150,3482828,3450272,45.243649,
memetic,best,"['transpose', 'exchange', 'insert']",3,10,1,10,20,0.3,0.5,N-be75eec_150,3482828,3450295,45.293461,
memetic,best,"['transpose', 'exchange', 'insert']",3,10,1,10,20,0.3,0.5,N-be75eec_150,3482828,3450315,45.342182,
memetic,best,"['transpose', 'exchange', 'insert']",3,10,1,10,20,0.3,0.5,N-be75eec_150,3482828,3450384,45.656536,
memetic,best,"['transpose', 'exchange', 'insert']",3,10,1,10,20,0.3,0.5,N-be75eec_150,3482828,3450385,46.220249,
memetic,best,"['transpose', 'exchange', 'insert']",3,10,1,10,20,0.3,0.5,N-be75eec_150,3482828,3450448,71.857109,
memetic,best,"['transpose', 'exchange', 'insert']",3,10,1,10,20,0.3,0.5,N-be75eec_150,3482828,3450762,72.234222,
memetic,best,"['transpose', 'exchange', 'insert']",3,10,1,10,20,0.3,0.5,N-be75eec_150,3482828,3451628,73.147575,
memetic,best,"['transpose', 'exchange', 'insert']",3,10,1,10,20,0.3,0.5,N-be75eec_150,3482828,3452807,73.620384,
memetic,best,"['transpose', 'exchange', 'insert']",3,10,1,10,20,0.3,0.5,N-be75eec_150,3482828,3453252,74.548012,
memetic,best,"['transpose', 'exchange', 'insert']",3,10,1,10,20,0.3,0.5,N-be75eec_150,3482828,3453935,74.925842,
memetic,best,"['transpose', 'exchange', 'insert']",3,10,1,10,20,0.3,0.5,N-be75eec_150,3482828,3454500,76.12191,
memetic,best,"['transpose', 'exchange', 'insert']",3,10,1,10,20,0.3,0.5,N-be75eec_150,3482828,3456276,76.544968,
memetic,best,"['transpose', 'exchange', 'insert']",3,10,1,10,20,0.3,0.5,N-be75eec_150,3482828,3456835,76.965904,
memetic,best,"['transpose', 'exchange', 'insert']",3,10,1,10,20,0.3,0.5,N-be75eec_150,3482828,3456900,78.142616,
memetic,best,"['transpose', 'exchange', 'insert']",3,10,1,10,20,0.3,0.5,N-be75eec_150,3482828,3457509,78.964554,
memetic,best,"['transpose', 'exchange', 'insert']",3,10,1,10,20,0.3,0.5,N-be75eec_150,3482828,3458287,79.106781,
memetic,best,"['transpose', 'exchange', 'insert']",3,10,1,10,20,0.3,0.5,N-be75eec_150,3482828,3458429,79.272469,
memetic,best,"['transpose', 'exchange', 'insert']",3,10,1,10,20,0.3,0.5,N-be75eec_150,3482828,3458504,79.479668,
memetic,best,"['transpose', 'exchange', 'insert']",3,10,1,10,20,0.3,0.5,N-be75eec_150,3482828,3458588,79.818161,
memetic,best,"['transpose', 'exchange', 'insert']",3,10,1,10,20,0.3,0.5,N-be75eec_150,3482828,3458612,80.643387,
memetic,best,"['transpose', 'exchange', 'insert']",3,10,1,10,20,0.3,0.5,N-be75eec_150,3482828,3458902,81.125725,
memetic,best,"['transpose', 'exchange', 'insert']",3,10,1,10,20,0.3,0.5,N-be75eec_150,3482828,3459002,81.159103,
memetic,best,"['transpose', 'exchange', 'insert']",3,10,1,10,20,0.3,0.5,N-be75eec_150,3482828,3459065,81.242935,
memetic,best,"['transpose', 'exchange', 'insert']",3,10,1,10,20,0.3,0.5,N-be75eec_150,3482828,3459086,81.439056,
memetic,best,"['transpose', 'exchange', 'insert']",3,10,1,10,20,0.3,0.5,N-be75eec_150,3482828,3459138,81.660515,
memetic,best,"['transpose', 'exchange', 'insert']",3,10,1,10,20,0.3,0.5,N-be75eec_150,3482828,3459178,81.697105,
memetic,best,"['transpose', 'exchange', 'insert']",3,10,1,10,20,0.3,0.5,N-be75eec_150,3482828,3459316,82.17865,
memetic,best,"['transpose', 'exchange', 'insert']",3,10,1,10,20,0.3,0.5,N-be75eec_150,3482828,3459318,82.225716,
memetic,best,"['transpose', 'exchange', 'insert']",3,10,1,10,20,0.3,0.5,N-be75eec_150,3482828,3459345,82.576347,
memetic,best,"['transpose', 'exchange', 'insert']",3,10,1,10,20,0.3,0.5,N-be75eec_150,3482828,3459524,82.980171,
memetic,best,"['transpose', 'exchange', 'insert']",3,10,1,10,20,0.3,0.5,N-be75eec_150,3482828,3459587,83.253517,
memetic,best,"['transpose', 'exchange', 'insert']",3,10,1,10,20,0.3,0.5,N-be75eec_150,3482828,3459753,84.082809,
memetic,best,"['transpose', 'exchange', 'insert']",3,10,1,10,20,0.3,0.5,N-be75eec_150,3482828,3459786,84.225685,
memetic,best,"['transpose', 'exchange', 'insert']",3,10,1,10,20,0.3,0.5,N-be75eec_150,3482828,3459787,84.377975,
memetic,best,"['transpose', 'exchange', 'insert']",3,10,1,10,20,0.3,0.5,N-be75eec_150,3482828,3459909,84.575233,
memetic,best,"['transpose', 'exchange', 'insert']",3,10,1,10,20,0.3,0.5,N-be75eec_150,3482828,3459949,84.890266,
memetic,best,"['transpose', 'exchange', 'insert']",3,10,1,10,20,0.3,0.5,N-be75eec_150,3482828,3460085,85.472694,
memetic,best,"['transpose', 'exchange', 'insert']",3,10,1,10,20,0.3,0.5,N-be75eec_150,3482828,3460088,85.671013,
memetic,best,"['transpose', 'exchange', 'insert']",3,10,1,10,20,0.3,0.5,N-be75eec_150,3482828,3460142,104.790031,
memetic,best,"['transpose', 'exchange', 'insert']",3,10,1,10,20,0.3,0.5,N-be75eec_150,3482828,3460152,105.988411,
memetic,best,"['transpose', 'exchange', 'insert']",3,10,1,10,20,0.3,0.5,N-be75eec_150,3482828,3460155,106.052513,
memetic,best,"['transpose', 'exchange', 'insert']",3,10,1,10,20,0.3,0.5,N-be75eec_150,3482828,3460158,106.221344,
memetic,best,"['transpose', 'exchange', 'insert']",3,10,1,10,20,0.3,0.5,N-be75eec_150,3482828,3460161,106.279915,
memetic,best,"['transpose', 'exchange', 'insert']",3,10,1,10,20,0.3,0.5,N-be75eec_150,3482828,3460262,122.722054,
memetic,best,"['transpose', 'exchange', 'insert']",3,10,1,10,20,0.3,0.5,N-be75eec_150,3482828,3460318,122.996078,
memetic,best,"['transpose', 'exchange', 'insert']",3,10,1,10,20,0.3,0.5,N-be75eec_150,3482828,3460321,123.276955,
memetic,best,"['transpose', 'exchange', 'insert']",3,10,1,10,20,0.3,0.5,N-be75eec_150,3482828,3460406,130.463669,
memetic,best,"['transpose', 'exchange', 'insert']",3,10,1,10,20,0.3,0.5,N-be75eec_150,3482828,3460505,131.03952,
memetic,best,"['transpose', 'exchange', 'insert']",3,10,1,10,20,0.3,0.5,N-be75eec_150,3482828,3460559,131.135834,
memetic,best,"['transpose', 'exchange', 'insert']",3,10,1,10,20,0.3,0.5,N-be75eec_150,3482828,3460568,131.258743,
memetic,best,"['transpose', 'exchange', 'insert']",3,10,1,10,20,0.3,0.5,N-be75eec_150,3482828,3460568,148.246857,
