algo,pivot,neighborhood,meme_divers_try,meme_mean_try,meme_cross_rate_mut,meme_offspring,meme_pop,meme_mut_rate,meme_cross_rate,instance,best_known_cost,cost,elapsed_seconds,solution
memetic,best,"['transpose', 'exchange', 'insert']",5,30,0.8,11,25,0.1,0.5,N-be75eec_150,3482828,3415872,0.616927,
memetic,best,"['transpose', 'exchange', 'insert']",5,30,0.8,11,25,0.1,0.5,N-be75eec_150,3482828,3423133,1.8148,
memetic,best,"['transpose', 'exchange', 'insert']",5,30,0.8,11,25,0.1,0.5,N-be75eec_150,3482828,3426082,2.899815,
memetic,best,"['transpose', 'exchange', 'insert']",5,30,0.8,11,25,0.1,0.5,N-be75eec_150,3482828,3426289,3.442102,
memetic,best,"['transpose', 'exchange', 'insert']",5,30,0.8,11,25,0.1,0.5,N-be75eec_150,3482828,3427977,4.543586,
memetic,best,"['transpose', 'exchange', 'insert']",5,30,0.8,11,25,0.1,0.5,N-be75eec_150,3482828,3428661,5.008401,
memetic,best,"['transpose', 'exchange', 'insert']",5,30,0.8,11,25,0.1,0.5,N-be75eec_150,3482828,3433434,6.044621,
memetic,best,"['transpose', 'exchange', 'insert']",5,30,0.8,11,25,0.1,0.5,N-be75eec_150,3482828,3434886,6.572164,
memetic,best,"['transpose', 'exchange', 'insert']",5,30,0.8,11,25,0.1,0.5,N-be75eec_150,3482828,3435117,7.46678,
memetic,best,"['transpose', 'exchange', 'insert']",5,30,0.8,11,25,0.1,0.5,N-be75eec_150,3482828,3439025,7.993637,
memetic,best,"['transpose', 'exchange', 'insert']",5,30,0.8,11,25,0.1,0.5,N-be75eec_150,3482828,3439548,9.238141,
memetic,best,"['transpose', 'exchange', 'insert']",5,30,0.8,11,25,0.1,0.5,N-be75eec_150,3482828,3441883,9.732312,
memetic,best,"['transpose', 'exchange', 'insert']",5,30,0.8,11,25,0.1,0.5,N-be75eec_150,3482828,3443528,11.296126,
memetic,best,"['transpose', 'exchange', 'insert']",5,30,0.8,11,25,0.1,0.5,N-be75eec_150,3482828,3443664,12.55192,
memetic,best,"['transpose', 'exchange', 'insert']",5,30,0.8,11,25,0.1,0.5,N-be75eec_150,3482828,3446244,13.024333,
memetic,best,"['transpose', 'exchange', 'insert']",5,30,0.8,11,25,0.1,0.5,N-be75eec_150,3482828,3446904,15.784283,
memetic,best,"['transpose', 'exchange', 'insert']",5,30,0.8,11,25,0.1,0.5,N-be75eec_150,3482828,3449463,16.579945,
memetic,best,"['transpose', 'exchange', 'insert']",5,30,0.8,11,25,0.1,0.5,N-be75eec_150,3482828,3450441,17.584841,
memetic,best,"['transpose', 'exchange', 'insert']",5,30,0.8,11,25,0.1,0.5,N-be75eec_150,3482828,3450548,17.9128,
memetic,best,"['transpose', 'exchange', 'insert']",5,30,0.8,11,25,0.1,0.5,N-be75eec_150,3482828,3451244,18.901918,
memetic,best,"['transpose', 'exchange', 'insert']",5,30,0.8,11,25,0.1,0.5,N-be75eec_150,3482828,3451416,19.235155,
memetic,best,"['transpose', 'exchange', 'insert']",5,30,0.8,11,25,0.1,0.5,N-be75eec_150,3482828,3451643,20.191326,
memetic,best,"['transpose', 'exchange', 'insert']",5,30,0.8,11,25,0.1,0.5,N-be75eec_150,3482828,3453694,21.123217,
memetic,best,"['transpose', 'exchange', 'insert']",5,30,0.8,11,25,0.1,0.5,N-be75eec_150,3482828,3454172,22.4193,
memetic,best,"['transpose', 'exchange', 'insert']",5,30,0.8,11,25,0.1,0.5,N-be75eec_150,3482828,3454228,23.099403,
memetic,best,"['transpose', 'exchange', 'insert']",5,30,0.8,11,25,0.1,0.5,N-be75eec_150,3482828,3454528,23.428753,
memetic,best,"['transpose', 'exchange', 'insert']",5,30,0.8,11,25,0.1,0.5,N-be75eec_150,3482828,3454718,24.089516,
memetic,best,"['transpose', 'exchange', 'insert']",5,30,0.8,11,25,0.1,0.5,N-be75eec_150,3482828,3455608,24.362862,
memetic,best,"['transpose', 'exchange', 'insert']",5,30,0.8,11,25,0.1,0.5,N-be75eec_150,3482828,3455829,26.550816,
memetic,best,"['transpose', 'exchange', 'insert']",5,30,0.8,11,25,0.1,0.5,N-be75eec_150,3482828,3456117,28.027229,
memetic,best,"['transpose', 'exchange', 'insert']",5,30,0.8,11,25,0.1,0.5,N-be75eec_150,3482828,3456190,29.040386,
memetic,best,"['transpose', 'exchange', 'insert']",5,30,0.8,11,25,0.1,0.5,N-be75eec_150,3482828,3456197,29.235624,
memetic,best,"['transpose', 'exchange', 'insert']",5,30,0.8,11,25,0.1,0.5,N-be75eec_150,3482828,3457125,29.64492,
memetic,best,"['transpose', 'exchange', 'insert']",5,30,0.8,11,25,0.1,0.5,N-be75eec_150,3482828,3458880,30.685579,
memetic,best,"['transpose', 'exchange', 'insert']",5,30,0.8,11,25,0.1,0.5,N-be75eec_150,3482828,3459249,32.506111,
memetic,best,"['transpose', 'exchange', 'insert']",5,30,0.8,11,25,0.1,0.5,N-be75eec_150,3482828,3459299,33.35043,
memetic,best,"['transpose', 'exchange', 'insert']",5,30,0.8,11,25,0.1,0.5,N-be75eec_150,3482828,3459423,33.559547,
memetic,best,"['transpose', 'exchange', 'insert']",5,30,0.8,11,25,0.1,0.5,N-be75eec_150,3482828,3459555,34.354576,
memetic,best,"['transpose', 'exchange', 'insert']",5,30,0.8,11,25,0.1,0.5,N-be75eec_150,3482828,3459600,34.644028,
memetic,best,"['transpose', 'exchange', 'insert']",5,30,0.8,11,25,0.1,0.5,N-be75eec_150,3482828,3459631,34.794521,
memetic,best,"['transpose', 'exchange', 'insert']",5,30,0.8,11,25,0.1,0.5,N-be75eec_150,3482828,3459643,35.189808,
memetic,best,"['transpose', 'exchange', 'insert']",5,30,0.8,11,25,0.1,0.5,N-be75eec_150,3482828,3459661,35.430939,
memetic,best,"['transpose', 'exchange', 'insert']",5,30,0.8,11,25,0.1,0.5,N-be75eec_150,3482828,3459714,36.030724,
memetic,best,"['transpose', 'exchange', 'insert']",5,30,0.8,11,25,0.1,0.5,N-be75eec_150,3482828,3459719,37.062386,
memetic,best,"['transpose', 'exchange', 'insert']",5,30,0.8,11,25,0.1,0.5,N-be75eec_150,3482828,3459722,37.556049,
memetic,best,"['transpose', 'exchange', 'insert']",5,30,0.8,11,25,0.1,0.5,N-be75eec_150,3482828,3459734,37.803993,
memetic,best,"['transpose', 'exchange', 'insert']",5,30,0.8,11,25,0.1,0.5,N-be75eec_150,3482828,3459785,38.312237,
memetic,best,"['transpose', 'exchange', 'insert']",5,30,0.8,11,25,0.1,0.5,N-be75eec_150,3482828,3459801,42.619205,
memetic,best,"['transpose', 'exchange', 'insert']",5,30,0.8,11,25,0.1,0.5,N-be75eec_150,3482828,3459886,43.075165,
memetic,best,"['transpose', 'exchange', 'insert']",5,30,0.8,11,25,0.1,0.5,N-be75eec_150,3482828,3459888,43.227276,
memetic,best,"['transpose', 'exchange', 'insert']",5,30,0.8,11,25,0.1,0.5,N-be75eec_150,3482828,3459907,43.393688,
memetic,best,"['transpose', 'exchange', 'insert']",5,30,0.8,11,25,0.1,0.5,N-be75eec_150,3482828,3459941,43.627522,
memetic,best,"['transpose', 'exchange', 'insert']",5,30,0.8,11,25,0.1,0.5,N-be75eec_150,3482828,3459960,44.168396,
memetic,best,"['transpose', 'exchange', 'insert']",5,30,0.8,11,25,0.1,0.5,N-be75eec_150,3482828,3460020,45.173382,
memetic,best,"['transpose', 'exchange', 'insert']",5,30,0.8,11,25,0.1,0.5,N-be75eec_150,3482828,3460068,46.175362,
memetic,best,"['transpose', 'exchange', 'insert']",5,30,0.8,11,25,0.1,0.5,N-be75eec_150,3482828,3460140,46.32074,
memetic,best,"['transpose', 'exchange', 'insert']",5,30,0.8,11,25,0.1,0.5,N-be75eec_150,3482828,3460696,47.068203,
memetic,best,"['transpose', 'exchange', 'insert']",5,30,0.8,11,25,0.1,0.5,N-be75eec_150,3482828,3460756,47.71019,
memetic,best,"['transpose', 'exchange', 'insert']",5,30,0.8,11,25,0.1,0.5,N-be75eec_150,3482828,3460762,48.007195,
memetic,best,"['transpose', 'exchange', 'insert']",5,30,0.8,11,25,0.1,0.5,N-be75eec_150,3482828,3460806,49.992191,
memetic,best,"['transpose', 'exchange', 'insert']",5,30,0.8,11,25,0.1,0.5,N-be75eec_150,3482828,3460859,51.330219,
memetic,best,"['transpose', 'exchange', 'insert']",5,30,0.8,11,25,0.1,0.5,N-be75eec_150,3482828,3460861,51.784191,
memetic,best,"['transpose', 'exchange', 'insert']",5,30,0.8,11,25,0.1,0.5,N-be75eec_150,3482828,3460863,52.670616,
memetic,best,"['transpose', 'exchange', 'insert']",5,30,0.8,11,25,0.1,0.5,N-be75eec_150,3482828,3460875,52.830078,
memetic,best,"['transpose', 'exchange', 'insert']",5,30,0.8,11,25,0.1,0.5,N-be75eec_150,3482828,3460923,75.764969,
memetic,best,"['transpose', 'exchange', 'insert']",5,30,0.8,11,25,0.1,0.5,N-be75eec_150,3482828,3460983,98.107368,
memetic,best,"['transpose', 'exchange', 'insert']",5,30,0.8,11,25,0.1,0.5,N-be75eec_150,3482828,3461799,98.470032,
memetic,best,"['transpose', 'exchange', 'insert']",5,30,0.8,11,25,0.1,0.5,N-be75eec_150,3482828,3462371,100.417755,
memetic,best,"['transpose', 'exchange', 'insert']",5,30,0.8,11,25,0.1,0.5,N-be75eec_150,3482828,3462452,102.083084,
memetic,best,"['transpose', 'exchange', 'insert']",5,30,0.8,11,25,0.1,0.5,N-be75eec_150,3482828,3463127,102.713783,
memetic,best,"['transpose', 'exchange', 'insert']",5,30,0.8,11,25,0.1,0.5,N-be75eec_150,3482828,3463239,103.169479,
memetic,best,"['transpose', 'exchange', 'insert']",5,30,0.8,11,25,0.1,0.5,N-be75eec_150,3482828,3463763,103.430038,
memetic,best,"['transpose', 'exchange', 'insert']",5,30,0.8,11,25,0.1,0.5,N-be75eec_150,3482828,3464241,103.931534,
memetic,best,"['transpose', 'exchange', 'insert']",5,30,0.8,11,25,0.1,0.5,N-be75eec_150,3482828,3464907,106.130402,
memetic,best,"['transpose', 'exchange', 'insert']",5,30,0.8,11,25,0.1,0.5,N-be75eec_150,3482828,3465323,106.387352,
memetic,best,"['transpose', 'exchange', 'insert']",5,30,0.8,11,25,0.1,0.5,N-be75eec_150,3482828,3465765,106.675453,
memetic,best,"['transpose', 'exchange', 'insert']",5,30,0.8,11,25,0.1,0.5,N-be75eec_150,3482828,3465784,107.754311,
memetic,best,"['transpose', 'exchange', 'insert']",5,30,0.8,11,25,0.1,0.5,N-be75eec_150,3482828,3465972,107.971359,
memetic,best,"['transpose', 'exchange', 'insert']",5,30,0.8,11,25,0.1,0.5,N-be75eec_150,3482828,3466085,108.926079,
memetic,best,"['transpose', 'exchange', 'insert']",5,30,0.8,11,25,0.1,0.5,N-be75eec_150,3482828,3466150,109.073914,
memetic,best,"['transpose', 'exchange', 'insert']",5,30,0.8,11,25,0.1,0.5,N-be75eec_150,3482828,3466165,109.249466,
memetic,best,"['transpose', 'exchange', 'insert']",5,30,0.8,11,25,0.1,0.5,N-be75eec_150,3482828,3466188,109.352325,
memetic,best,"['transpose', 'exchange', 'insert']",5,30,0.8,11,25,0.1,0.5,N-be75eec_150,3482828,3466218,109.518967,
memetic,best,"['transpose', 'exchange', 'insert']",5,30,0.8,11,25,0.1,0.5,N-be75eec_150,3482828,3466289,109.651085,
memetic,best,"['transpose', 'exchange', 'insert']",5,30,0.8,11,25,0.1,0.5,N-be75eec_150,3482828,3466516,109.787331,
memetic,best,"['transpose', 'exchange', 'insert']",5,30,0.8,11,25,0.1,0.5,N-be75eec_150,3482828,3466521,110.204285,
memetic,best,"['transpose', 'exchange', 'insert']",5,30,0.8,11,25,0.1,0.5,N-be75eec_150,3482828,3466541,110.590126,
memetic,best,"['transpose', 'exchange', 'insert']",5,30,0.8,11,25,0.1,0.5,N-be75eec_150,3482828,3466549,110.716888,
memetic,best,"['transpose', 'exchange', 'insert']",5,30,0.8,11,25,0.1,0.5,N-be75eec_150,3482828,3466566,110.980621,
memetic,best,"['transpose', 'exchange', 'insert']",5,30,0.8,11,25,0.1,0.5,N-be75eec_150,3482828,3466578,111.609062,
memetic,best,"['transpose', 'exchange', 'insert']",5,30,0.8,11,25,0.1,0.5,N-be75eec_150,3482828,3466605,112.56694,
memetic,best,"['transpose', 'exchange', 'insert']",5,30,0.8,11,25,0.1,0.5,N-be75eec_150,3482828,3466618,114.308823,
memetic,best,"['transpose', 'exchange', 'insert']",5,30,0.8,11,25,0.1,0.5,N-be75eec_150,3482828,3466628,118.059341,
memetic,best,"['transpose', 'exchange', 'insert']",5,30,0.8,11,25,0.1,0.5,N-be75eec_150,3482828,3466630,118.582985,
memetic,best,"['transpose', 'exchange', 'insert']",5,30,0.8,11,25,0.1,0.5,N-be75eec_150,3482828,3466712,123.207169,
memetic,best,"['transpose', 'exchange', 'insert']",5,30,0.8,11,25,0.1,0.5,N-be75eec_150,3482828,3466715,166.46637,
memetic,best,"['transpose', 'exchange', 'insert']",5,30,0.8,11,25,0.1,0.5,N-be75eec_150,3482828,3466715,248.506683,
memetic,best,"['transpose', 'exchange', 'insert']",5,30,0.8,11,25,0.1,0.5,N-be75eec_150,7174325,3415872,0.636716,
memetic,best,"['transpose', 'exchange', 'insert']",5,30,0.8,11,25,0.1,0.5,N-be75eec_150,7174325,3423133,1.886313,
memetic,best,"['transpose', 'exchange', 'insert']",5,30,0.8,11,25,0.1,0.5,N-be75eec_150,7174325,3426082,2.992682,
memetic,best,"['transpose', 'exchange', 'insert']",5,30,0.8,11,25,0.1,0.5,N-be75eec_150,7174325,3426289,3.536676,
memetic,best,"['transpose', 'exchange', 'insert']",5,30,0.8,11,25,0.1,0.5,N-be75eec_150,7174325,3427977,4.660702,
memetic,best,"['transpose', 'exchange', 'insert']",5,30,0.8,11,25,0.1,0.5,N-be75eec_150,7174325,3428661,5.128009,
memetic,best,"['transpose', 'exchange', 'insert']",5,30,0.8,11,25,0.1,0.5,N-be75eec_150,7174325,3433434,6.221879,
memetic,best,"['transpose', 'exchange', 'insert']",5,30,0.8,11,25,0.1,0.5,N-be75eec_150,7174325,3434886,6.762092,
memetic,best,"['transpose', 'exchange', 'insert']",5,30,0.8,11,25,0.1,0.5,N-be75eec_150,7174325,3435117,7.670785,
memetic,best,"['transpose', 'exchange', 'insert']",5,30,0.8,11,25,0.1,0.5,N-be75eec_150,7174325,3439025,8.187833,
memetic,best,"['transpose', 'exchange', 'insert']",5,30,0.8,11,25,0.1,0.5,N-be75eec_150,7174325,3439548,9.444395,
memetic,best,"['transpose', 'exchange', 'insert']",5,30,0.8,11,25,0.1,0.5,N-be75eec_150,7174325,3441883,9.921872,
memetic,best,"['transpose', 'exchange', 'insert']",5,30,0.8,11,25,0.1,0.5,N-be75eec_150,7174325,3443528,11.475403,
memetic,best,"['transpose', 'exchange', 'insert']",5,30,0.8,11,25,0.1,0.5,N-be75eec_150,7174325,3443664,12.751337,
memetic,best,"['transpose', 'exchange', 'insert']",5,30,0.8,11,25,0.1,0.5,N-be75eec_150,7174325,3446244,13.22312,
memetic,best,"['transpose', 'exchange', 'insert']",5,30,0.8,11,25,0.1,0.5,N-be75eec_150,7174325,3446904,16.117628,
memetic,best,"['transpose', 'exchange', 'insert']",5,30,0.8,11,25,0.1,0.5,N-be75eec_150,7174325,3449463,16.904394,
memetic,best,"['transpose', 'exchange', 'insert']",5,30,0.8,11,25,0.1,0.5,N-be75eec_150,7174325,3450441,17.95598,
memetic,best,"['transpose', 'exchange', 'insert']",5,30,0.8,11,25,0.1,0.5,N-be75eec_150,7174325,3450548,18.304012,
memetic,best,"['transpose', 'exchange', 'insert']",5,30,0.8,11,25,0.1,0.5,N-be75eec_150,7174325,3451244,19.248137,
memetic,best,"['transpose', 'exchange', 'insert']",5,30,0.8,11,25,0.1,0.5,N-be75eec_150,7174325,3451416,19.589344,
memetic,best,"['transpose', 'exchange', 'insert']",5,30,0.8,11,25,0.1,0.5,N-be75eec_150,7174325,3451643,20.558687,
memetic,best,"['transpose', 'exchange', 'insert']",5,30,0.8,11,25,0.1,0.5,N-be75eec_150,7174325,3453694,21.487476,
memetic,best,"['transpose', 'exchange', 'insert']",5,30,0.8,11,25,0.1,0.5,N-be75eec_150,7174325,3454172,22.791578,
memetic,best,"['transpose', 'exchange', 'insert']",5,30,0.8,11,25,0.1,0.5,N-be75eec_150,7174325,3454228,23.501507,
memetic,best,"['transpose', 'exchange', 'insert']",5,30,0.8,11,25,0.1,0.5,N-be75eec_150,7174325,3454528,23.846895,
memetic,best,"['transpose', 'exchange', 'insert']",5,30,0.8,11,25,0.1,0.5,N-be75eec_150,7174325,3454718,24.543068,
memetic,best,"['transpose', 'exchange', 'insert']",5,30,0.8,11,25,0.1,0.5,N-be75eec_150,7174325,3455608,24.809961,
memetic,best,"['transpose', 'exchange', 'insert']",5,30,0.8,11,25,0.1,0.5,N-be75eec_150,7174325,3455829,27.022654,
memetic,best,"['transpose', 'exchange', 'insert']",5,30,0.8,11,25,0.1,0.5,N-be75eec_150,7174325,3456117,28.523275,
memetic,best,"['transpose', 'exchange', 'insert']",5,30,0.8,11,25,0.1,0.5,N-be75eec_150,7174325,3456190,29.56275,
memetic,best,"['transpose', 'exchange', 'insert']",5,30,0.8,11,25,0.1,0.5,N-be75eec_150,7174325,3456197,29.773649,
memetic,best,"['transpose', 'exchange', 'insert']",5,30,0.8,11,25,0.1,0.5,N-be75eec_150,7174325,3457125,30.175697,
memetic,best,"['transpose', 'exchange', 'insert']",5,30,0.8,11,25,0.1,0.5,N-be75eec_150,7174325,3458880,31.202364,
memetic,best,"['transpose', 'exchange', 'insert']",5,30,0.8,11,25,0.1,0.5,N-be75eec_150,7174325,3459249,33.067638,
memetic,best,"['transpose', 'exchange', 'insert']",5,30,0.8,11,25,0.1,0.5,N-be75eec_150,7174325,3459299,33.95742,
memetic,best,"['transpose', 'exchange', 'insert']",5,30,0.8,11,25,0.1,0.5,N-be75eec_150,7174325,3459423,34.174858,
memetic,best,"['transpose', 'exchange', 'insert']",5,30,0.8,11,25,0.1,0.5,N-be75eec_150,7174325,3459555,34.975128,
memetic,best,"['transpose', 'exchange', 'insert']",5,30,0.8,11,25,0.1,0.5,N-be75eec_150,7174325,3459600,35.253487,
memetic,best,"['transpose', 'exchange', 'insert']",5,30,0.8,11,25,0.1,0.5,N-be75eec_150,7174325,3459631,35.414242,
memetic,best,"['transpose', 'exchange', 'insert']",5,30,0.8,11,25,0.1,0.5,N-be75eec_150,7174325,3459643,35.781559,
memetic,best,"['transpose', 'exchange', 'insert']",5,30,0.8,11,25,0.1,0.5,N-be75eec_150,7174325,3459661,36.052258,
memetic,best,"['transpose', 'exchange', 'insert']",5,30,0.8,11,25,0.1,0.5,N-be75eec_150,7174325,3459714,36.620762,
memetic,best,"['transpose', 'exchange', 'insert']",5,30,0.8,11,25,0.1,0.5,N-be75eec_150,7174325,3459719,37.669788,
memetic,best,"['transpose', 'exchange', 'insert']",5,30,0.8,11,25,0.1,0.5,N-be75eec_150,7174325,3459722,38.140526,
memetic,best,"['transpose', 'exchange', 'insert']",5,30,0.8,11,25,0.1,0.5,N-be75eec_150,7174325,3459734,38.399719,
memetic,best,"['transpose', 'exchange', 'insert']",5,30,0.8,11,25,0.1,0.5,N-be75eec_150,7174325,3459785,38.898926,
memetic,best,"['transpose', 'exchange', 'insert']",5,30,0.8,11,25,0.1,0.5,N-be75eec_150,7174325,3459801,43.219456,
memetic,best,"['transpose', 'exchange', 'insert']",5,30,0.8,11,25,0.1,0.5,N-be75eec_150,7174325,3459886,43.657879,
memetic,best,"['transpose', 'exchange', 'insert']",5,30,0.8,11,25,0.1,0.5,N-be75eec_150,7174325,3459888,43.7995,
memetic,best,"['transpose', 'exchange', 'insert']",5,30,0.8,11,25,0.1,0.5,N-be75eec_150,7174325,3459907,43.974403,
memetic,best,"['transpose', 'exchange', 'insert']",5,30,0.8,11,25,0.1,0.5,N-be75eec_150,7174325,3459941,44.209026,
memetic,best,"['transpose', 'exchange', 'insert']",5,30,0.8,11,25,0.1,0.5,N-be75eec_150,7174325,3459960,44.745804,
memetic,best,"['transpose', 'exchange', 'insert']",5,30,0.8,11,25,0.1,0.5,N-be75eec_150,7174325,3460020,45.782692,
memetic,best,"['transpose', 'exchange', 'insert']",5,30,0.8,11,25,0.1,0.5,N-be75eec_150,7174325,3460068,46.794468,
memetic,best,"['transpose', 'exchange', 'insert']",5,30,0.8,11,25,0.1,0.5,N-be75eec_150,7174325,3460140,46.937908,
memetic,best,"['transpose', 'exchange', 'insert']",5,30,0.8,11,25,0.1,0.5,N-be75eec_150,7174325,3460696,47.707172,
memetic,best,"['transpose', 'exchange', 'insert']",5,30,0.8,11,25,0.1,0.5,N-be75eec_150,7174325,3460756,48.344803,
memetic,best,"['transpose', 'exchange', 'insert']",5,30,0.8,11,25,0.1,0.5,N-be75eec_150,7174325,3460762,48.645267,
memetic,best,"['transpose', 'exchange', 'insert']",5,30,0.8,11,25,0.1,0.5,N-be75eec_150,7174325,3460806,50.6633,
memetic,best,"['transpose', 'exchange', 'insert']",5,30,0.8,11,25,0.1,0.5,N-be75eec_150,7174325,3460859,51.989796,
memetic,best,"['transpose', 'exchange', 'insert']",5,30,0.8,11,25,0.1,0.5,N-be75eec_150,7174325,3460861,52.459942,
memetic,best,"['transpose', 'exchange', 'insert']",5,30,0.8,11,25,0.1,0.5,N-be75eec_150,7174325,3460863,53.334297,
memetic,best,"['transpose', 'exchange', 'insert']",5,30,0.8,11,25,0.1,0.5,N-be75eec_150,7174325,3460875,53.489071,
memetic,best,"['transpose', 'exchange', 'insert']",5,30,0.8,11,25,0.1,0.5,N-be75eec_150,7174325,3460923,76.649467,
memetic,best,"['transpose', 'exchange', 'insert']",5,30,0.8,11,25,0.1,0.5,N-be75eec_150,7174325,3460983,99.167168,
memetic,best,"['transpose', 'exchange', 'insert']",5,30,0.8,11,25,0.1,0.5,N-be75eec_150,7174325,3461799,99.536766,
memetic,best,"['transpose', 'exchange', 'insert']",5,30,0.8,11,25,0.1,0.5,N-be75eec_150,7174325,3462371,101.553986,
memetic,best,"['transpose', 'exchange', 'insert']",5,30,0.8,11,25,0.1,0.5,N-be75eec_150,7174325,3462452,103.20253,
memetic,best,"['transpose', 'exchange', 'insert']",5,30,0.8,11,25,0.1,0.5,N-be75eec_150,7174325,3463127,103.823761,
memetic,best,"['transpose', 'exchange', 'insert']",5,30,0.8,11,25,0.1,0.5,N-be75eec_150,7174325,3463239,104.260399,
memetic,best,"['transpose', 'exchange', 'insert']",5,30,0.8,11,25,0.1,0.5,N-be75eec_150,7174325,3463763,104.510841,
memetic,best,"['transpose', 'exchange', 'insert']",5,30,0.8,11,25,0.1,0.5,N-be75eec_150,7174325,3464241,105.005386,
memetic,best,"['transpose', 'exchange', 'insert']",5,30,0.8,11,25,0.1,0.5,N-be75eec_150,7174325,3464907,107.260902,
memetic,best,"['transpose', 'exchange', 'insert']",5,30,0.8,11,25,0.1,0.5,N-be75eec_150,7174325,3465323,107.514526,
memetic,best,"['transpose', 'exchange', 'insert']",5,30,0.8,11,25,0.1,0.5,N-be75eec_150,7174325,3465765,107.794434,
memetic,best,"['transpose', 'exchange', 'insert']",5,30,0.8,11,25,0.1,0.5,N-be75eec_150,7174325,3465784,108.808105,
memetic,best,"['transpose', 'exchange', 'insert']",5,30,0.8,11,25,0.1,0.5,N-be75eec_150,7174325,3465972,109.036819,
memetic,best,"['transpose', 'exchange', 'insert']",5,30,0.8,11,25,0.1,0.5,N-be75eec_150,7174325,3466085,109.995094,
memetic,best,"['transpose', 'exchange', 'insert']",5,30,0.8,11,25,0.1,0.5,N-be75eec_150,7174325,3466150,110.14743,
memetic,best,"['transpose', 'exchange', 'insert']",5,30,0.8,11,25,0.1,0.5,N-be75eec_150,7174325,3466165,110.301384,
memetic,best,"['transpose', 'exchange', 'insert']",5,30,0.8,11,25,0.1,0.5,N-be75eec_150,7174325,3466188,110.399666,
memetic,best,"['transpose', 'exchange', 'insert']",5,30,0.8,11,25,0.1,0.5,N-be75eec_150,7174325,3466218,110.569824,
memetic,best,"['transpose', 'exchange', 'insert']",5,30,0.8,11,25,0.1,0.5,N-be75eec_150,7174325,3466289,110.708046,
memetic,best,"['transpose', 'exchange', 'insert']",5,30,0.8,11,25,0.1,0.5,N-be75eec_150,7174325,3466516,110.843483,
memetic,best,"['transpose', 'exchange', 'insert']",5,30,0.8,11,25,0.1,0.5,N-be75eec_150,7174325,3466521,111.305458,
memetic,best,"['transpose', 'exchange', 'insert']",5,30,0.8,11,25,0.1,0.5,N-be75eec_150,7174325,3466541,111.718521,
memetic,best,"['transpose', 'exchange', 'insert']",5,30,0.8,11,25,0.1,0.5,N-be75eec_150,7174325,3466549,111.828743,
memetic,best,"['transpose', 'exchange', 'insert']",5,30,0.8,11,25,0.1,0.5,N-be75eec_150,7174325,3466566,112.079361,
memetic,best,"['transpose', 'exchange', 'insert']",5,30,0.8,11,25,0.1,0.5,N-be75eec_150,7174325,3466578,112.706665,
memetic,best,"['transpose', 'exchange', 'insert']",5,30,0.8,11,25,0.1,0.5,N-be75eec_150,7174325,3466605,113.676994,
memetic,best,"['transpose', 'exchange', 'insert']",5,30,0.8,11,25,0.1,0.5,N-be75eec_150,7174325,3466618,115.427734,
memetic,best,"['transpose', 'exchange', 'insert']",5,30,0.8,11,25,0.1,0.5,N-be75eec_150,7174325,3466628,119.167839,
memetic,best,"['transpose', 'exchange', 'insert']",5,30,0.8,11,25,0.1,0.5,N-be75eec_150,7174325,3466630,119.690804,
memetic,best,"['transpose', 'exchange', 'insert']",5,30,0.8,11,25,0.1,0.5,N-be75eec_150,7174325,3466712,124.282066,
memetic,best,"['transpose', 'exchange', 'insert']",5,30,0.8,11,25,0.1,0.5,N-be75eec_150,7174325,3466715,168.170471,
memetic,best,"['transpose', 'exchange', 'insert']",5,30,0.8,11,25,0.1,0.5,N-be75eec_150,7174325,3466715,251.07811,
memetic,best,"['transpose', 'exchange', 'insert']",5,30,0.8,11,25,0.1,0.5,N-be75eec_150,2246534,3415872,0.625047,
memetic,best,"['transpose', 'exchange', 'insert']",5,30,0.8,11,25,0.1,0.5,N-be75eec_150,2246534,3423133,1.876948,
memetic,best,"['transpose', 'exchange', 'insert']",5,30,0.8,11,25,0.1,0.5,N-be75eec_150,2246534,3426082,2.960752,
memetic,best,"['transpose', 'exchange', 'insert']",5,30,0.8,11,25,0.1,0.5,N-be75eec_150,2246534,3426289,3.494376,
memetic,best,"['transpose', 'exchange', 'insert']",5,30,0.8,11,25,0.1,0.5,N-be75eec_150,2246534,3427977,4.617821,
memetic,best,"['transpose', 'exchange', 'insert']",5,30,0.8,11,25,0.1,0.5,N-be75eec_150,2246534,3428661,5.077009,
memetic,best,"['transpose', 'exchange', 'insert']",5,30,0.8,11,25,0.1,0.5,N-be75eec_150,2246534,3433434,6.113084,
memetic,best,"['transpose', 'exchange', 'insert']",5,30,0.8,11,25,0.1,0.5,N-be75eec_150,2246534,3434886,6.648225,
memetic,best,"['transpose', 'exchange', 'insert']",5,30,0.8,11,25,0.1,0.5,N-be75eec_150,2246534,3435117,7.554519,
memetic,best,"['transpose', 'exchange', 'insert']",5,30,0.8,11,25,0.1,0.5,N-be75eec_150,2246534,3439025,8.064649,
memetic,best,"['transpose', 'exchange', 'insert']",5,30,0.8,11,25,0.1,0.5,N-be75eec_150,2246534,3439548,9.316045,
memetic,best,"['transpose', 'exchange', 'insert']",5,30,0.8,11,25,0.1,0.5,N-be75eec_150,2246534,3441883,9.8002,
memetic,best,"['transpose', 'exchange', 'insert']",5,30,0.8,11,25,0.1,0.5,N-be75eec_150,2246534,3443528,11.340088,
memetic,best,"['transpose', 'exchange', 'insert']",5,30,0.8,11,25,0.1,0.5,N-be75eec_150,2246534,3443664,12.606963,
memetic,best,"['transpose', 'exchange', 'insert']",5,30,0.8,11,25,0.1,0.5,N-be75eec_150,2246534,3446244,13.089374,
memetic,best,"['transpose', 'exchange', 'insert']",5,30,0.8,11,25,0.1,0.5,N-be75eec_150,2246534,3446904,15.857995,
memetic,best,"['transpose', 'exchange', 'insert']",5,30,0.8,11,25,0.1,0.5,N-be75eec_150,2246534,3449463,16.651312,
memetic,best,"['transpose', 'exchange', 'insert']",5,30,0.8,11,25,0.1,0.5,N-be75eec_150,2246534,3450441,17.684034,
memetic,best,"['transpose', 'exchange', 'insert']",5,30,0.8,11,25,0.1,0.5,N-be75eec_150,2246534,3450548,18.021955,
memetic,best,"['transpose', 'exchange', 'insert']",5,30,0.8,11,25,0.1,0.5,N-be75eec_150,2246534,3451244,18.988714,
memetic,best,"['transpose', 'exchange', 'insert']",5,30,0.8,11,25,0.1,0.5,N-be75eec_150,2246534,3451416,19.332191,
memetic,best,"['transpose', 'exchange', 'insert']",5,30,0.8,11,25,0.1,0.5,N-be75eec_150,2246534,3451643,20.296333,
memetic,best,"['transpose', 'exchange', 'insert']",5,30,0.8,11,25,0.1,0.5,N-be75eec_150,2246534,3453694,21.23274,
memetic,best,"['transpose', 'exchange', 'insert']",5,30,0.8,11,25,0.1,0.5,N-be75eec_150,2246534,3454172,22.534639,
memetic,best,"['transpose', 'exchange', 'insert']",5,30,0.8,11,25,0.1,0.5,N-be75eec_150,2246534,3454228,23.202427,
memetic,best,"['transpose', 'exchange', 'insert']",5,30,0.8,11,25,0.1,0.5,N-be75eec_150,2246534,3454528,23.536709,
memetic,best,"['transpose', 'exchange', 'insert']",5,30,0.8,11,25,0.1,0.5,N-be75eec_150,2246534,3454718,24.178825,
memetic,best,"['transpose', 'exchange', 'insert']",5,30,0.8,11,25,0.1,0.5,N-be75eec_150,2246534,3455608,24.453459,
memetic,best,"['transpose', 'exchange', 'insert']",5,30,0.8,11,25,0.1,0.5,N-be75eec_150,2246534,3455829,26.654831,
memetic,best,"['transpose', 'exchange', 'insert']",5,30,0.8,11,25,0.1,0.5,N-be75eec_150,2246534,3456117,28.078945,
memetic,best,"['transpose', 'exchange', 'insert']",5,30,0.8,11,25,0.1,0.5,N-be75eec_150,2246534,3456190,29.166512,
memetic,best,"['transpose', 'exchange', 'insert']",5,30,0.8,11,25,0.1,0.5,N-be75eec_150,2246534,3456197,29.370686,
memetic,best,"['transpose', 'exchange', 'insert']",5,30,0.8,11,25,0.1,0.5,N-be75eec_150,2246534,3457125,29.787994,
memetic,best,"['transpose', 'exchange', 'insert']",5,30,0.8,11,25,0.1,0.5,N-be75eec_150,2246534,3458880,30.810928,
memetic,best,"['transpose', 'exchange', 'insert']",5,30,0.8,11,25,0.1,0.5,N-be75eec_150,2246534,3459249,32.65649,
memetic,best,"['transpose', 'exchange', 'insert']",5,30,0.8,11,25,0.1,0.5,N-be75eec_150,2246534,3459299,33.505989,
memetic,best,"['transpose', 'exchange', 'insert']",5,30,0.8,11,25,0.1,0.5,N-be75eec_150,2246534,3459423,33.744305,
memetic,best,"['transpose', 'exchange', 'insert']",5,30,0.8,11,25,0.1,0.5,N-be75eec_150,2246534,3459555,34.527943,
memetic,best,"['transpose', 'exchange', 'insert']",5,30,0.8,11,25,0.1,0.5,N-be75eec_150,2246534,3459600,34.799377,
memetic,best,"['transpose', 'exchange', 'insert']",5,30,0.8,11,25,0.1,0.5,N-be75eec_150,2246534,3459631,34.9557,
memetic,best,"['transpose', 'exchange', 'insert']",5,30,0.8,11,25,0.1,0.5,N-be75eec_150,2246534,3459643,35.335766,
memetic,best,"['transpose', 'exchange', 'insert']",5,30,0.8,11,25,0.1,0.5,N-be75eec_150,2246534,3459661,35.565472,
memetic,best,"['transpose', 'exchange', 'insert']",5,30,0.8,11,25,0.1,0.5,N-be75eec_150,2246534,3459714,36.176952,
memetic,best,"['transpose', 'exchange', 'insert']",5,30,0.8,11,25,0.1,0.5,N-be75eec_150,2246534,3459719,37.216324,
memetic,best,"['transpose', 'exchange', 'insert']",5,30,0.8,11,25,0.1,0.5,N-be75eec_150,2246534,3459722,37.681023,
memetic,best,"['transpose', 'exchange', 'insert']",5,30,0.8,11,25,0.1,0.5,N-be75eec_150,2246534,3459734,37.937222,
memetic,best,"['transpose', 'exchange', 'insert']",5,30,0.8,11,25,0.1,0.5,N-be75eec_150,2246534,3459785,38.445526,
memetic,best,"['transpose', 'exchange', 'insert']",5,30,0.8,11,25,0.1,0.5,N-be75eec_150,2246534,3459801,42.855186,
memetic,best,"['transpose', 'exchange', 'insert']",5,30,0.8,11,25,0.1,0.5,N-be75eec_150,2246534,3459886,43.31284,
memetic,best,"['transpose', 'exchange', 'insert']",5,30,0.8,11,25,0.1,0.5,N-be75eec_150,2246534,3459888,43.468739,
memetic,best,"['transpose', 'exchange', 'insert']",5,30,0.8,11,25,0.1,0.5,N-be75eec_150,2246534,3459907,43.643688,
memetic,best,"['transpose', 'exchange', 'insert']",5,30,0.8,11,25,0.1,0.5,N-be75eec_150,2246534,3459941,43.881908,
memetic,best,"['transpose', 'exchange', 'insert']",5,30,0.8,11,25,0.1,0.5,N-be75eec_150,2246534,3459960,44.399403,
memetic,best,"['transpose', 'exchange', 'insert']",5,30,0.8,11,25,0.1,0.5,N-be75eec_150,2246534,3460020,45.395676,
memetic,best,"['transpose', 'exchange', 'insert']",5,30,0.8,11,25,0.1,0.5,N-be75eec_150,2246534,3460068,46.403114,
memetic,best,"['transpose', 'exchange', 'insert']",5,30,0.8,11,25,0.1,0.5,N-be75eec_150,2246534,3460140,46.538513,
memetic,best,"['transpose', 'exchange', 'insert']",5,30,0.8,11,25,0.1,0.5,N-be75eec_150,2246534,3460696,47.31144,
memetic,best,"['transpose', 'exchange', 'insert']",5,30,0.8,11,25,0.1,0.5,N-be75eec_150,2246534,3460756,47.963844,
memetic,best,"['transpose', 'exchange', 'insert']",5,30,0.8,11,25,0.1,0.5,N-be75eec_150,2246534,3460762,48.270462,
memetic,best,"['transpose', 'exchange', 'insert']",5,30,0.8,11,25,0.1,0.5,N-be75eec_150,2246534,3460806,50.216324,
memetic,best,"['transpose', 'exchange', 'insert']",5,30,0.8,11,25,0.1,0.5,N-be75eec_150,2246534,3460859,51.531898,
memetic,best,"['transpose', 'exchange', 'insert']",5,30,0.8,11,25,0.1,0.5,N-be75eec_150,2246534,3460861,51.981598,
memetic,best,"['transpose', 'exchange', 'insert']",5,30,0.8,11,25,0.1,0.5,N-be75eec_150,2246534,3460863,52.848095,
memetic,best,"['transpose', 'exchange', 'insert']",5,30,0.8,11,25,0.1,0.5,N-be75eec_150,2246534,3460875,52.996956,
memetic,best,"['transpose', 'exchange', 'insert']",5,30,0.8,11,25,0.1,0.5,N-be75eec_150,2246534,3460923,75.97007,
memetic,best,"['transpose', 'exchange', 'insert']",5,30,0.8,11,25,0.1,0.5,N-be75eec_150,2246534,3460983,98.347404,
memetic,best,"['transpose', 'exchange', 'insert']",5,30,0.8,11,25,0.1,0.5,N-be75eec_150,2246534,3461799,98.725189,
memetic,best,"['transpose', 'exchange', 'insert']",5,30,0.8,11,25,0.1,0.5,N-be75eec_150,2246534,3462371,100.672012,
memetic,best,"['transpose', 'exchange', 'insert']",5,30,0.8,11,25,0.1,0.5,N-be75eec_150,2246534,3462452,102.319427,
memetic,best,"['transpose', 'exchange', 'insert']",5,30,0.8,11,25,0.1,0.5,N-be75eec_150,2246534,3463127,102.928116,
memetic,best,"['transpose', 'exchange', 'insert']",5,30,0.8,11,25,0.1,0.5,N-be75eec_150,2246534,3463239,103.364716,
memetic,best,"['transpose', 'exchange', 'insert']",5,30,0.8,11,25,0.1,0.5,N-be75eec_150,2246534,3463763,103.615677,
memetic,best,"['transpose', 'exchange', 'insert']",5,30,0.8,11,25,0.1,0.5,N-be75eec_150,2246534,3464241,104.117386,
memetic,best,"['transpose', 'exchange', 'insert']",5,30,0.8,11,25,0.1,0.5,N-be75eec_150,2246534,3464907,106.352196,
memetic,best,"['transpose', 'exchange', 'insert']",5,30,0.8,11,25,0.1,0.5,N-be75eec_150,2246534,3465323,106.608711,
memetic,best,"['transpose', 'exchange', 'insert']",5,30,0.8,11,25,0.1,0.5,N-be75eec_150,2246534,3465765,106.884956,
memetic,best,"['transpose', 'exchange', 'insert']",5,30,0.8,11,25,0.1,0.5,N-be75eec_150,2246534,3465784,107.926384,
memetic,best,"['transpose', 'exchange', 'insert']",5,30,0.8,11,25,0.1,0.5,N-be75eec_150,2246534,3465972,108.156494,
memetic,best,"['transpose', 'exchange', 'insert']",5,30,0.8,11,25,0.1,0.5,N-be75eec_150,2246534,3466085,109.10511,
memetic,best,"['transpose', 'exchange', 'insert']",5,30,0.8,11,25,0.1,0.5,N-be75eec_150,2246534,3466150,109.238617,
memetic,best,"['transpose', 'exchange', 'insert']",5,30,0.8,11,25,0.1,0.5,N-be75eec_150,2246534,3466165,109.385544,
memetic,best,"['transpose', 'exchange', 'insert']",5,30,0.8,11,25,0.1,0.5,N-be75eec_150,2246534,3466188,109.49382,
memetic,best,"['transpose', 'exchange', 'insert']",5,30,0.8,11,25,0.1,0.5,N-be75eec_150,2246534,3466218,109.667213,
memetic,best,"['transpose', 'exchange', 'insert']",5,30,0.8,11,25,0.1,0.5,N-be75eec_150,2246534,3466289,109.81633,
memetic,best,"['transpose', 'exchange', 'insert']",5,30,0.8,11,25,0.1,0.5,N-be75eec_150,2246534,3466516,109.95179,
memetic,best,"['transpose', 'exchange', 'insert']",5,30,0.8,11,25,0.1,0.5,N-be75eec_150,2246534,3466521,110.382393,
memetic,best,"['transpose', 'exchange', 'insert']",5,30,0.8,11,25,0.1,0.5,N-be75eec_150,2246534,3466541,110.797531,
memetic,best,"['transpose', 'exchange', 'insert']",5,30,0.8,11,25,0.1,0.5,N-be75eec_150,2246534,3466549,110.912613,
memetic,best,"['transpose', 'exchange', 'insert']",5,30,0.8,11,25,0.1,0.5,N-be75eec_150,2246534,3466566,111.177612,
memetic,best,"['transpose', 'exchange', 'insert']",5,30,0.8,11,25,0.1,0.5,N-be75eec_150,2246534,3466578,111.800766,
memetic,best,"['transpose', 'exchange', 'insert']",5,30,0.8,11,25,0.1,0.5,N-be75eec_150,2246534,3466605,112.804604,
memetic,best,"['transpose', 'exchange', 'insert']",5,30,0.8,11,25,0.1,0.5,N-be75eec_150,2246534,3466618,114.591064,
memetic,best,"['transpose', 'exchange', 'insert']",5,30,0.8,11,25,0.1,0.5,N-be75eec_150,2246534,3466628,118.332336,
memetic,best,"['transpose', 'exchange', 'insert']",5,30,0.8,11,25,0.1,0.5,N-be75eec_150,2246534,3466630,118.817986,
memetic,best,"['transpose', 'exchange', 'insert']",5,30,0.8,11,25,0.1,0.5,N-be75eec_150,2246534,3466712,123.413109,
memetic,best,"['transpose', 'exchange', 'insert']",5,30,0.8,11,25,0.1,0.5,N-be75eec_150,2246534,3466715,166.750214,
memetic,best,"['transpose', 'exchange', 'insert']",5,30,0.8,11,25,0.1,0.5,N-be75eec_150,2246534,3466715,249.294373,
memetic,best,"['transpose', 'exchange', 'insert']",5,30,0.8,11,25,0.1,0.5,N-be75eec_150,12287707,3415872,0.630105,
memetic,best,"['transpose', 'exchange', 'insert']",5,30,0.8,11,25,0.1,0.5,N-be75eec_150,12287707,3423133,1.868909,
memetic,best,"['transpose', 'exchange', 'insert']",5,30,0.8,11,25,0.1,0.5,N-be75eec_150,12287707,3426082,2.970049,
memetic,best,"['transpose', 'exchange', 'insert']",5,30,0.8,11,25,0.1,0.5,N-be75eec_150,12287707,3426289,3.507988,
memetic,best,"['transpose', 'exchange', 'insert']",5,30,0.8,11,25,0.1,0.5,N-be75eec_150,12287707,3427977,4.607954,
memetic,best,"['transpose', 'exchange', 'insert']",5,30,0.8,11,25,0.1,0.5,N-be75eec_150,12287707,3428661,5.054287,
memetic,best,"['transpose', 'exchange', 'insert']",5,30,0.8,11,25,0.1,0.5,N-be75eec_150,12287707,3433434,6.106368,
memetic,best,"['transpose', 'exchange', 'insert']",5,30,0.8,11,25,0.1,0.5,N-be75eec_150,12287707,3434886,6.64713,
memetic,best,"['transpose', 'exchange', 'insert']",5,30,0.8,11,25,0.1,0.5,N-be75eec_150,12287707,3435117,7.568204,
memetic,best,"['transpose', 'exchange', 'insert']",5,30,0.8,11,25,0.1,0.5,N-be75eec_150,12287707,3439025,8.086624,
memetic,best,"['transpose', 'exchange', 'insert']",5,30,0.8,11,25,0.1,0.5,N-be75eec_150,12287707,3439548,9.349678,
memetic,best,"['transpose', 'exchange', 'insert']",5,30,0.8,11,25,0.1,0.5,N-be75eec_150,12287707,3441883,9.859953,
memetic,best,"['transpose', 'exchange', 'insert']",5,30,0.8,11,25,0.1,0.5,N-be75eec_150,12287707,3443528,11.379546,
memetic,best,"['transpose', 'exchange', 'insert']",5,30,0.8,11,25,0.1,0.5,N-be75eec_150,12287707,3443664,12.706189,
memetic,best,"['transpose', 'exchange', 'insert']",5,30,0.8,11,25,0.1,0.5,N-be75eec_150,12287707,3446244,13.160122,
memetic,best,"['transpose', 'exchange', 'insert']",5,30,0.8,11,25,0.1,0.5,N-be75eec_150,12287707,3446904,15.972704,
memetic,best,"['transpose', 'exchange', 'insert']",5,30,0.8,11,25,0.1,0.5,N-be75eec_150,12287707,3449463,16.752575,
memetic,best,"['transpose', 'exchange', 'insert']",5,30,0.8,11,25,0.1,0.5,N-be75eec_150,12287707,3450441,17.846018,
memetic,best,"['transpose', 'exchange', 'insert']",5,30,0.8,11,25,0.1,0.5,N-be75eec_150,12287707,3450548,18.166428,
memetic,best,"['transpose', 'exchange', 'insert']",5,30,0.8,11,25,0.1,0.5,N-be75eec_150,12287707,3451244,19.145117,
memetic,best,"['transpose', 'exchange', 'insert']",5,30,0.8,11,25,0.1,0.5,N-be75eec_150,12287707,3451416,19.477684,
memetic,best,"['transpose', 'exchange', 'insert']",5,30,0.8,11,25,0.1,0.5,N-be75eec_150,12287707,3451643,20.459162,
memetic,best,"['transpose', 'exchange', 'insert']",5,30,0.8,11,25,0.1,0.5,N-be75eec_150,12287707,3453694,21.388962,
memetic,best,"['transpose', 'exchange', 'insert']",5,30,0.8,11,25,0.1,0.5,N-be75eec_150,12287707,3454172,22.702429,
memetic,best,"['transpose', 'exchange', 'insert']",5,30,0.8,11,25,0.1,0.5,N-be75eec_150,12287707,3454228,23.405697,
memetic,best,"['transpose', 'exchange', 'insert']",5,30,0.8,11,25,0.1,0.5,N-be75eec_150,12287707,3454528,23.721918,
memetic,best,"['transpose', 'exchange', 'insert']",5,30,0.8,11,25,0.1,0.5,N-be75eec_150,12287707,3454718,24.356409,
memetic,best,"['transpose', 'exchange', 'insert']",5,30,0.8,11,25,0.1,0.5,N-be75eec_150,12287707,3455608,24.633442,
memetic,best,"['transpose', 'exchange', 'insert']",5,30,0.8,11,25,0.1,0.5,N-be75eec_150,12287707,3455829,26.846117,
memetic,best,"['transpose', 'exchange', 'insert']",5,30,0.8,11,25,0.1,0.5,N-be75eec_150,12287707,3456117,28.308256,
memetic,best,"['transpose', 'exchange', 'insert']",5,30,0.8,11,25,0.1,0.5,N-be75eec_150,12287707,3456190,29.337433,
memetic,best,"['transpose', 'exchange', 'insert']",5,30,0.8,11,25,0.1,0.5,N-be75eec_150,12287707,3456197,29.533045,
memetic,best,"['transpose', 'exchange', 'insert']",5,30,0.8,11,25,0.1,0.5,N-be75eec_150,12287707,3457125,29.969049,
memetic,best,"['transpose', 'exchange', 'insert']",5,30,0.8,11,25,0.1,0.5,N-be75eec_150,12287707,3458880,31.029528,
memetic,best,"['transpose', 'exchange', 'insert']",5,30,0.8,11,25,0.1,0.5,N-be75eec_150,12287707,3459249,32.89896,
memetic,best,"['transpose', 'exchange', 'insert']",5,30,0.8,11,25,0.1,0.5,N-be75eec_150,12287707,3459299,33.762375,
memetic,best,"['transpose', 'exchange', 'insert']",5,30,0.8,11,25,0.1,0.5,N-be75eec_150,12287707,3459423,33.984913,
memetic,best,"['transpose', 'exchange', 'insert']",5,30,0.8,11,25,0.1,0.5,N-be75eec_150,12287707,3459555,34.783913,
memetic,best,"['transpose', 'exchange', 'insert']",5,30,0.8,11,25,0.1,0.5,N-be75eec_150,12287707,3459600,35.063793,
memetic,best,"['transpose', 'exchange', 'insert']",5,30,0.8,11,25,0.1,0.5,N-be75eec_150,12287707,3459631,35.22995,
memetic,best,"['transpose', 'exchange', 'insert']",5,30,0.8,11,25,0.1,0.5,N-be75eec_150,12287707,3459643,35.595036,
memetic,best,"['transpose', 'exchange', 'insert']",5,30,0.8,11,25,0.1,0.5,N-be75eec_150,12287707,3459661,35.846149,
memetic,best,"['transpose', 'exchange', 'insert']",5,30,0.8,11,25,0.1,0.5,N-be75eec_150,12287707,3459714,36.452309,
memetic,best,"['transpose', 'exchange', 'insert']",5,30,0.8,11,25,0.1,0.5,N-be75eec_150,12287707,3459719,37.497807,
memetic,best,"['transpose', 'exchange', 'insert']",5,30,0.8,11,25,0.1,0.5,N-be75eec_150,12287707,3459722,37.942722,
memetic,best,"['transpose', 'exchange', 'insert']",5,30,0.8,11,25,0.1,0.5,N-be75eec_150,12287707,3459734,38.185753,
memetic,best,"['transpose', 'exchange', 'insert']",5,30,0.8,11,25,0.1,0.5,N-be75eec_150,12287707,3459785,38.721245,
memetic,best,"['transpose', 'exchange', 'insert']",5,30,0.8,11,25,0.1,0.5,N-be75eec_150,12287707,3459801,43.025368,
memetic,best,"['transpose', 'exchange', 'insert']",5,30,0.8,11,25,0.1,0.5,N-be75eec_150,12287707,3459886,43.464924,
memetic,best,"['transpose', 'exchange', 'insert']",5,30,0.8,11,25,0.1,0.5,N-be75eec_150,12287707,3459888,43.599506,
memetic,best,"['transpose', 'exchange', 'insert']",5,30,0.8,11,25,0.1,0.5,N-be75eec_150,12287707,3459907,43.774261,
memetic,best,"['transpose', 'exchange', 'insert']",5,30,0.8,11,25,0.1,0.5,N-be75eec_150,12287707,3459941,44.01207,
memetic,best,"['transpose', 'exchange', 'insert']",5,30,0.8,11,25,0.1,0.5,N-be75eec_150,12287707,3459960,44.547382,
memetic,best,"['transpose', 'exchange', 'insert']",5,30,0.8,11,25,0.1,0.5,N-be75eec_150,12287707,3460020,45.52906,
memetic,best,"['transpose', 'exchange', 'insert']",5,30,0.8,11,25,0.1,0.5,N-be75eec_150,12287707,3460068,46.533474,
memetic,best,"['transpose', 'exchange', 'insert']",5,30,0.8,11,25,0.1,0.5,N-be75eec_150,12287707,3460140,46.674118,
memetic,best,"['transpose', 'exchange', 'insert']",5,30,0.8,11,25,0.1,0.5,N-be75eec_150,12287707,3460696,47.427681,
memetic,best,"['transpose', 'exchange', 'insert']",5,30,0.8,11,25,0.1,0.5,N-be75eec_150,12287707,3460756,48.042301,
memetic,best,"['transpose', 'exchange', 'insert']",5,30,0.8,11,25,0.1,0.5,N-be75eec_150,12287707,3460762,48.339329,
memetic,best,"['transpose', 'exchange', 'insert']",5,30,0.8,11,25,0.1,0.5,N-be75eec_150,12287707,3460806,50.333408,
memetic,best,"['transpose', 'exchange', 'insert']",5,30,0.8,11,25,0.1,0.5,N-be75eec_150,12287707,3460859,51.636852,
memetic,best,"['transpose', 'exchange', 'insert']",5,30,0.8,11,25,0.1,0.5,N-be75eec_150,12287707,3460861,52.100433,
memetic,best,"['transpose', 'exchange', 'insert']",5,30,0.8,11,25,0.1,0.5,N-be75eec_150,12287707,3460863,52.957935,
memetic,best,"['transpose', 'exchange', 'insert']",5,30,0.8,11,25,0.1,0.5,N-be75eec_150,12287707,3460875,53.102917,
memetic,best,"['transpose', 'exchange', 'insert']",5,30,0.8,11,25,0.1,0.5,N-be75eec_150,12287707,3460923,76.001289,
memetic,best,"['transpose', 'exchange', 'insert']",5,30,0.8,11,25,0.1,0.5,N-be75eec_150,12287707,3460983,98.45546,
memetic,best,"['transpose', 'exchange', 'insert']",5,30,0.8,11,25,0.1,0.5,N-be75eec_150,12287707,3461799,98.819984,
memetic,best,"['transpose', 'exchange', 'insert']",5,30,0.8,11,25,0.1,0.5,N-be75eec_150,12287707,3462371,100.758461,
memetic,best,"['transpose', 'exchange', 'insert']",5,30,0.8,11,25,0.1,0.5,N-be75eec_150,12287707,3462452,102.348152,
memetic,best,"['transpose', 'exchange', 'insert']",5,30,0.8,11,25,0.1,0.5,N-be75eec_150,12287707,3463127,102.983406,
memetic,best,"['transpose', 'exchange', 'insert']",5,30,0.8,11,25,0.1,0.5,N-be75eec_150,12287707,3463239,103.459503,
memetic,best,"['transpose', 'exchange', 'insert']",5,30,0.8,11,25,0.1,0.5,N-be75eec_150,12287707,3463763,103.722435,
memetic,best,"['transpose', 'exchange', 'insert']",5,30,0.8,11,25,0.1,0.5,N-be75eec_150,12287707,3464241,104.218811,
memetic,best,"['transpose', 'exchange', 'insert']",5,30,0.8,11,25,0.1,0.5,N-be75eec_150,12287707,3464907,106.48954,
memetic,best,"['transpose', 'exchange', 'insert']",5,30,0.8,11,25,0.1,0.5,N-be75eec_150,12287707,3465323,106.747292,
memetic,best,"['transpose', 'exchange', 'insert']",5,30,0.8,11,25,0.1,0.5,N-be75eec_150,12287707,3465765,107.01223,
memetic,best,"['transpose', 'exchange', 'insert']",5,30,0.8,11,25,0.1,0.5,N-be75eec_150,12287707,3465784,108.0495,
memetic,best,"['transpose', 'exchange', 'insert']",5,30,0.8,11,25,0.1,0.5,N-be75eec_150,12287707,3465972,108.273651,
memetic,best,"['transpose', 'exchange', 'insert']",5,30,0.8,11,25,0.1,0.5,N-be75eec_150,12287707,3466085,109.226631,
memetic,best,"['transpose', 'exchange', 'insert']",5,30,0.8,11,25,0.1,0.5,N-be75eec_150,12287707,3466150,109.370178,
memetic,best,"['transpose', 'exchange', 'insert']",5,30,0.8,11,25,0.1,0.5,N-be75eec_150,12287707,3466165,109.513412,
memetic,best,"['transpose', 'exchange', 'insert']",5,30,0.8,11,25,0.1,0.5,N-be75eec_150,12287707,3466188,109.619965,
memetic,best,"['transpose', 'exchange', 'insert']",5,30,0.8,11,25,0.1,0.5,N-be75eec_150,12287707,3466218,109.798904,
memetic,best,"['transpose', 'exchange', 'insert']",5,30,0.8,11,25,0.1,0.5,N-be75eec_150,12287707,3466289,109.946945,
memetic,best,"['transpose', 'exchange', 'insert']",5,30,0.8,11,25,0.1,0.5,N-be75eec_150,12287707,3466516,110.076302,
memetic,best,"['transpose', 'exchange', 'insert']",5,30,0.8,11,25,0.1,0.5,N-be75eec_150,12287707,3466521,110.52169,
memetic,best,"['transpose', 'exchange', 'insert']",5,30,0.8,11,25,0.1,0.5,N-be75eec_150,12287707,3466541,110.917793,
memetic,best,"['transpose', 'exchange', 'insert']",5,30,0.8,11,25,0.1,0.5,N-be75eec_150,12287707,3466549,111.026863,
memetic,best,"['transpose', 'exchange', 'insert']",5,30,0.8,11,25,0.1,0.5,N-be75eec_150,12287707,3466566,111.271973,
memetic,best,"['transpose', 'exchange', 'insert']",5,30,0.8,11,25,0.1,0.5,N-be75eec_150,12287707,3466578,111.891823,
memetic,best,"['transpose', 'exchange', 'insert']",5,30,0.8,11,25,0.1,0.5,N-be75eec_150,12287707,3466605,112.889145,
memetic,best,"['transpose', 'exchange', 'insert']",5,30,0.8,11,25,0.1,0.5,N-be75eec_150,12287707,3466618,114.626846,
memetic,best,"['transpose', 'exchange', 'insert']",5,30,0.8,11,25,0.1,0.5,N-be75eec_150,12287707,3466628,118.390694,
memetic,best,"['transpose', 'exchange', 'insert']",5,30,0.8,11,25,0.1,0.5,N-be75eec_150,12287707,3466630,118.89447,
memetic,best,"['transpose', 'exchange', 'insert']",5,30,0.8,11,25,0.1,0.5,N-be75eec_150,12287707,3466712,123.457054,
memetic,best,"['transpose', 'exchange', 'insert']",5,30,0.8,11,25,0.1,0.5,N-be75eec_150,12287707,3466715,167.027481,
memetic,best,"['transpose', 'exchange', 'insert']",5,30,0.8,11,25,0.1,0.5,N-be75eec_150,12287707,3466715,249.42366,
memetic,best,"['transpose', 'exchange', 'insert']",5,30,0.8,11,25,0.1,0.5,N-be75eec_150,2875732,3415872,0.610843,
memetic,best,"['transpose', 'exchange', 'insert']",5,30,0.8,11,25,0.1,0.5,N-be75eec_150,2875732,3423133,1.880988,
memetic,best,"['transpose', 'exchange', 'insert']",5,30,0.8,11,25,0.1,0.5,N-be75eec_150,2875732,3426082,2.957493,
memetic,best,"['transpose', 'exchange', 'insert']",5,30,0.8,11,25,0.1,0.5,N-be75eec_150,2875732,3426289,3.525872,
memetic,best,"['transpose', 'exchange', 'insert']",5,30,0.8,11,25,0.1,0.5,N-be75eec_150,2875732,3427977,4.634483,
memetic,best,"['transpose', 'exchange', 'insert']",5,30,0.8,11,25,0.1,0.5,N-be75eec_150,2875732,3428661,5.082169,
memetic,best,"['transpose', 'exchange', 'insert']",5,30,0.8,11,25,0.1,0.5,N-be75eec_150,2875732,3433434,6.149317,
memetic,best,"['transpose', 'exchange', 'insert']",5,30,0.8,11,25,0.1,0.5,N-be75eec_150,2875732,3434886,6.716051,
memetic,best,"['transpose', 'exchange', 'insert']",5,30,0.8,11,25,0.1,0.5,N-be75eec_150,2875732,3435117,7.679072,
memetic,best,"['transpose', 'exchange', 'insert']",5,30,0.8,11,25,0.1,0.5,N-be75eec_150,2875732,3439025,8.222578,
memetic,best,"['transpose', 'exchange', 'insert']",5,30,0.8,11,25,0.1,0.5,N-be75eec_150,2875732,3439548,9.498417,
memetic,best,"['transpose', 'exchange', 'insert']",5,30,0.8,11,25,0.1,0.5,N-be75eec_150,2875732,3441883,9.979672,
memetic,best,"['transpose', 'exchange', 'insert']",5,30,0.8,11,25,0.1,0.5,N-be75eec_150,2875732,3443528,11.533476,
memetic,best,"['transpose', 'exchange', 'insert']",5,30,0.8,11,25,0.1,0.5,N-be75eec_150,2875732,3443664,12.853343,
memetic,best,"['transpose', 'exchange', 'insert']",5,30,0.8,11,25,0.1,0.5,N-be75eec_150,2875732,3446244,13.341141,
memetic,best,"['transpose', 'exchange', 'insert']",5,30,0.8,11,25,0.1,0.5,N-be75eec_150,2875732,3446904,16.177736,
memetic,best,"['transpose', 'exchange', 'insert']",5,30,0.8,11,25,0.1,0.5,N-be75eec_150,2875732,3449463,16.963905,
memetic,best,"['transpose', 'exchange', 'insert']",5,30,0.8,11,25,0.1,0.5,N-be75eec_150,2875732,3450441,18.025255,
memetic,best,"['transpose', 'exchange', 'insert']",5,30,0.8,11,25,0.1,0.5,N-be75eec_150,2875732,3450548,18.355705,
memetic,best,"['transpose', 'exchange', 'insert']",5,30,0.8,11,25,0.1,0.5,N-be75eec_150,2875732,3451244,19.325615,
memetic,best,"['transpose', 'exchange', 'insert']",5,30,0.8,11,25,0.1,0.5,N-be75eec_150,2875732,3451416,19.658255,
memetic,best,"['transpose', 'exchange', 'insert']",5,30,0.8,11,25,0.1,0.5,N-be75eec_150,2875732,3451643,20.631735,
memetic,best,"['transpose', 'exchange', 'insert']",5,30,0.8,11,25,0.1,0.5,N-be75eec_150,2875732,3453694,21.602278,
memetic,best,"['transpose', 'exchange', 'insert']",5,30,0.8,11,25,0.1,0.5,N-be75eec_150,2875732,3454172,22.884129,
memetic,best,"['transpose', 'exchange', 'insert']",5,30,0.8,11,25,0.1,0.5,N-be75eec_150,2875732,3454228,23.566002,
memetic,best,"['transpose', 'exchange', 'insert']",5,30,0.8,11,25,0.1,0.5,N-be75eec_150,2875732,3454528,23.898708,
memetic,best,"['transpose', 'exchange', 'insert']",5,30,0.8,11,25,0.1,0.5,N-be75eec_150,2875732,3454718,24.558266,
memetic,best,"['transpose', 'exchange', 'insert']",5,30,0.8,11,25,0.1,0.5,N-be75eec_150,2875732,3455608,24.82403,
memetic,best,"['transpose', 'exchange', 'insert']",5,30,0.8,11,25,0.1,0.5,N-be75eec_150,2875732,3455829,27.066183,
memetic,best,"['transpose', 'exchange', 'insert']",5,30,0.8,11,25,0.1,0.5,N-be75eec_150,2875732,3456117,28.487492,
memetic,best,"['transpose', 'exchange', 'insert']",5,30,0.8,11,25,0.1,0.5,N-be75eec_150,2875732,3456190,29.523146,
memetic,best,"['transpose', 'exchange', 'insert']",5,30,0.8,11,25,0.1,0.5,N-be75eec_150,2875732,3456197,29.723127,
memetic,best,"['transpose', 'exchange', 'insert']",5,30,0.8,11,25,0.1,0.5,N-be75eec_150,2875732,3457125,30.154402,
memetic,best,"['transpose', 'exchange', 'insert']",5,30,0.8,11,25,0.1,0.5,N-be75eec_150,2875732,3458880,31.187519,
memetic,best,"['transpose', 'exchange', 'insert']",5,30,0.8,11,25,0.1,0.5,N-be75eec_150,2875732,3459249,33.05183,
memetic,best,"['transpose', 'exchange', 'insert']",5,30,0.8,11,25,0.1,0.5,N-be75eec_150,2875732,3459299,33.88607,
memetic,best,"['transpose', 'exchange', 'insert']",5,30,0.8,11,25,0.1,0.5,N-be75eec_150,2875732,3459423,34.124641,
memetic,best,"['transpose', 'exchange', 'insert']",5,30,0.8,11,25,0.1,0.5,N-be75eec_150,2875732,3459555,34.914082,
memetic,best,"['transpose', 'exchange', 'insert']",5,30,0.8,11,25,0.1,0.5,N-be75eec_150,2875732,3459600,35.179043,
memetic,best,"['transpose', 'exchange', 'insert']",5,30,0.8,11,25,0.1,0.5,N-be75eec_150,2875732,3459631,35.326984,
memetic,best,"['transpose', 'exchange', 'insert']",5,30,0.8,11,25,0.1,0.5,N-be75eec_150,2875732,3459643,35.71542,
memetic,best,"['transpose', 'exchange', 'insert']",5,30,0.8,11,25,0.1,0.5,N-be75eec_150,2875732,3459661,35.963902,
memetic,best,"['transpose', 'exchange', 'insert']",5,30,0.8,11,25,0.1,0.5,N-be75eec_150,2875732,3459714,36.540096,
memetic,best,"['transpose', 'exchange', 'insert']",5,30,0.8,11,25,0.1,0.5,N-be75eec_150,2875732,3459719,37.583553,
memetic,best,"['transpose', 'exchange', 'insert']",5,30,0.8,11,25,0.1,0.5,N-be75eec_150,2875732,3459722,38.068813,
memetic,best,"['transpose', 'exchange', 'insert']",5,30,0.8,11,25,0.1,0.5,N-be75eec_150,2875732,3459734,38.335442,
memetic,best,"['transpose', 'exchange', 'insert']",5,30,0.8,11,25,0.1,0.5,N-be75eec_150,2875732,3459785,38.828865,
memetic,best,"['transpose', 'exchange', 'insert']",5,30,0.8,11,25,0.1,0.5,N-be75eec_150,2875732,3459801,43.181419,
memetic,best,"['transpose', 'exchange', 'insert']",5,30,0.8,11,25,0.1,0.5,N-be75eec_150,2875732,3459886,43.643723,
memetic,best,"['transpose', 'exchange', 'insert']",5,30,0.8,11,25,0.1,0.5,N-be75eec_150,2875732,3459888,43.780102,
memetic,best,"['transpose', 'exchange', 'insert']",5,30,0.8,11,25,0.1,0.5,N-be75eec_150,2875732,3459907,43.944263,
memetic,best,"['transpose', 'exchange', 'insert']",5,30,0.8,11,25,0.1,0.5,N-be75eec_150,2875732,3459941,44.180416,
memetic,best,"['transpose', 'exchange', 'insert']",5,30,0.8,11,25,0.1,0.5,N-be75eec_150,2875732,3459960,44.723244,
memetic,best,"['transpose', 'exchange', 'insert']",5,30,0.8,11,25,0.1,0.5,N-be75eec_150,2875732,3460020,45.71785,
memetic,best,"['transpose', 'exchange', 'insert']",5,30,0.8,11,25,0.1,0.5,N-be75eec_150,2875732,3460068,46.761711,
memetic,best,"['transpose', 'exchange', 'insert']",5,30,0.8,11,25,0.1,0.5,N-be75eec_150,2875732,3460140,46.891308,
memetic,best,"['transpose', 'exchange', 'insert']",5,30,0.8,11,25,0.1,0.5,N-be75eec_150,2875732,3460696,47.634552,
memetic,best,"['transpose', 'exchange', 'insert']",5,30,0.8,11,25,0.1,0.5,N-be75eec_150,2875732,3460756,48.273582,
memetic,best,"['transpose', 'exchange', 'insert']",5,30,0.8,11,25,0.1,0.5,N-be75eec_150,2875732,3460762,48.573971,
memetic,best,"['transpose', 'exchange', 'insert']",5,30,0.8,11,25,0.1,0.5,N-be75eec_150,2875732,3460806,50.569363,
memetic,best,"['transpose', 'exchange', 'insert']",5,30,0.8,11,25,0.1,0.5,N-be75eec_150,2875732,3460859,51.888283,
memetic,best,"['transpose', 'exchange', 'insert']",5,30,0.8,11,25,0.1,0.5,N-be75eec_150,2875732,3460861,52.355255,
memetic,best,"['transpose', 'exchange', 'insert']",5,30,0.8,11,25,0.1,0.5,N-be75eec_150,2875732,3460863,53.240494,
memetic,best,"['transpose', 'exchange', 'insert']",5,30,0.8,11,25,0.1,0.5,N-be75eec_150,2875732,3460875,53.39463,
memetic,best,"['transpose', 'exchange', 'insert']",5,30,0.8,11,25,0.1,0.5,N-be75eec_150,2875732,3460923,76.508598,
memetic,best,"['transpose', 'exchange', 'insert']",5,30,0.8,11,25,0.1,0.5,N-be75eec_150,2875732,3460983,98.960976,
memetic,best,"['transpose', 'exchange', 'insert']",5,30,0.8,11,25,0.1,0.5,N-be75eec_150,2875732,3461799,99.340408,
memetic,best,"['transpose', 'exchange', 'insert']",5,30,0.8,11,25,0.1,0.5,N-be75eec_150,2875732,3462371,101.317848,
memetic,best,"['transpose', 'exchange', 'insert']",5,30,0.8,11,25,0.1,0.5,N-be75eec_150,2875732,3462452,102.968803,
memetic,best,"['transpose', 'exchange', 'insert']",5,30,0.8,11,25,0.1,0.5,N-be75eec_150,2875732,3463127,103.586411,
memetic,best,"['transpose', 'exchange', 'insert']",5,30,0.8,11,25,0.1,0.5,N-be75eec_150,2875732,3463239,104.051903,
memetic,best,"['transpose', 'exchange', 'insert']",5,30,0.8,11,25,0.1,0.5,N-be75eec_150,2875732,3463763,104.312004,
memetic,best,"['transpose', 'exchange', 'insert']",5,30,0.8,11,25,0.1,0.5,N-be75eec_150,2875732,3464241,104.794579,
memetic,best,"['transpose', 'exchange', 'insert']",5,30,0.8,11,25,0.1,0.5,N-be75eec_150,2875732,3464907,107.031189,
memetic,best,"['transpose', 'exchange', 'insert']",5,30,0.8,11,25,0.1,0.5,N-be75eec_150,2875732,3465323,107.30703,
memetic,best,"['transpose', 'exchange', 'insert']",5,30,0.8,11,25,0.1,0.5,N-be75eec_150,2875732,3465765,107.568413,
memetic,best,"['transpose', 'exchange', 'insert']",5,30,0.8,11,25,0.1,0.5,N-be75eec_150,2875732,3465784,108.632744,
memetic,best,"['transpose', 'exchange', 'insert']",5,30,0.8,11,25,0.1,0.5,N-be75eec_150,2875732,3465972,108.859215,
memetic,best,"['transpose', 'exchange', 'insert']",5,30,0.8,11,25,0.1,0.5,N-be75eec_150,2875732,3466085,109.813644,
memetic,best,"['transpose', 'exchange', 'insert']",5,30,0.8,11,25,0.1,0.5,N-be75eec_150,2875732,3466150,109.959862,
memetic,best,"['transpose', 'exchange', 'insert']",5,30,0.8,11,25,0.1,0.5,N-be75eec_150,2875732,3466165,110.117065,
memetic,best,"['transpose', 'exchange', 'insert']",5,30,0.8,11,25,0.1,0.5,N-be75eec_150,2875732,3466188,110.219971,
memetic,best,"['transpose', 'exchange', 'insert']",5,30,0.8,11,25,0.1,0.5,N-be75eec_150,2875732,3466218,110.39167,
memetic,best,"['transpose', 'exchange', 'insert']",5,30,0.8,11,25,0.1,0.5,N-be75eec_150,2875732,3466289,110.53685,
memetic,best,"['transpose', 'exchange', 'insert']",5,30,0.8,11,25,0.1,0.5,N-be75eec_150,2875732,3466516,110.668182,
memetic,best,"['transpose', 'exchange', 'insert']",5,30,0.8,11,25,0.1,0.5,N-be75eec_150,2875732,3466521,111.093704,
memetic,best,"['transpose', 'exchange', 'insert']",5,30,0.8,11,25,0.1,0.5,N-be75eec_150,2875732,3466541,111.506104,
memetic,best,"['transpose', 'exchange', 'insert']",5,30,0.8,11,25,0.1,0.5,N-be75eec_150,2875732,3466549,111.61631,
memetic,best,"['transpose', 'exchange', 'insert']",5,30,0.8,11,25,0.1,0.5,N-be75eec_150,2875732,3466566,111.871208,
memetic,best,"['transpose', 'exchange', 'insert']",5,30,0.8,11,25,0.1,0.5,N-be75eec_150,2875732,3466578,112.491066,
memetic,best,"['transpose', 'exchange', 'insert']",5,30,0.8,11,25,0.1,0.5,N-be75eec_150,2875732,3466605,113.431541,
memetic,best,"['transpose', 'exchange', 'insert']",5,30,0.8,11,25,0.1,0.5,N-be75eec_150,2875732,3466618,115.165306,
memetic,best,"['transpose', 'exchange', 'insert']",5,30,0.8,11,25,0.1,0.5,N-be75eec_150,2875732,3466628,118.8983,
memetic,best,"['transpose', 'exchange', 'insert']",5,30,0.8,11,25,0.1,0.5,N-be75eec_150,2875732,3466630,119.415665,
memetic,best,"['transpose', 'exchange', 'insert']",5,30,0.8,11,25,0.1,0.5,N-be75eec_150,2875732,3466712,124.108536,
memetic,best,"['transpose', 'exchange', 'insert']",5,30,0.8,11,25,0.1,0.5,N-be75eec_150,2875732,3466715,167.68898,
memetic,best,"['transpose', 'exchange', 'insert']",5,30,0.8,11,25,0.1,0.5,N-be75eec_150,2875732,3466715,250.705643,
memetic,best,"['transpose', 'exchange', 'insert']",5,30,0.8,11,25,0.1,0.5,N-be75eec_150,4327538,3415872,0.625623,
memetic,best,"['transpose', 'exchange', 'insert']",5,30,0.8,11,25,0.1,0.5,N-be75eec_150,4327538,3423133,1.890628,
memetic,best,"['transpose', 'exchange', 'insert']",5,30,0.8,11,25,0.1,0.5,N-be75eec_150,4327538,3426082,2.994066,
memetic,best,"['transpose', 'exchange', 'insert']",5,30,0.8,11,25,0.1,0.5,N-be75eec_150,4327538,3426289,3.531631,
memetic,best,"['transpose', 'exchange', 'insert']",5,30,0.8,11,25,0.1,0.5,N-be75eec_150,4327538,3427977,4.668227,
memetic,best,"['transpose', 'exchange', 'insert']",5,30,0.8,11,25,0.1,0.5,N-be75eec_150,4327538,3428661,5.11283,
memetic,best,"['transpose', 'exchange', 'insert']",5,30,0.8,11,25,0.1,0.5,N-be75eec_150,4327538,3433434,6.159045,
memetic,best,"['transpose', 'exchange', 'insert']",5,30,0.8,11,25,0.1,0.5,N-be75eec_150,4327538,3434886,6.712989,
memetic,best,"['transpose', 'exchange', 'insert']",5,30,0.8,11,25,0.1,0.5,N-be75eec_150,4327538,3435117,7.604948,
memetic,best,"['transpose', 'exchange', 'insert']",5,30,0.8,11,25,0.1,0.5,N-be75eec_150,4327538,3439025,8.129248,
memetic,best,"['transpose', 'exchange', 'insert']",5,30,0.8,11,25,0.1,0.5,N-be75eec_150,4327538,3439548,9.423299,
memetic,best,"['transpose', 'exchange', 'insert']",5,30,0.8,11,25,0.1,0.5,N-be75eec_150,4327538,3441883,9.935011,
memetic,best,"['transpose', 'exchange', 'insert']",5,30,0.8,11,25,0.1,0.5,N-be75eec_150,4327538,3443528,11.497133,
memetic,best,"['transpose', 'exchange', 'insert']",5,30,0.8,11,25,0.1,0.5,N-be75eec_150,4327538,3443664,12.804238,
memetic,best,"['transpose', 'exchange', 'insert']",5,30,0.8,11,25,0.1,0.5,N-be75eec_150,4327538,3446244,13.278583,
memetic,best,"['transpose', 'exchange', 'insert']",5,30,0.8,11,25,0.1,0.5,N-be75eec_150,4327538,3446904,16.072725,
memetic,best,"['transpose', 'exchange', 'insert']",5,30,0.8,11,25,0.1,0.5,N-be75eec_150,4327538,3449463,16.840342,
memetic,best,"['transpose', 'exchange', 'insert']",5,30,0.8,11,25,0.1,0.5,N-be75eec_150,4327538,3450441,17.889948,
memetic,best,"['transpose', 'exchange', 'insert']",5,30,0.8,11,25,0.1,0.5,N-be75eec_150,4327538,3450548,18.215693,
memetic,best,"['transpose', 'exchange', 'insert']",5,30,0.8,11,25,0.1,0.5,N-be75eec_150,4327538,3451244,19.194454,
memetic,best,"['transpose', 'exchange', 'insert']",5,30,0.8,11,25,0.1,0.5,N-be75eec_150,4327538,3451416,19.54668,
memetic,best,"['transpose', 'exchange', 'insert']",5,30,0.8,11,25,0.1,0.5,N-be75eec_150,4327538,3451643,20.547131,
memetic,best,"['transpose', 'exchange', 'insert']",5,30,0.8,11,25,0.1,0.5,N-be75eec_150,4327538,3453694,21.475639,
memetic,best,"['transpose', 'exchange', 'insert']",5,30,0.8,11,25,0.1,0.5,N-be75eec_150,4327538,3454172,22.795343,
memetic,best,"['transpose', 'exchange', 'insert']",5,30,0.8,11,25,0.1,0.5,N-be75eec_150,4327538,3454228,23.490173,
memetic,best,"['transpose', 'exchange', 'insert']",5,30,0.8,11,25,0.1,0.5,N-be75eec_150,4327538,3454528,23.817347,
memetic,best,"['transpose', 'exchange', 'insert']",5,30,0.8,11,25,0.1,0.5,N-be75eec_150,4327538,3454718,24.455141,
memetic,best,"['transpose', 'exchange', 'insert']",5,30,0.8,11,25,0.1,0.5,N-be75eec_150,4327538,3455608,24.714769,
memetic,best,"['transpose', 'exchange', 'insert']",5,30,0.8,11,25,0.1,0.5,N-be75eec_150,4327538,3455829,26.931265,
memetic,best,"['transpose', 'exchange', 'insert']",5,30,0.8,11,25,0.1,0.5,N-be75eec_150,4327538,3456117,28.437588,
memetic,best,"['transpose', 'exchange', 'insert']",5,30,0.8,11,25,0.1,0.5,N-be75eec_150,4327538,3456190,29.489685,
memetic,best,"['transpose', 'exchange', 'insert']",5,30,0.8,11,25,0.1,0.5,N-be75eec_150,4327538,3456197,29.685247,
memetic,best,"['transpose', 'exchange', 'insert']",5,30,0.8,11,25,0.1,0.5,N-be75eec_150,4327538,3457125,30.106276,
memetic,best,"['transpose', 'exchange', 'insert']",5,30,0.8,11,25,0.1,0.5,N-be75eec_150,4327538,3458880,31.124001,
memetic,best,"['transpose', 'exchange', 'insert']",5,30,0.8,11,25,0.1,0.5,N-be75eec_150,4327538,3459249,32.973907,
memetic,best,"['transpose', 'exchange', 'insert']",5,30,0.8,11,25,0.1,0.5,N-be75eec_150,4327538,3459299,33.82465,
memetic,best,"['transpose', 'exchange', 'insert']",5,30,0.8,11,25,0.1,0.5,N-be75eec_150,4327538,3459423,34.057644,
memetic,best,"['transpose', 'exchange', 'insert']",5,30,0.8,11,25,0.1,0.5,N-be75eec_150,4327538,3459555,34.848244,
memetic,best,"['transpose', 'exchange', 'insert']",5,30,0.8,11,25,0.1,0.5,N-be75eec_150,4327538,3459600,35.131405,
memetic,best,"['transpose', 'exchange', 'insert']",5,30,0.8,11,25,0.1,0.5,N-be75eec_150,4327538,3459631,35.281982,
memetic,best,"['transpose', 'exchange', 'insert']",5,30,0.8,11,25,0.1,0.5,N-be75eec_150,4327538,3459643,35.673607,
memetic,best,"['transpose', 'exchange', 'insert']",5,30,0.8,11,25,0.1,0.5,N-be75eec_150,4327538,3459661,35.92141,
memetic,best,"['transpose', 'exchange', 'insert']",5,30,0.8,11,25,0.1,0.5,N-be75eec_150,4327538,3459714,36.537079,
memetic,best,"['transpose', 'exchange', 'insert']",5,30,0.8,11,25,0.1,0.5,N-be75eec_150,4327538,3459719,37.555775,
memetic,best,"['transpose', 'exchange', 'insert']",5,30,0.8,11,25,0.1,0.5,N-be75eec_150,4327538,3459722,38.019176,
memetic,best,"['transpose', 'exchange', 'insert']",5,30,0.8,11,25,0.1,0.5,N-be75eec_150,4327538,3459734,38.268177,
memetic,best,"['transpose', 'exchange', 'insert']",5,30,0.8,11,25,0.1,0.5,N-be75eec_150,4327538,3459785,38.768433,
memetic,best,"['transpose', 'exchange', 'insert']",5,30,0.8,11,25,0.1,0.5,N-be75eec_150,4327538,3459801,43.078079,
memetic,best,"['transpose', 'exchange', 'insert']",5,30,0.8,11,25,0.1,0.5,N-be75eec_150,4327538,3459886,43.53788,
memetic,best,"['transpose', 'exchange', 'insert']",5,30,0.8,11,25,0.1,0.5,N-be75eec_150,4327538,3459888,43.679478,
memetic,best,"['transpose', 'exchange', 'insert']",5,30,0.8,11,25,0.1,0.5,N-be75eec_150,4327538,3459907,43.845242,
memetic,best,"['transpose', 'exchange', 'insert']",5,30,0.8,11,25,0.1,0.5,N-be75eec_150,4327538,3459941,44.083778,
memetic,best,"['transpose', 'exchange', 'insert']",5,30,0.8,11,25,0.1,0.5,N-be75eec_150,4327538,3459960,44.60836,
memetic,best,"['transpose', 'exchange', 'insert']",5,30,0.8,11,25,0.1,0.5,N-be75eec_150,4327538,3460020,45.605145,
memetic,best,"['transpose', 'exchange', 'insert']",5,30,0.8,11,25,0.1,0.5,N-be75eec_150,4327538,3460068,46.629974,
memetic,best,"['transpose', 'exchange', 'insert']",5,30,0.8,11,25,0.1,0.5,N-be75eec_150,4327538,3460140,46.782013,
memetic,best,"['transpose', 'exchange', 'insert']",5,30,0.8,11,25,0.1,0.5,N-be75eec_150,4327538,3460696,47.587971,
memetic,best,"['transpose', 'exchange', 'insert']",5,30,0.8,11,25,0.1,0.5,N-be75eec_150,4327538,3460756,48.250717,
memetic,best,"['transpose', 'exchange', 'insert']",5,30,0.8,11,25,0.1,0.5,N-be75eec_150,4327538,3460762,48.569454,
memetic,best,"['transpose', 'exchange', 'insert']",5,30,0.8,11,25,0.1,0.5,N-be75eec_150,4327538,3460806,50.571518,
memetic,best,"['transpose', 'exchange', 'insert']",5,30,0.8,11,25,0.1,0.5,N-be75eec_150,4327538,3460859,51.923386,
memetic,best,"['transpose', 'exchange', 'insert']",5,30,0.8,11,25,0.1,0.5,N-be75eec_150,4327538,3460861,52.386806,
memetic,best,"['transpose', 'exchange', 'insert']",5,30,0.8,11,25,0.1,0.5,N-be75eec_150,4327538,3460863,53.248997,
memetic,best,"['transpose', 'exchange', 'insert']",5,30,0.8,11,25,0.1,0.5,N-be75eec_150,4327538,3460875,53.410099,
memetic,best,"['transpose', 'exchange', 'insert']",5,30,0.8,11,25,0.1,0.5,N-be75eec_150,4327538,3460923,76.400703,
memetic,best,"['transpose', 'exchange', 'insert']",5,30,0.8,11,25,0.1,0.5,N-be75eec_150,4327538,3460983,98.857101,
memetic,best,"['transpose', 'exchange', 'insert']",5,30,0.8,11,25,0.1,0.5,N-be75eec_150,4327538,3461799,99.209007,
memetic,best,"['transpose', 'exchange', 'insert']",5,30,0.8,11,25,0.1,0.5,N-be75eec_150,4327538,3462371,101.184631,
memetic,best,"['transpose', 'exchange', 'insert']",5,30,0.8,11,25,0.1,0.5,N-be75eec_150,4327538,3462452,102.867508,
memetic,best,"['transpose', 'exchange', 'insert']",5,30,0.8,11,25,0.1,0.5,N-be75eec_150,4327538,3463127,103.477966,
memetic,best,"['transpose', 'exchange', 'insert']",5,30,0.8,11,25,0.1,0.5,N-be75eec_150,4327538,3463239,103.920914,
memetic,best,"['transpose', 'exchange', 'insert']",5,30,0.8,11,25,0.1,0.5,N-be75eec_150,4327538,3463763,104.175568,
memetic,best,"['transpose', 'exchange', 'insert']",5,30,0.8,11,25,0.1,0.5,N-be75eec_150,4327538,3464241,104.671593,
memetic,best,"['transpose', 'exchange', 'insert']",5,30,0.8,11,25,0.1,0.5,N-be75eec_150,4327538,3464907,106.874992,
memetic,best,"['transpose', 'exchange', 'insert']",5,30,0.8,11,25,0.1,0.5,N-be75eec_150,4327538,3465323,107.124443,
memetic,best,"['transpose', 'exchange', 'insert']",5,30,0.8,11,25,0.1,0.5,N-be75eec_150,4327538,3465765,107.398064,
memetic,best,"['transpose', 'exchange', 'insert']",5,30,0.8,11,25,0.1,0.5,N-be75eec_150,4327538,3465784,108.449127,
memetic,best,"['transpose', 'exchange', 'insert']",5,30,0.8,11,25,0.1,0.5,N-be75eec_150,4327538,3465972,108.661438,
memetic,best,"['transpose', 'exchange', 'insert']",5,30,0.8,11,25,0.1,0.5,N-be75eec_150,4327538,3466085,109.588318,
memetic,best,"['transpose', 'exchange', 'insert']",5,30,0.8,11,25,0.1,0.5,N-be75eec_150,4327538,3466150,109.744057,
memetic,best,"['transpose', 'exchange', 'insert']",5,30,0.8,11,25,0.1,0.5,N-be75eec_150,4327538,3466165,109.903732,
memetic,best,"['transpose', 'exchange', 'insert']",5,30,0.8,11,25,0.1,0.5,N-be75eec_150,4327538,3466188,110.007118,
memetic,best,"['transpose', 'exchange', 'insert']",5,30,0.8,11,25,0.1,0.5,N-be75eec_150,4327538,3466218,110.17485,
memetic,best,"['transpose', 'exchange', 'insert']",5,30,0.8,11,25,0.1,0.5,N-be75eec_150,4327538,3466289,110.322525,
memetic,best,"['transpose', 'exchange', 'insert']",5,30,0.8,11,25,0.1,0.5,N-be75eec_150,4327538,3466516,110.463852,
memetic,best,"['transpose', 'exchange', 'insert']",5,30,0.8,11,25,0.1,0.5,N-be75eec_150,4327538,3466521,110.873917,
memetic,best,"['transpose', 'exchange', 'insert']",5,30,0.8,11,25,0.1,0.5,N-be75eec_150,4327538,3466541,111.303123,
memetic,best,"['transpose', 'exchange', 'insert']",5,30,0.8,11,25,0.1,0.5,N-be75eec_150,4327538,3466549,111.414383,
memetic,best,"['transpose', 'exchange', 'insert']",5,30,0.8,11,25,0.1,0.5,N-be75eec_150,4327538,3466566,111.679916,
memetic,best,"['transpose', 'exchange', 'insert']",5,30,0.8,11,25,0.1,0.5,N-be75eec_150,4327538,3466578,112.310013,
memetic,best,"['transpose', 'exchange', 'insert']",5,30,0.8,11,25,0.1,0.5,N-be75eec_150,4327538,3466605,113.304337,
memetic,best,"['transpose', 'exchange', 'insert']",5,30,0.8,11,25,0.1,0.5,N-be75eec_150,4327538,3466618,115.045784,
memetic,best,"['transpose', 'exchange', 'insert']",5,30,0.8,11,25,0.1,0.5,N-be75eec_150,4327538,3466628,118.780754,
memetic,best,"['transpose', 'exchange', 'insert']",5,30,0.8,11,25,0.1,0.5,N-be75eec_150,4327538,3466630,119.270638,
memetic,best,"['transpose', 'exchange', 'insert']",5,30,0.8,11,25,0.1,0.5,N-be75eec_150,4327538,3466712,123.860077,
memetic,best,"['transpose', 'exchange', 'insert']",5,30,0.8,11,25,0.1,0.5,N-be75eec_150,4327538,3466715,167.41011,
memetic,best,"['transpose', 'exchange', 'insert']",5,30,0.8,11,25,0.1,0.5,N-be75eec_150,4327538,3466715,249.749924,
memetic,best,"['transpose', 'exchange', 'insert']",5,30,0.8,11,25,0.1,0.5,N-be75eec_150,4510445,3415872,0.623603,
memetic,best,"['transpose', 'exchange', 'insert']",5,30,0.8,11,25,0.1,0.5,N-be75eec_150,4510445,3423133,1.887461,
memetic,best,"['transpose', 'exchange', 'insert']",5,30,0.8,11,25,0.1,0.5,N-be75eec_150,4510445,3426082,3.001785,
memetic,best,"['transpose', 'exchange', 'insert']",5,30,0.8,11,25,0.1,0.5,N-be75eec_150,4510445,3426289,3.540541,
memetic,best,"['transpose', 'exchange', 'insert']",5,30,0.8,11,25,0.1,0.5,N-be75eec_150,4510445,3427977,4.638237,
memetic,best,"['transpose', 'exchange', 'insert']",5,30,0.8,11,25,0.1,0.5,N-be75eec_150,4510445,3428661,5.098578,
memetic,best,"['transpose', 'exchange', 'insert']",5,30,0.8,11,25,0.1,0.5,N-be75eec_150,4510445,3433434,6.195404,
memetic,best,"['transpose', 'exchange', 'insert']",5,30,0.8,11,25,0.1,0.5,N-be75eec_150,4510445,3434886,6.73572,
memetic,best,"['transpose', 'exchange', 'insert']",5,30,0.8,11,25,0.1,0.5,N-be75eec_150,4510445,3435117,7.655967,
memetic,best,"['transpose', 'exchange', 'insert']",5,30,0.8,11,25,0.1,0.5,N-be75eec_150,4510445,3439025,8.159503,
memetic,best,"['transpose', 'exchange', 'insert']",5,30,0.8,11,25,0.1,0.5,N-be75eec_150,4510445,3439548,9.433088,
memetic,best,"['transpose', 'exchange', 'insert']",5,30,0.8,11,25,0.1,0.5,N-be75eec_150,4510445,3441883,9.952185,
memetic,best,"['transpose', 'exchange', 'insert']",5,30,0.8,11,25,0.1,0.5,N-be75eec_150,4510445,3443528,11.514154,
memetic,best,"['transpose', 'exchange', 'insert']",5,30,0.8,11,25,0.1,0.5,N-be75eec_150,4510445,3443664,12.752145,
memetic,best,"['transpose', 'exchange', 'insert']",5,30,0.8,11,25,0.1,0.5,N-be75eec_150,4510445,3446244,13.215972,
memetic,best,"['transpose', 'exchange', 'insert']",5,30,0.8,11,25,0.1,0.5,N-be75eec_150,4510445,3446904,16.042847,
memetic,best,"['transpose', 'exchange', 'insert']",5,30,0.8,11,25,0.1,0.5,N-be75eec_150,4510445,3449463,16.827316,
memetic,best,"['transpose', 'exchange', 'insert']",5,30,0.8,11,25,0.1,0.5,N-be75eec_150,4510445,3450441,17.868895,
memetic,best,"['transpose', 'exchange', 'insert']",5,30,0.8,11,25,0.1,0.5,N-be75eec_150,4510445,3450548,18.201014,
memetic,best,"['transpose', 'exchange', 'insert']",5,30,0.8,11,25,0.1,0.5,N-be75eec_150,4510445,3451244,19.172949,
memetic,best,"['transpose', 'exchange', 'insert']",5,30,0.8,11,25,0.1,0.5,N-be75eec_150,4510445,3451416,19.51263,
memetic,best,"['transpose', 'exchange', 'insert']",5,30,0.8,11,25,0.1,0.5,N-be75eec_150,4510445,3451643,20.505554,
memetic,best,"['transpose', 'exchange', 'insert']",5,30,0.8,11,25,0.1,0.5,N-be75eec_150,4510445,3453694,21.450811,
memetic,best,"['transpose', 'exchange', 'insert']",5,30,0.8,11,25,0.1,0.5,N-be75eec_150,4510445,3454172,22.748869,
memetic,best,"['transpose', 'exchange', 'insert']",5,30,0.8,11,25,0.1,0.5,N-be75eec_150,4510445,3454228,23.427338,
memetic,best,"['transpose', 'exchange', 'insert']",5,30,0.8,11,25,0.1,0.5,N-be75eec_150,4510445,3454528,23.746084,
memetic,best,"['transpose', 'exchange', 'insert']",5,30,0.8,11,25,0.1,0.5,N-be75eec_150,4510445,3454718,24.435972,
memetic,best,"['transpose', 'exchange', 'insert']",5,30,0.8,11,25,0.1,0.5,N-be75eec_150,4510445,3455608,24.697386,
memetic,best,"['transpose', 'exchange', 'insert']",5,30,0.8,11,25,0.1,0.5,N-be75eec_150,4510445,3455829,26.873005,
memetic,best,"['transpose', 'exchange', 'insert']",5,30,0.8,11,25,0.1,0.5,N-be75eec_150,4510445,3456117,28.294128,
memetic,best,"['transpose', 'exchange', 'insert']",5,30,0.8,11,25,0.1,0.5,N-be75eec_150,4510445,3456190,29.380112,
memetic,best,"['transpose', 'exchange', 'insert']",5,30,0.8,11,25,0.1,0.5,N-be75eec_150,4510445,3456197,29.569035,
memetic,best,"['transpose', 'exchange', 'insert']",5,30,0.8,11,25,0.1,0.5,N-be75eec_150,4510445,3457125,29.98122,
memetic,best,"['transpose', 'exchange', 'insert']",5,30,0.8,11,25,0.1,0.5,N-be75eec_150,4510445,3458880,31.006929,
memetic,best,"['transpose', 'exchange', 'insert']",5,30,0.8,11,25,0.1,0.5,N-be75eec_150,4510445,3459249,32.88538,
memetic,best,"['transpose', 'exchange', 'insert']",5,30,0.8,11,25,0.1,0.5,N-be75eec_150,4510445,3459299,33.709534,
memetic,best,"['transpose', 'exchange', 'insert']",5,30,0.8,11,25,0.1,0.5,N-be75eec_150,4510445,3459423,33.944736,
memetic,best,"['transpose', 'exchange', 'insert']",5,30,0.8,11,25,0.1,0.5,N-be75eec_150,4510445,3459555,34.720173,
memetic,best,"['transpose', 'exchange', 'insert']",5,30,0.8,11,25,0.1,0.5,N-be75eec_150,4510445,3459600,35.000465,
memetic,best,"['transpose', 'exchange', 'insert']",5,30,0.8,11,25,0.1,0.5,N-be75eec_150,4510445,3459631,35.153885,
memetic,best,"['transpose', 'exchange', 'insert']",5,30,0.8,11,25,0.1,0.5,N-be75eec_150,4510445,3459643,35.552368,
memetic,best,"['transpose', 'exchange', 'insert']",5,30,0.8,11,25,0.1,0.5,N-be75eec_150,4510445,3459661,35.796879,
memetic,best,"['transpose', 'exchange', 'insert']",5,30,0.8,11,25,0.1,0.5,N-be75eec_150,4510445,3459714,36.390282,
memetic,best,"['transpose', 'exchange', 'insert']",5,30,0.8,11,25,0.1,0.5,N-be75eec_150,4510445,3459719,37.456406,
memetic,best,"['transpose', 'exchange', 'insert']",5,30,0.8,11,25,0.1,0.5,N-be75eec_150,4510445,3459722,37.935329,
memetic,best,"['transpose', 'exchange', 'insert']",5,30,0.8,11,25,0.1,0.5,N-be75eec_150,4510445,3459734,38.189457,
memetic,best,"['transpose', 'exchange', 'insert']",5,30,0.8,11,25,0.1,0.5,N-be75eec_150,4510445,3459785,38.681118,
memetic,best,"['transpose', 'exchange', 'insert']",5,30,0.8,11,25,0.1,0.5,N-be75eec_150,4510445,3459801,42.98962,
memetic,best,"['transpose', 'exchange', 'insert']",5,30,0.8,11,25,0.1,0.5,N-be75eec_150,4510445,3459886,43.40575,
memetic,best,"['transpose', 'exchange', 'insert']",5,30,0.8,11,25,0.1,0.5,N-be75eec_150,4510445,3459888,43.54641,
memetic,best,"['transpose', 'exchange', 'insert']",5,30,0.8,11,25,0.1,0.5,N-be75eec_150,4510445,3459907,43.731182,
memetic,best,"['transpose', 'exchange', 'insert']",5,30,0.8,11,25,0.1,0.5,N-be75eec_150,4510445,3459941,43.966438,
memetic,best,"['transpose', 'exchange', 'insert']",5,30,0.8,11,25,0.1,0.5,N-be75eec_150,4510445,3459960,44.513222,
memetic,best,"['transpose', 'exchange', 'insert']",5,30,0.8,11,25,0.1,0.5,N-be75eec_150,4510445,3460020,45.522396,
memetic,best,"['transpose', 'exchange', 'insert']",5,30,0.8,11,25,0.1,0.5,N-be75eec_150,4510445,3460068,46.523121,
memetic,best,"['transpose', 'exchange', 'insert']",5,30,0.8,11,25,0.1,0.5,N-be75eec_150,4510445,3460140,46.654099,
memetic,best,"['transpose', 'exchange', 'insert']",5,30,0.8,11,25,0.1,0.5,N-be75eec_150,4510445,3460696,47.467564,
memetic,best,"['transpose', 'exchange', 'insert']",5,30,0.8,11,25,0.1,0.5,N-be75eec_150,4510445,3460756,48.079002,
memetic,best,"['transpose', 'exchange', 'insert']",5,30,0.8,11,25,0.1,0.5,N-be75eec_150,4510445,3460762,48.381794,
memetic,best,"['transpose', 'exchange', 'insert']",5,30,0.8,11,25,0.1,0.5,N-be75eec_150,4510445,3460806,50.421288,
memetic,best,"['transpose', 'exchange', 'insert']",5,30,0.8,11,25,0.1,0.5,N-be75eec_150,4510445,3460859,51.749523,
memetic,best,"['transpose', 'exchange', 'insert']",5,30,0.8,11,25,0.1,0.5,N-be75eec_150,4510445,3460861,52.21653,
memetic,best,"['transpose', 'exchange', 'insert']",5,30,0.8,11,25,0.1,0.5,N-be75eec_150,4510445,3460863,53.084892,
memetic,best,"['transpose', 'exchange', 'insert']",5,30,0.8,11,25,0.1,0.5,N-be75eec_150,4510445,3460875,53.227676,
memetic,best,"['transpose', 'exchange', 'insert']",5,30,0.8,11,25,0.1,0.5,N-be75eec_150,4510445,3460923,76.338921,
memetic,best,"['transpose', 'exchange', 'insert']",5,30,0.8,11,25,0.1,0.5,N-be75eec_150,4510445,3460983,98.821404,
memetic,best,"['transpose', 'exchange', 'insert']",5,30,0.8,11,25,0.1,0.5,N-be75eec_150,4510445,3461799,99.174698,
memetic,best,"['transpose', 'exchange', 'insert']",5,30,0.8,11,25,0.1,0.5,N-be75eec_150,4510445,3462371,101.091698,
memetic,best,"['transpose', 'exchange', 'insert']",5,30,0.8,11,25,0.1,0.5,N-be75eec_150,4510445,3462452,102.735817,
memetic,best,"['transpose', 'exchange', 'insert']",5,30,0.8,11,25,0.1,0.5,N-be75eec_150,4510445,3463127,103.352814,
memetic,best,"['transpose', 'exchange', 'insert']",5,30,0.8,11,25,0.1,0.5,N-be75eec_150,4510445,3463239,103.780739,
memetic,best,"['transpose', 'exchange', 'insert']",5,30,0.8,11,25,0.1,0.5,N-be75eec_150,4510445,3463763,104.035789,
memetic,best,"['transpose', 'exchange', 'insert']",5,30,0.8,11,25,0.1,0.5,N-be75eec_150,4510445,3464241,104.548805,
memetic,best,"['transpose', 'exchange', 'insert']",5,30,0.8,11,25,0.1,0.5,N-be75eec_150,4510445,3464907,106.81707,
memetic,best,"['transpose', 'exchange', 'insert']",5,30,0.8,11,25,0.1,0.5,N-be75eec_150,4510445,3465323,107.074493,
memetic,best,"['transpose', 'exchange', 'insert']",5,30,0.8,11,25,0.1,0.5,N-be75eec_150,4510445,3465765,107.345383,
memetic,best,"['transpose', 'exchange', 'insert']",5,30,0.8,11,25,0.1,0.5,N-be75eec_150,4510445,3465784,108.397369,
memetic,best,"['transpose', 'exchange', 'insert']",5,30,0.8,11,25,0.1,0.5,N-be75eec_150,4510445,3465972,108.615601,
memetic,best,"['transpose', 'exchange', 'insert']",5,30,0.8,11,25,0.1,0.5,N-be75eec_150,4510445,3466085,109.589935,
memetic,best,"['transpose', 'exchange', 'insert']",5,30,0.8,11,25,0.1,0.5,N-be75eec_150,4510445,3466150,109.741364,
memetic,best,"['transpose', 'exchange', 'insert']",5,30,0.8,11,25,0.1,0.5,N-be75eec_150,4510445,3466165,109.905289,
memetic,best,"['transpose', 'exchange', 'insert']",5,30,0.8,11,25,0.1,0.5,N-be75eec_150,4510445,3466188,110.008179,
memetic,best,"['transpose', 'exchange', 'insert']",5,30,0.8,11,25,0.1,0.5,N-be75eec_150,4510445,3466218,110.170174,
memetic,best,"['transpose', 'exchange', 'insert']",5,30,0.8,11,25,0.1,0.5,N-be75eec_150,4510445,3466289,110.311012,
memetic,best,"['transpose', 'exchange', 'insert']",5,30,0.8,11,25,0.1,0.5,N-be75eec_150,4510445,3466516,110.461433,
memetic,best,"['transpose', 'exchange', 'insert']",5,30,0.8,11,25,0.1,0.5,N-be75eec_150,4510445,3466521,110.903282,
memetic,best,"['transpose', 'exchange', 'insert']",5,30,0.8,11,25,0.1,0.5,N-be75eec_150,4510445,3466541,111.310829,
memetic,best,"['transpose', 'exchange', 'insert']",5,30,0.8,11,25,0.1,0.5,N-be75eec_150,4510445,3466549,111.425484,
memetic,best,"['transpose', 'exchange', 'insert']",5,30,0.8,11,25,0.1,0.5,N-be75eec_150,4510445,3466566,111.702187,
memetic,best,"['transpose', 'exchange', 'insert']",5,30,0.8,11,25,0.1,0.5,N-be75eec_150,4510445,3466578,112.319977,
memetic,best,"['transpose', 'exchange', 'insert']",5,30,0.8,11,25,0.1,0.5,N-be75eec_150,4510445,3466605,113.299248,
memetic,best,"['transpose', 'exchange', 'insert']",5,30,0.8,11,25,0.1,0.5,N-be75eec_150,4510445,3466618,115.02787,
memetic,best,"['transpose', 'exchange', 'insert']",5,30,0.8,11,25,0.1,0.5,N-be75eec_150,4510445,3466628,118.740578,
memetic,best,"['transpose', 'exchange', 'insert']",5,30,0.8,11,25,0.1,0.5,N-be75eec_150,4510445,3466630,119.23806,
memetic,best,"['transpose', 'exchange', 'insert']",5,30,0.8,11,25,0.1,0.5,N-be75eec_150,4510445,3466712,123.862373,
memetic,best,"['transpose', 'exchange', 'insert']",5,30,0.8,11,25,0.1,0.5,N-be75eec_150,4510445,3466715,167.139664,
memetic,best,"['transpose', 'exchange', 'insert']",5,30,0.8,11,25,0.1,0.5,N-be75eec_150,4510445,3466715,249.579269,
memetic,best,"['transpose', 'exchange', 'insert']",5,30,0.8,11,25,0.1,0.5,N-be75eec_150,3239550,3415872,0.611156,
memetic,best,"['transpose', 'exchange', 'insert']",5,30,0.8,11,25,0.1,0.5,N-be75eec_150,3239550,3423133,1.903554,
memetic,best,"['transpose', 'exchange', 'insert']",5,30,0.8,11,25,0.1,0.5,N-be75eec_150,3239550,3426082,3.036458,
memetic,best,"['transpose', 'exchange', 'insert']",5,30,0.8,11,25,0.1,0.5,N-be75eec_150,3239550,3426289,3.561454,
memetic,best,"['transpose', 'exchange', 'insert']",5,30,0.8,11,25,0.1,0.5,N-be75eec_150,3239550,3427977,4.670409,
memetic,best,"['transpose', 'exchange', 'insert']",5,30,0.8,11,25,0.1,0.5,N-be75eec_150,3239550,3428661,5.124055,
memetic,best,"['transpose', 'exchange', 'insert']",5,30,0.8,11,25,0.1,0.5,N-be75eec_150,3239550,3433434,6.200627,
memetic,best,"['transpose', 'exchange', 'insert']",5,30,0.8,11,25,0.1,0.5,N-be75eec_150,3239550,3434886,6.728712,
memetic,best,"['transpose', 'exchange', 'insert']",5,30,0.8,11,25,0.1,0.5,N-be75eec_150,3239550,3435117,7.663448,
memetic,best,"['transpose', 'exchange', 'insert']",5,30,0.8,11,25,0.1,0.5,N-be75eec_150,3239550,3439025,8.172388,
memetic,best,"['transpose', 'exchange', 'insert']",5,30,0.8,11,25,0.1,0.5,N-be75eec_150,3239550,3439548,9.456716,
memetic,best,"['transpose', 'exchange', 'insert']",5,30,0.8,11,25,0.1,0.5,N-be75eec_150,3239550,3441883,9.938242,
memetic,best,"['transpose', 'exchange', 'insert']",5,30,0.8,11,25,0.1,0.5,N-be75eec_150,3239550,3443528,11.498065,
memetic,best,"['transpose', 'exchange', 'insert']",5,30,0.8,11,25,0.1,0.5,N-be75eec_150,3239550,3443664,12.791897,
memetic,best,"['transpose', 'exchange', 'insert']",5,30,0.8,11,25,0.1,0.5,N-be75eec_150,3239550,3446244,13.257286,
memetic,best,"['transpose', 'exchange', 'insert']",5,30,0.8,11,25,0.1,0.5,N-be75eec_150,3239550,3446904,16.07373,
memetic,best,"['transpose', 'exchange', 'insert']",5,30,0.8,11,25,0.1,0.5,N-be75eec_150,3239550,3449463,16.82679,
memetic,best,"['transpose', 'exchange', 'insert']",5,30,0.8,11,25,0.1,0.5,N-be75eec_150,3239550,3450441,17.874826,
memetic,best,"['transpose', 'exchange', 'insert']",5,30,0.8,11,25,0.1,0.5,N-be75eec_150,3239550,3450548,18.212952,
memetic,best,"['transpose', 'exchange', 'insert']",5,30,0.8,11,25,0.1,0.5,N-be75eec_150,3239550,3451244,19.193432,
memetic,best,"['transpose', 'exchange', 'insert']",5,30,0.8,11,25,0.1,0.5,N-be75eec_150,3239550,3451416,19.518953,
memetic,best,"['transpose', 'exchange', 'insert']",5,30,0.8,11,25,0.1,0.5,N-be75eec_150,3239550,3451643,20.482599,
memetic,best,"['transpose', 'exchange', 'insert']",5,30,0.8,11,25,0.1,0.5,N-be75eec_150,3239550,3453694,21.396332,
memetic,best,"['transpose', 'exchange', 'insert']",5,30,0.8,11,25,0.1,0.5,N-be75eec_150,3239550,3454172,22.706821,
memetic,best,"['transpose', 'exchange', 'insert']",5,30,0.8,11,25,0.1,0.5,N-be75eec_150,3239550,3454228,23.393852,
memetic,best,"['transpose', 'exchange', 'insert']",5,30,0.8,11,25,0.1,0.5,N-be75eec_150,3239550,3454528,23.708382,
memetic,best,"['transpose', 'exchange', 'insert']",5,30,0.8,11,25,0.1,0.5,N-be75eec_150,3239550,3454718,24.371571,
memetic,best,"['transpose', 'exchange', 'insert']",5,30,0.8,11,25,0.1,0.5,N-be75eec_150,3239550,3455608,24.625154,
memetic,best,"['transpose', 'exchange', 'insert']",5,30,0.8,11,25,0.1,0.5,N-be75eec_150,3239550,3455829,26.847998,
memetic,best,"['transpose', 'exchange', 'insert']",5,30,0.8,11,25,0.1,0.5,N-be75eec_150,3239550,3456117,28.286726,
memetic,best,"['transpose', 'exchange', 'insert']",5,30,0.8,11,25,0.1,0.5,N-be75eec_150,3239550,3456190,29.320845,
memetic,best,"['transpose', 'exchange', 'insert']",5,30,0.8,11,25,0.1,0.5,N-be75eec_150,3239550,3456197,29.501043,
memetic,best,"['transpose', 'exchange', 'insert']",5,30,0.8,11,25,0.1,0.5,N-be75eec_150,3239550,3457125,29.941898,
memetic,best,"['transpose', 'exchange', 'insert']",5,30,0.8,11,25,0.1,0.5,N-be75eec_150,3239550,3458880,30.969336,
memetic,best,"['transpose', 'exchange', 'insert']",5,30,0.8,11,25,0.1,0.5,N-be75eec_150,3239550,3459249,32.868237,
memetic,best,"['transpose', 'exchange', 'insert']",5,30,0.8,11,25,0.1,0.5,N-be75eec_150,3239550,3459299,33.71431,
memetic,best,"['transpose', 'exchange', 'insert']",5,30,0.8,11,25,0.1,0.5,N-be75eec_150,3239550,3459423,33.939438,
memetic,best,"['transpose', 'exchange', 'insert']",5,30,0.8,11,25,0.1,0.5,N-be75eec_150,3239550,3459555,34.700653,
memetic,best,"['transpose', 'exchange', 'insert']",5,30,0.8,11,25,0.1,0.5,N-be75eec_150,3239550,3459600,34.968166,
memetic,best,"['transpose', 'exchange', 'insert']",5,30,0.8,11,25,0.1,0.5,N-be75eec_150,3239550,3459631,35.132584,
memetic,best,"['transpose', 'exchange', 'insert']",5,30,0.8,11,25,0.1,0.5,N-be75eec_150,3239550,3459643,35.501492,
memetic,best,"['transpose', 'exchange', 'insert']",5,30,0.8,11,25,0.1,0.5,N-be75eec_150,3239550,3459661,35.746693,
memetic,best,"['transpose', 'exchange', 'insert']",5,30,0.8,11,25,0.1,0.5,N-be75eec_150,3239550,3459714,36.336971,
memetic,best,"['transpose', 'exchange', 'insert']",5,30,0.8,11,25,0.1,0.5,N-be75eec_150,3239550,3459719,37.38496,
memetic,best,"['transpose', 'exchange', 'insert']",5,30,0.8,11,25,0.1,0.5,N-be75eec_150,3239550,3459722,37.86898,
memetic,best,"['transpose', 'exchange', 'insert']",5,30,0.8,11,25,0.1,0.5,N-be75eec_150,3239550,3459734,38.114017,
memetic,best,"['transpose', 'exchange', 'insert']",5,30,0.8,11,25,0.1,0.5,N-be75eec_150,3239550,3459785,38.596207,
memetic,best,"['transpose', 'exchange', 'insert']",5,30,0.8,11,25,0.1,0.5,N-be75eec_150,3239550,3459801,42.899933,
memetic,best,"['transpose', 'exchange', 'insert']",5,30,0.8,11,25,0.1,0.5,N-be75eec_150,3239550,3459886,43.335217,
memetic,best,"['transpose', 'exchange', 'insert']",5,30,0.8,11,25,0.1,0.5,N-be75eec_150,3239550,3459888,43.474083,
memetic,best,"['transpose', 'exchange', 'insert']",5,30,0.8,11,25,0.1,0.5,N-be75eec_150,3239550,3459907,43.656906,
memetic,best,"['transpose', 'exchange', 'insert']",5,30,0.8,11,25,0.1,0.5,N-be75eec_150,3239550,3459941,43.898525,
memetic,best,"['transpose', 'exchange', 'insert']",5,30,0.8,11,25,0.1,0.5,N-be75eec_150,3239550,3459960,44.443371,
memetic,best,"['transpose', 'exchange', 'insert']",5,30,0.8,11,25,0.1,0.5,N-be75eec_150,3239550,3460020,45.429291,
memetic,best,"['transpose', 'exchange', 'insert']",5,30,0.8,11,25,0.1,0.5,N-be75eec_150,3239550,3460068,46.488438,
memetic,best,"['transpose', 'exchange', 'insert']",5,30,0.8,11,25,0.1,0.5,N-be75eec_150,3239550,3460140,46.631874,
memetic,best,"['transpose', 'exchange', 'insert']",5,30,0.8,11,25,0.1,0.5,N-be75eec_150,3239550,3460696,47.40086,
memetic,best,"['transpose', 'exchange', 'insert']",5,30,0.8,11,25,0.1,0.5,N-be75eec_150,3239550,3460756,48.030609,
memetic,best,"['transpose', 'exchange', 'insert']",5,30,0.8,11,25,0.1,0.5,N-be75eec_150,3239550,3460762,48.331856,
memetic,best,"['transpose', 'exchange', 'insert']",5,30,0.8,11,25,0.1,0.5,N-be75eec_150,3239550,3460806,50.285023,
memetic,best,"['transpose', 'exchange', 'insert']",5,30,0.8,11,25,0.1,0.5,N-be75eec_150,3239550,3460859,51.63303,
memetic,best,"['transpose', 'exchange', 'insert']",5,30,0.8,11,25,0.1,0.5,N-be75eec_150,3239550,3460861,52.075207,
memetic,best,"['transpose', 'exchange', 'insert']",5,30,0.8,11,25,0.1,0.5,N-be75eec_150,3239550,3460863,52.930145,
memetic,best,"['transpose', 'exchange', 'insert']",5,30,0.8,11,25,0.1,0.5,N-be75eec_150,3239550,3460875,53.072121,
memetic,best,"['transpose', 'exchange', 'insert']",5,30,0.8,11,25,0.1,0.5,N-be75eec_150,3239550,3460923,76.101402,
memetic,best,"['transpose', 'exchange', 'insert']",5,30,0.8,11,25,0.1,0.5,N-be75eec_150,3239550,3460983,98.536057,
memetic,best,"['transpose', 'exchange', 'insert']",5,30,0.8,11,25,0.1,0.5,N-be75eec_150,3239550,3461799,98.884216,
memetic,best,"['transpose', 'exchange', 'insert']",5,30,0.8,11,25,0.1,0.5,N-be75eec_150,3239550,3462371,100.85675,
memetic,best,"['transpose', 'exchange', 'insert']",5,30,0.8,11,25,0.1,0.5,N-be75eec_150,3239550,3462452,102.49308,
memetic,best,"['transpose', 'exchange', 'insert']",5,30,0.8,11,25,0.1,0.5,N-be75eec_150,3239550,3463127,103.090714,
memetic,best,"['transpose', 'exchange', 'insert']",5,30,0.8,11,25,0.1,0.5,N-be75eec_150,3239550,3463239,103.52356,
memetic,best,"['transpose', 'exchange', 'insert']",5,30,0.8,11,25,0.1,0.5,N-be75eec_150,3239550,3463763,103.778992,
memetic,best,"['transpose', 'exchange', 'insert']",5,30,0.8,11,25,0.1,0.5,N-be75eec_150,3239550,3464241,104.281342,
memetic,best,"['transpose', 'exchange', 'insert']",5,30,0.8,11,25,0.1,0.5,N-be75eec_150,3239550,3464907,106.513969,
memetic,best,"['transpose', 'exchange', 'insert']",5,30,0.8,11,25,0.1,0.5,N-be75eec_150,3239550,3465323,106.765083,
memetic,best,"['transpose', 'exchange', 'insert']",5,30,0.8,11,25,0.1,0.5,N-be75eec_150,3239550,3465765,107.028984,
memetic,best,"['transpose', 'exchange', 'insert']",5,30,0.8,11,25,0.1,0.5,N-be75eec_150,3239550,3465784,108.065628,
memetic,best,"['transpose', 'exchange', 'insert']",5,30,0.8,11,25,0.1,0.5,N-be75eec_150,3239550,3465972,108.272034,
memetic,best,"['transpose', 'exchange', 'insert']",5,30,0.8,11,25,0.1,0.5,N-be75eec_150,3239550,3466085,109.255501,
memetic,best,"['transpose', 'exchange', 'insert']",5,30,0.8,11,25,0.1,0.5,N-be75eec_150,3239550,3466150,109.401581,
memetic,best,"['transpose', 'exchange', 'insert']",5,30,0.8,11,25,0.1,0.5,N-be75eec_150,3239550,3466165,109.56572,
memetic,best,"['transpose', 'exchange', 'insert']",5,30,0.8,11,25,0.1,0.5,N-be75eec_150,3239550,3466188,109.668396,
memetic,best,"['transpose', 'exchange', 'insert']",5,30,0.8,11,25,0.1,0.5,N-be75eec_150,3239550,3466218,109.84127,
memetic,best,"['transpose', 'exchange', 'insert']",5,30,0.8,11,25,0.1,0.5,N-be75eec_150,3239550,3466289,109.977135,
memetic,best,"['transpose', 'exchange', 'insert']",5,30,0.8,11,25,0.1,0.5,N-be75eec_150,3239550,3466516,110.106598,
memetic,best,"['transpose', 'exchange', 'insert']",5,30,0.8,11,25,0.1,0.5,N-be75eec_150,3239550,3466521,110.55629,
memetic,best,"['transpose', 'exchange', 'insert']",5,30,0.8,11,25,0.1,0.5,N-be75eec_150,3239550,3466541,110.941414,
memetic,best,"['transpose', 'exchange', 'insert']",5,30,0.8,11,25,0.1,0.5,N-be75eec_150,3239550,3466549,111.061867,
memetic,best,"['transpose', 'exchange', 'insert']",5,30,0.8,11,25,0.1,0.5,N-be75eec_150,3239550,3466566,111.319534,
memetic,best,"['transpose', 'exchange', 'insert']",5,30,0.8,11,25,0.1,0.5,N-be75eec_150,3239550,3466578,111.94165,
memetic,best,"['transpose', 'exchange', 'insert']",5,30,0.8,11,25,0.1,0.5,N-be75eec_150,3239550,3466605,112.912651,
memetic,best,"['transpose', 'exchange', 'insert']",5,30,0.8,11,25,0.1,0.5,N-be75eec_150,3239550,3466618,114.689888,
memetic,best,"['transpose', 'exchange', 'insert']",5,30,0.8,11,25,0.1,0.5,N-be75eec_150,3239550,3466628,118.381615,
memetic,best,"['transpose', 'exchange', 'insert']",5,30,0.8,11,25,0.1,0.5,N-be75eec_150,3239550,3466630,118.884644,
memetic,best,"['transpose', 'exchange', 'insert']",5,30,0.8,11,25,0.1,0.5,N-be75eec_150,3239550,3466712,123.450676,
memetic,best,"['transpose', 'exchange', 'insert']",5,30,0.8,11,25,0.1,0.5,N-be75eec_150,3239550,3466715,166.810822,
memetic,best,"['transpose', 'exchange', 'insert']",5,30,0.8,11,25,0.1,0.5,N-be75eec_150,3239550,3466715,249.616714,
memetic,best,"['transpose', 'exchange', 'insert']",5,30,0.8,11,25,0.1,0.5,N-be75eec_150,1462697,3415872,0.625674,
memetic,best,"['transpose', 'exchange', 'insert']",5,30,0.8,11,25,0.1,0.5,N-be75eec_150,1462697,3423133,1.85849,
memetic,best,"['transpose', 'exchange', 'insert']",5,30,0.8,11,25,0.1,0.5,N-be75eec_150,1462697,3426082,2.964796,
memetic,best,"['transpose', 'exchange', 'insert']",5,30,0.8,11,25,0.1,0.5,N-be75eec_150,1462697,3426289,3.508163,
memetic,best,"['transpose', 'exchange', 'insert']",5,30,0.8,11,25,0.1,0.5,N-be75eec_150,1462697,3427977,4.643635,
memetic,best,"['transpose', 'exchange', 'insert']",5,30,0.8,11,25,0.1,0.5,N-be75eec_150,1462697,3428661,5.100051,
memetic,best,"['transpose', 'exchange', 'insert']",5,30,0.8,11,25,0.1,0.5,N-be75eec_150,1462697,3433434,6.201548,
memetic,best,"['transpose', 'exchange', 'insert']",5,30,0.8,11,25,0.1,0.5,N-be75eec_150,1462697,3434886,6.7744,
memetic,best,"['transpose', 'exchange', 'insert']",5,30,0.8,11,25,0.1,0.5,N-be75eec_150,1462697,3435117,7.72927,
memetic,best,"['transpose', 'exchange', 'insert']",5,30,0.8,11,25,0.1,0.5,N-be75eec_150,1462697,3439025,8.25533,
memetic,best,"['transpose', 'exchange', 'insert']",5,30,0.8,11,25,0.1,0.5,N-be75eec_150,1462697,3439548,9.495338,
memetic,best,"['transpose', 'exchange', 'insert']",5,30,0.8,11,25,0.1,0.5,N-be75eec_150,1462697,3441883,9.999955,
memetic,best,"['transpose', 'exchange', 'insert']",5,30,0.8,11,25,0.1,0.5,N-be75eec_150,1462697,3443528,11.53777,
memetic,best,"['transpose', 'exchange', 'insert']",5,30,0.8,11,25,0.1,0.5,N-be75eec_150,1462697,3443664,12.810385,
memetic,best,"['transpose', 'exchange', 'insert']",5,30,0.8,11,25,0.1,0.5,N-be75eec_150,1462697,3446244,13.283554,
memetic,best,"['transpose', 'exchange', 'insert']",5,30,0.8,11,25,0.1,0.5,N-be75eec_150,1462697,3446904,16.101439,
memetic,best,"['transpose', 'exchange', 'insert']",5,30,0.8,11,25,0.1,0.5,N-be75eec_150,1462697,3449463,16.895861,
memetic,best,"['transpose', 'exchange', 'insert']",5,30,0.8,11,25,0.1,0.5,N-be75eec_150,1462697,3450441,17.944302,
memetic,best,"['transpose', 'exchange', 'insert']",5,30,0.8,11,25,0.1,0.5,N-be75eec_150,1462697,3450548,18.294289,
memetic,best,"['transpose', 'exchange', 'insert']",5,30,0.8,11,25,0.1,0.5,N-be75eec_150,1462697,3451244,19.27964,
memetic,best,"['transpose', 'exchange', 'insert']",5,30,0.8,11,25,0.1,0.5,N-be75eec_150,1462697,3451416,19.609537,
memetic,best,"['transpose', 'exchange', 'insert']",5,30,0.8,11,25,0.1,0.5,N-be75eec_150,1462697,3451643,20.560568,
memetic,best,"['transpose', 'exchange', 'insert']",5,30,0.8,11,25,0.1,0.5,N-be75eec_150,1462697,3453694,21.491203,
memetic,best,"['transpose', 'exchange', 'insert']",5,30,0.8,11,25,0.1,0.5,N-be75eec_150,1462697,3454172,22.816977,
memetic,best,"['transpose', 'exchange', 'insert']",5,30,0.8,11,25,0.1,0.5,N-be75eec_150,1462697,3454228,23.493273,
memetic,best,"['transpose', 'exchange', 'insert']",5,30,0.8,11,25,0.1,0.5,N-be75eec_150,1462697,3454528,23.813826,
memetic,best,"['transpose', 'exchange', 'insert']",5,30,0.8,11,25,0.1,0.5,N-be75eec_150,1462697,3454718,24.474098,
memetic,best,"['transpose', 'exchange', 'insert']",5,30,0.8,11,25,0.1,0.5,N-be75eec_150,1462697,3455608,24.734198,
memetic,best,"['transpose', 'exchange', 'insert']",5,30,0.8,11,25,0.1,0.5,N-be75eec_150,1462697,3455829,26.990074,
memetic,best,"['transpose', 'exchange', 'insert']",5,30,0.8,11,25,0.1,0.5,N-be75eec_150,1462697,3456117,28.436134,
memetic,best,"['transpose', 'exchange', 'insert']",5,30,0.8,11,25,0.1,0.5,N-be75eec_150,1462697,3456190,29.473421,
memetic,best,"['transpose', 'exchange', 'insert']",5,30,0.8,11,25,0.1,0.5,N-be75eec_150,1462697,3456197,29.67416,
memetic,best,"['transpose', 'exchange', 'insert']",5,30,0.8,11,25,0.1,0.5,N-be75eec_150,1462697,3457125,30.098566,
memetic,best,"['transpose', 'exchange', 'insert']",5,30,0.8,11,25,0.1,0.5,N-be75eec_150,1462697,3458880,31.11867,
memetic,best,"['transpose', 'exchange', 'insert']",5,30,0.8,11,25,0.1,0.5,N-be75eec_150,1462697,3459249,33.033894,
memetic,best,"['transpose', 'exchange', 'insert']",5,30,0.8,11,25,0.1,0.5,N-be75eec_150,1462697,3459299,33.871418,
memetic,best,"['transpose', 'exchange', 'insert']",5,30,0.8,11,25,0.1,0.5,N-be75eec_150,1462697,3459423,34.093334,
memetic,best,"['transpose', 'exchange', 'insert']",5,30,0.8,11,25,0.1,0.5,N-be75eec_150,1462697,3459555,34.866325,
memetic,best,"['transpose', 'exchange', 'insert']",5,30,0.8,11,25,0.1,0.5,N-be75eec_150,1462697,3459600,35.134823,
memetic,best,"['transpose', 'exchange', 'insert']",5,30,0.8,11,25,0.1,0.5,N-be75eec_150,1462697,3459631,35.28878,
memetic,best,"['transpose', 'exchange', 'insert']",5,30,0.8,11,25,0.1,0.5,N-be75eec_150,1462697,3459643,35.674534,
memetic,best,"['transpose', 'exchange', 'insert']",5,30,0.8,11,25,0.1,0.5,N-be75eec_150,1462697,3459661,35.906895,
memetic,best,"['transpose', 'exchange', 'insert']",5,30,0.8,11,25,0.1,0.5,N-be75eec_150,1462697,3459714,36.509514,
memetic,best,"['transpose', 'exchange', 'insert']",5,30,0.8,11,25,0.1,0.5,N-be75eec_150,1462697,3459719,37.521839,
memetic,best,"['transpose', 'exchange', 'insert']",5,30,0.8,11,25,0.1,0.5,N-be75eec_150,1462697,3459722,37.980019,
memetic,best,"['transpose', 'exchange', 'insert']",5,30,0.8,11,25,0.1,0.5,N-be75eec_150,1462697,3459734,38.216705,
memetic,best,"['transpose', 'exchange', 'insert']",5,30,0.8,11,25,0.1,0.5,N-be75eec_150,1462697,3459785,38.70953,
memetic,best,"['transpose', 'exchange', 'insert']",5,30,0.8,11,25,0.1,0.5,N-be75eec_150,1462697,3459801,43.080662,
memetic,best,"['transpose', 'exchange', 'insert']",5,30,0.8,11,25,0.1,0.5,N-be75eec_150,1462697,3459886,43.509888,
memetic,best,"['transpose', 'exchange', 'insert']",5,30,0.8,11,25,0.1,0.5,N-be75eec_150,1462697,3459888,43.652706,
memetic,best,"['transpose', 'exchange', 'insert']",5,30,0.8,11,25,0.1,0.5,N-be75eec_150,1462697,3459907,43.810028,
memetic,best,"['transpose', 'exchange', 'insert']",5,30,0.8,11,25,0.1,0.5,N-be75eec_150,1462697,3459941,44.058517,
memetic,best,"['transpose', 'exchange', 'insert']",5,30,0.8,11,25,0.1,0.5,N-be75eec_150,1462697,3459960,44.59499,
memetic,best,"['transpose', 'exchange', 'insert']",5,30,0.8,11,25,0.1,0.5,N-be75eec_150,1462697,3460020,45.603207,
memetic,best,"['transpose', 'exchange', 'insert']",5,30,0.8,11,25,0.1,0.5,N-be75eec_150,1462697,3460068,46.596581,
memetic,best,"['transpose', 'exchange', 'insert']",5,30,0.8,11,25,0.1,0.5,N-be75eec_150,1462697,3460140,46.746845,
memetic,best,"['transpose', 'exchange', 'insert']",5,30,0.8,11,25,0.1,0.5,N-be75eec_150,1462697,3460696,47.502129,
memetic,best,"['transpose', 'exchange', 'insert']",5,30,0.8,11,25,0.1,0.5,N-be75eec_150,1462697,3460756,48.151569,
memetic,best,"['transpose', 'exchange', 'insert']",5,30,0.8,11,25,0.1,0.5,N-be75eec_150,1462697,3460762,48.457298,
memetic,best,"['transpose', 'exchange', 'insert']",5,30,0.8,11,25,0.1,0.5,N-be75eec_150,1462697,3460806,50.489281,
memetic,best,"['transpose', 'exchange', 'insert']",5,30,0.8,11,25,0.1,0.5,N-be75eec_150,1462697,3460859,51.794228,
memetic,best,"['transpose', 'exchange', 'insert']",5,30,0.8,11,25,0.1,0.5,N-be75eec_150,1462697,3460861,52.257759,
memetic,best,"['transpose', 'exchange', 'insert']",5,30,0.8,11,25,0.1,0.5,N-be75eec_150,1462697,3460863,53.126362,
memetic,best,"['transpose', 'exchange', 'insert']",5,30,0.8,11,25,0.1,0.5,N-be75eec_150,1462697,3460875,53.272293,
memetic,best,"['transpose', 'exchange', 'insert']",5,30,0.8,11,25,0.1,0.5,N-be75eec_150,1462697,3460923,76.224068,
memetic,best,"['transpose', 'exchange', 'insert']",5,30,0.8,11,25,0.1,0.5,N-be75eec_150,1462697,3460983,98.648506,
memetic,best,"['transpose', 'exchange', 'insert']",5,30,0.8,11,25,0.1,0.5,N-be75eec_150,1462697,3461799,99.012939,
memetic,best,"['transpose', 'exchange', 'insert']",5,30,0.8,11,25,0.1,0.5,N-be75eec_150,1462697,3462371,100.969284,
memetic,best,"['transpose', 'exchange', 'insert']",5,30,0.8,11,25,0.1,0.5,N-be75eec_150,1462697,3462452,102.611008,
memetic,best,"['transpose', 'exchange', 'insert']",5,30,0.8,11,25,0.1,0.5,N-be75eec_150,1462697,3463127,103.207413,
memetic,best,"['transpose', 'exchange', 'insert']",5,30,0.8,11,25,0.1,0.5,N-be75eec_150,1462697,3463239,103.688477,
memetic,best,"['transpose', 'exchange', 'insert']",5,30,0.8,11,25,0.1,0.5,N-be75eec_150,1462697,3463763,103.938263,
memetic,best,"['transpose', 'exchange', 'insert']",5,30,0.8,11,25,0.1,0.5,N-be75eec_150,1462697,3464241,104.429787,
memetic,best,"['transpose', 'exchange', 'insert']",5,30,0.8,11,25,0.1,0.5,N-be75eec_150,1462697,3464907,106.681709,
memetic,best,"['transpose', 'exchange', 'insert']",5,30,0.8,11,25,0.1,0.5,N-be75eec_150,1462697,3465323,106.943428,
memetic,best,"['transpose', 'exchange', 'insert']",5,30,0.8,11,25,0.1,0.5,N-be75eec_150,1462697,3465765,107.211891,
memetic,best,"['transpose', 'exchange', 'insert']",5,30,0.8,11,25,0.1,0.5,N-be75eec_150,1462697,3465784,108.276253,
memetic,best,"['transpose', 'exchange', 'insert']",5,30,0.8,11,25,0.1,0.5,N-be75eec_150,1462697,3465972,108.489975,
memetic,best,"['transpose', 'exchange', 'insert']",5,30,0.8,11,25,0.1,0.5,N-be75eec_150,1462697,3466085,109.484596,
memetic,best,"['transpose', 'exchange', 'insert']",5,30,0.8,11,25,0.1,0.5,N-be75eec_150,1462697,3466150,109.629333,
memetic,best,"['transpose', 'exchange', 'insert']",5,30,0.8,11,25,0.1,0.5,N-be75eec_150,1462697,3466165,109.778,
memetic,best,"['transpose', 'exchange', 'insert']",5,30,0.8,11,25,0.1,0.5,N-be75eec_150,1462697,3466188,109.891357,
memetic,best,"['transpose', 'exchange', 'insert']",5,30,0.8,11,25,0.1,0.5,N-be75eec_150,1462697,3466218,110.068184,
memetic,best,"['transpose', 'exchange', 'insert']",5,30,0.8,11,25,0.1,0.5,N-be75eec_150,1462697,3466289,110.215782,
memetic,best,"['transpose', 'exchange', 'insert']",5,30,0.8,11,25,0.1,0.5,N-be75eec_150,1462697,3466516,110.356598,
memetic,best,"['transpose', 'exchange', 'insert']",5,30,0.8,11,25,0.1,0.5,N-be75eec_150,1462697,3466521,110.790955,
memetic,best,"['transpose', 'exchange', 'insert']",5,30,0.8,11,25,0.1,0.5,N-be75eec_150,1462697,3466541,111.218109,
memetic,best,"['transpose', 'exchange', 'insert']",5,30,0.8,11,25,0.1,0.5,N-be75eec_150,1462697,3466549,111.326294,
memetic,best,"['transpose', 'exchange', 'insert']",5,30,0.8,11,25,0.1,0.5,N-be75eec_150,1462697,3466566,111.582588,
memetic,best,"['transpose', 'exchange', 'insert']",5,30,0.8,11,25,0.1,0.5,N-be75eec_150,1462697,3466578,112.203697,
memetic,best,"['transpose', 'exchange', 'insert']",5,30,0.8,11,25,0.1,0.5,N-be75eec_150,1462697,3466605,113.169937,
memetic,best,"['transpose', 'exchange', 'insert']",5,30,0.8,11,25,0.1,0.5,N-be75eec_150,1462697,3466618,114.927032,
memetic,best,"['transpose', 'exchange', 'insert']",5,30,0.8,11,25,0.1,0.5,N-be75eec_150,1462697,3466628,118.624207,
memetic,best,"['transpose', 'exchange', 'insert']",5,30,0.8,11,25,0.1,0.5,N-be75eec_150,1462697,3466630,119.129913,
memetic,best,"['transpose', 'exchange', 'insert']",5,30,0.8,11,25,0.1,0.5,N-be75eec_150,1462697,3466712,123.703247,
memetic,best,"['transpose', 'exchange', 'insert']",5,30,0.8,11,25,0.1,0.5,N-be75eec_150,1462697,3466715,167.099304,
memetic,best,"['transpose', 'exchange', 'insert']",5,30,0.8,11,25,0.1,0.5,N-be75eec_150,1462697,3466715,249.532303,
memetic,best,"['transpose', 'exchange', 'insert']",5,30,0.8,11,25,0.1,0.5,N-be75eec_150,1543733,3415872,0.627972,
memetic,best,"['transpose', 'exchange', 'insert']",5,30,0.8,11,25,0.1,0.5,N-be75eec_150,1543733,3423133,1.865109,
memetic,best,"['transpose', 'exchange', 'insert']",5,30,0.8,11,25,0.1,0.5,N-be75eec_150,1543733,3426082,2.947317,
memetic,best,"['transpose', 'exchange', 'insert']",5,30,0.8,11,25,0.1,0.5,N-be75eec_150,1543733,3426289,3.523749,
memetic,best,"['transpose', 'exchange', 'insert']",5,30,0.8,11,25,0.1,0.5,N-be75eec_150,1543733,3427977,4.656607,
memetic,best,"['transpose', 'exchange', 'insert']",5,30,0.8,11,25,0.1,0.5,N-be75eec_150,1543733,3428661,5.100483,
memetic,best,"['transpose', 'exchange', 'insert']",5,30,0.8,11,25,0.1,0.5,N-be75eec_150,1543733,3433434,6.171577,
memetic,best,"['transpose', 'exchange', 'insert']",5,30,0.8,11,25,0.1,0.5,N-be75eec_150,1543733,3434886,6.713779,
memetic,best,"['transpose', 'exchange', 'insert']",5,30,0.8,11,25,0.1,0.5,N-be75eec_150,1543733,3435117,7.627896,
memetic,best,"['transpose', 'exchange', 'insert']",5,30,0.8,11,25,0.1,0.5,N-be75eec_150,1543733,3439025,8.202428,
memetic,best,"['transpose', 'exchange', 'insert']",5,30,0.8,11,25,0.1,0.5,N-be75eec_150,1543733,3439548,9.480842,
memetic,best,"['transpose', 'exchange', 'insert']",5,30,0.8,11,25,0.1,0.5,N-be75eec_150,1543733,3441883,9.995053,
memetic,best,"['transpose', 'exchange', 'insert']",5,30,0.8,11,25,0.1,0.5,N-be75eec_150,1543733,3443528,11.593583,
memetic,best,"['transpose', 'exchange', 'insert']",5,30,0.8,11,25,0.1,0.5,N-be75eec_150,1543733,3443664,12.882445,
memetic,best,"['transpose', 'exchange', 'insert']",5,30,0.8,11,25,0.1,0.5,N-be75eec_150,1543733,3446244,13.341584,
memetic,best,"['transpose', 'exchange', 'insert']",5,30,0.8,11,25,0.1,0.5,N-be75eec_150,1543733,3446904,16.151676,
memetic,best,"['transpose', 'exchange', 'insert']",5,30,0.8,11,25,0.1,0.5,N-be75eec_150,1543733,3449463,16.94124,
memetic,best,"['transpose', 'exchange', 'insert']",5,30,0.8,11,25,0.1,0.5,N-be75eec_150,1543733,3450441,17.975166,
memetic,best,"['transpose', 'exchange', 'insert']",5,30,0.8,11,25,0.1,0.5,N-be75eec_150,1543733,3450548,18.301779,
memetic,best,"['transpose', 'exchange', 'insert']",5,30,0.8,11,25,0.1,0.5,N-be75eec_150,1543733,3451244,19.253189,
memetic,best,"['transpose', 'exchange', 'insert']",5,30,0.8,11,25,0.1,0.5,N-be75eec_150,1543733,3451416,19.583788,
memetic,best,"['transpose', 'exchange', 'insert']",5,30,0.8,11,25,0.1,0.5,N-be75eec_150,1543733,3451643,20.607573,
memetic,best,"['transpose', 'exchange', 'insert']",5,30,0.8,11,25,0.1,0.5,N-be75eec_150,1543733,3453694,21.59115,
memetic,best,"['transpose', 'exchange', 'insert']",5,30,0.8,11,25,0.1,0.5,N-be75eec_150,1543733,3454172,22.921576,
memetic,best,"['transpose', 'exchange', 'insert']",5,30,0.8,11,25,0.1,0.5,N-be75eec_150,1543733,3454228,23.627001,
memetic,best,"['transpose', 'exchange', 'insert']",5,30,0.8,11,25,0.1,0.5,N-be75eec_150,1543733,3454528,23.966993,
memetic,best,"['transpose', 'exchange', 'insert']",5,30,0.8,11,25,0.1,0.5,N-be75eec_150,1543733,3454718,24.66695,
memetic,best,"['transpose', 'exchange', 'insert']",5,30,0.8,11,25,0.1,0.5,N-be75eec_150,1543733,3455608,24.930187,
memetic,best,"['transpose', 'exchange', 'insert']",5,30,0.8,11,25,0.1,0.5,N-be75eec_150,1543733,3455829,27.147497,
memetic,best,"['transpose', 'exchange', 'insert']",5,30,0.8,11,25,0.1,0.5,N-be75eec_150,1543733,3456117,28.623611,
memetic,best,"['transpose', 'exchange', 'insert']",5,30,0.8,11,25,0.1,0.5,N-be75eec_150,1543733,3456190,29.692747,
memetic,best,"['transpose', 'exchange', 'insert']",5,30,0.8,11,25,0.1,0.5,N-be75eec_150,1543733,3456197,29.88884,
memetic,best,"['transpose', 'exchange', 'insert']",5,30,0.8,11,25,0.1,0.5,N-be75eec_150,1543733,3457125,30.310509,
memetic,best,"['transpose', 'exchange', 'insert']",5,30,0.8,11,25,0.1,0.5,N-be75eec_150,1543733,3458880,31.320498,
memetic,best,"['transpose', 'exchange', 'insert']",5,30,0.8,11,25,0.1,0.5,N-be75eec_150,1543733,3459249,33.209328,
memetic,best,"['transpose', 'exchange', 'insert']",5,30,0.8,11,25,0.1,0.5,N-be75eec_150,1543733,3459299,34.040096,
memetic,best,"['transpose', 'exchange', 'insert']",5,30,0.8,11,25,0.1,0.5,N-be75eec_150,1543733,3459423,34.265423,
memetic,best,"['transpose', 'exchange', 'insert']",5,30,0.8,11,25,0.1,0.5,N-be75eec_150,1543733,3459555,35.043945,
memetic,best,"['transpose', 'exchange', 'insert']",5,30,0.8,11,25,0.1,0.5,N-be75eec_150,1543733,3459600,35.330093,
memetic,best,"['transpose', 'exchange', 'insert']",5,30,0.8,11,25,0.1,0.5,N-be75eec_150,1543733,3459631,35.485928,
memetic,best,"['transpose', 'exchange', 'insert']",5,30,0.8,11,25,0.1,0.5,N-be75eec_150,1543733,3459643,35.852791,
memetic,best,"['transpose', 'exchange', 'insert']",5,30,0.8,11,25,0.1,0.5,N-be75eec_150,1543733,3459661,36.100304,
memetic,best,"['transpose', 'exchange', 'insert']",5,30,0.8,11,25,0.1,0.5,N-be75eec_150,1543733,3459714,36.696011,
memetic,best,"['transpose', 'exchange', 'insert']",5,30,0.8,11,25,0.1,0.5,N-be75eec_150,1543733,3459719,37.735703,
memetic,best,"['transpose', 'exchange', 'insert']",5,30,0.8,11,25,0.1,0.5,N-be75eec_150,1543733,3459722,38.206879,
memetic,best,"['transpose', 'exchange', 'insert']",5,30,0.8,11,25,0.1,0.5,N-be75eec_150,1543733,3459734,38.436119,
memetic,best,"['transpose', 'exchange', 'insert']",5,30,0.8,11,25,0.1,0.5,N-be75eec_150,1543733,3459785,38.91293,
memetic,best,"['transpose', 'exchange', 'insert']",5,30,0.8,11,25,0.1,0.5,N-be75eec_150,1543733,3459801,43.303455,
memetic,best,"['transpose', 'exchange', 'insert']",5,30,0.8,11,25,0.1,0.5,N-be75eec_150,1543733,3459886,43.72636,
memetic,best,"['transpose', 'exchange', 'insert']",5,30,0.8,11,25,0.1,0.5,N-be75eec_150,1543733,3459888,43.865944,
memetic,best,"['transpose', 'exchange', 'insert']",5,30,0.8,11,25,0.1,0.5,N-be75eec_150,1543733,3459907,44.04332,
memetic,best,"['transpose', 'exchange', 'insert']",5,30,0.8,11,25,0.1,0.5,N-be75eec_150,1543733,3459941,44.283222,
memetic,best,"['transpose', 'exchange', 'insert']",5,30,0.8,11,25,0.1,0.5,N-be75eec_150,1543733,3459960,44.812469,
memetic,best,"['transpose', 'exchange', 'insert']",5,30,0.8,11,25,0.1,0.5,N-be75eec_150,1543733,3460020,45.823112,
memetic,best,"['transpose', 'exchange', 'insert']",5,30,0.8,11,25,0.1,0.5,N-be75eec_150,1543733,3460068,46.834553,
memetic,best,"['transpose', 'exchange', 'insert']",5,30,0.8,11,25,0.1,0.5,N-be75eec_150,1543733,3460140,46.988438,
memetic,best,"['transpose', 'exchange', 'insert']",5,30,0.8,11,25,0.1,0.5,N-be75eec_150,1543733,3460696,47.755108,
memetic,best,"['transpose', 'exchange', 'insert']",5,30,0.8,11,25,0.1,0.5,N-be75eec_150,1543733,3460756,48.391987,
memetic,best,"['transpose', 'exchange', 'insert']",5,30,0.8,11,25,0.1,0.5,N-be75eec_150,1543733,3460762,48.698784,
memetic,best,"['transpose', 'exchange', 'insert']",5,30,0.8,11,25,0.1,0.5,N-be75eec_150,1543733,3460806,50.680119,
memetic,best,"['transpose', 'exchange', 'insert']",5,30,0.8,11,25,0.1,0.5,N-be75eec_150,1543733,3460859,52.021938,
memetic,best,"['transpose', 'exchange', 'insert']",5,30,0.8,11,25,0.1,0.5,N-be75eec_150,1543733,3460861,52.51046,
memetic,best,"['transpose', 'exchange', 'insert']",5,30,0.8,11,25,0.1,0.5,N-be75eec_150,1543733,3460863,53.373631,
memetic,best,"['transpose', 'exchange', 'insert']",5,30,0.8,11,25,0.1,0.5,N-be75eec_150,1543733,3460875,53.520206,
memetic,best,"['transpose', 'exchange', 'insert']",5,30,0.8,11,25,0.1,0.5,N-be75eec_150,1543733,3460923,76.630142,
memetic,best,"['transpose', 'exchange', 'insert']",5,30,0.8,11,25,0.1,0.5,N-be75eec_150,1543733,3460983,99.11348,
memetic,best,"['transpose', 'exchange', 'insert']",5,30,0.8,11,25,0.1,0.5,N-be75eec_150,1543733,3461799,99.488853,
memetic,best,"['transpose', 'exchange', 'insert']",5,30,0.8,11,25,0.1,0.5,N-be75eec_150,1543733,3462371,101.474419,
memetic,best,"['transpose', 'exchange', 'insert']",5,30,0.8,11,25,0.1,0.5,N-be75eec_150,1543733,3462452,103.123566,
memetic,best,"['transpose', 'exchange', 'insert']",5,30,0.8,11,25,0.1,0.5,N-be75eec_150,1543733,3463127,103.724335,
memetic,best,"['transpose', 'exchange', 'insert']",5,30,0.8,11,25,0.1,0.5,N-be75eec_150,1543733,3463239,104.177071,
memetic,best,"['transpose', 'exchange', 'insert']",5,30,0.8,11,25,0.1,0.5,N-be75eec_150,1543733,3463763,104.451622,
memetic,best,"['transpose', 'exchange', 'insert']",5,30,0.8,11,25,0.1,0.5,N-be75eec_150,1543733,3464241,104.973869,
memetic,best,"['transpose', 'exchange', 'insert']",5,30,0.8,11,25,0.1,0.5,N-be75eec_150,1543733,3464907,107.265755,
memetic,best,"['transpose', 'exchange', 'insert']",5,30,0.8,11,25,0.1,0.5,N-be75eec_150,1543733,3465323,107.517014,
memetic,best,"['transpose', 'exchange', 'insert']",5,30,0.8,11,25,0.1,0.5,N-be75eec_150,1543733,3465765,107.79425,
memetic,best,"['transpose', 'exchange', 'insert']",5,30,0.8,11,25,0.1,0.5,N-be75eec_150,1543733,3465784,108.853203,
memetic,best,"['transpose', 'exchange', 'insert']",5,30,0.8,11,25,0.1,0.5,N-be75eec_150,1543733,3465972,109.060684,
memetic,best,"['transpose', 'exchange', 'insert']",5,30,0.8,11,25,0.1,0.5,N-be75eec_150,1543733,3466085,110.051964,
memetic,best,"['transpose', 'exchange', 'insert']",5,30,0.8,11,25,0.1,0.5,N-be75eec_150,1543733,3466150,110.204155,
memetic,best,"['transpose', 'exchange', 'insert']",5,30,0.8,11,25,0.1,0.5,N-be75eec_150,1543733,3466165,110.370262,
memetic,best,"['transpose', 'exchange', 'insert']",5,30,0.8,11,25,0.1,0.5,N-be75eec_150,1543733,3466188,110.474617,
memetic,best,"['transpose', 'exchange', 'insert']",5,30,0.8,11,25,0.1,0.5,N-be75eec_150,1543733,3466218,110.643349,
memetic,best,"['transpose', 'exchange', 'insert']",5,30,0.8,11,25,0.1,0.5,N-be75eec_150,1543733,3466289,110.780861,
memetic,best,"['transpose', 'exchange', 'insert']",5,30,0.8,11,25,0.1,0.5,N-be75eec_150,1543733,3466516,110.911713,
memetic,best,"['transpose', 'exchange', 'insert']",5,30,0.8,11,25,0.1,0.5,N-be75eec_150,1543733,3466521,111.339272,
memetic,best,"['transpose', 'exchange', 'insert']",5,30,0.8,11,25,0.1,0.5,N-be75eec_150,1543733,3466541,111.771271,
memetic,best,"['transpose', 'exchange', 'insert']",5,30,0.8,11,25,0.1,0.5,N-be75eec_150,1543733,3466549,111.881271,
memetic,best,"['transpose', 'exchange', 'insert']",5,30,0.8,11,25,0.1,0.5,N-be75eec_150,1543733,3466566,112.143257,
memetic,best,"['transpose', 'exchange', 'insert']",5,30,0.8,11,25,0.1,0.5,N-be75eec_150,1543733,3466578,112.760086,
memetic,best,"['transpose', 'exchange', 'insert']",5,30,0.8,11,25,0.1,0.5,N-be75eec_150,1543733,3466605,113.724266,
memetic,best,"['transpose', 'exchange', 'insert']",5,30,0.8,11,25,0.1,0.5,N-be75eec_150,1543733,3466618,115.474403,
memetic,best,"['transpose', 'exchange', 'insert']",5,30,0.8,11,25,0.1,0.5,N-be75eec_150,1543733,3466628,119.174278,
memetic,best,"['transpose', 'exchange', 'insert']",5,30,0.8,11,25,0.1,0.5,N-be75eec_150,1543733,3466630,119.678627,
memetic,best,"['transpose', 'exchange', 'insert']",5,30,0.8,11,25,0.1,0.5,N-be75eec_150,1543733,3466712,124.24572,
memetic,best,"['transpose', 'exchange', 'insert']",5,30,0.8,11,25,0.1,0.5,N-be75eec_150,1543733,3466715,168.213898,
memetic,best,"['transpose', 'exchange', 'insert']",5,30,0.8,11,25,0.1,0.5,N-be75eec_150,1543733,3466715,251.562653,
memetic,best,"['transpose', 'exchange', 'insert']",5,30,0.8,11,25,0.1,0.5,N-be75eec_150,318960,3415872,0.646323,
memetic,best,"['transpose', 'exchange', 'insert']",5,30,0.8,11,25,0.1,0.5,N-be75eec_150,318960,3423133,1.868102,
memetic,best,"['transpose', 'exchange', 'insert']",5,30,0.8,11,25,0.1,0.5,N-be75eec_150,318960,3426082,3.010657,
memetic,best,"['transpose', 'exchange', 'insert']",5,30,0.8,11,25,0.1,0.5,N-be75eec_150,318960,3426289,3.605047,
memetic,best,"['transpose', 'exchange', 'insert']",5,30,0.8,11,25,0.1,0.5,N-be75eec_150,318960,3427977,4.722492,
memetic,best,"['transpose', 'exchange', 'insert']",5,30,0.8,11,25,0.1,0.5,N-be75eec_150,318960,3428661,5.160057,
memetic,best,"['transpose', 'exchange', 'insert']",5,30,0.8,11,25,0.1,0.5,N-be75eec_150,318960,3433434,6.207538,
memetic,best,"['transpose', 'exchange', 'insert']",5,30,0.8,11,25,0.1,0.5,N-be75eec_150,318960,3434886,6.740285,
memetic,best,"['transpose', 'exchange', 'insert']",5,30,0.8,11,25,0.1,0.5,N-be75eec_150,318960,3435117,7.687265,
memetic,best,"['transpose', 'exchange', 'insert']",5,30,0.8,11,25,0.1,0.5,N-be75eec_150,318960,3439025,8.2086,
memetic,best,"['transpose', 'exchange', 'insert']",5,30,0.8,11,25,0.1,0.5,N-be75eec_150,318960,3439548,9.465353,
memetic,best,"['transpose', 'exchange', 'insert']",5,30,0.8,11,25,0.1,0.5,N-be75eec_150,318960,3441883,9.973653,
memetic,best,"['transpose', 'exchange', 'insert']",5,30,0.8,11,25,0.1,0.5,N-be75eec_150,318960,3443528,11.525742,
memetic,best,"['transpose', 'exchange', 'insert']",5,30,0.8,11,25,0.1,0.5,N-be75eec_150,318960,3443664,12.831646,
memetic,best,"['transpose', 'exchange', 'insert']",5,30,0.8,11,25,0.1,0.5,N-be75eec_150,318960,3446244,13.30653,
memetic,best,"['transpose', 'exchange', 'insert']",5,30,0.8,11,25,0.1,0.5,N-be75eec_150,318960,3446904,16.156475,
memetic,best,"['transpose', 'exchange', 'insert']",5,30,0.8,11,25,0.1,0.5,N-be75eec_150,318960,3449463,16.937174,
memetic,best,"['transpose', 'exchange', 'insert']",5,30,0.8,11,25,0.1,0.5,N-be75eec_150,318960,3450441,17.976646,
memetic,best,"['transpose', 'exchange', 'insert']",5,30,0.8,11,25,0.1,0.5,N-be75eec_150,318960,3450548,18.307997,
memetic,best,"['transpose', 'exchange', 'insert']",5,30,0.8,11,25,0.1,0.5,N-be75eec_150,318960,3451244,19.295273,
memetic,best,"['transpose', 'exchange', 'insert']",5,30,0.8,11,25,0.1,0.5,N-be75eec_150,318960,3451416,19.629246,
memetic,best,"['transpose', 'exchange', 'insert']",5,30,0.8,11,25,0.1,0.5,N-be75eec_150,318960,3451643,20.652464,
memetic,best,"['transpose', 'exchange', 'insert']",5,30,0.8,11,25,0.1,0.5,N-be75eec_150,318960,3453694,21.610052,
memetic,best,"['transpose', 'exchange', 'insert']",5,30,0.8,11,25,0.1,0.5,N-be75eec_150,318960,3454172,22.94726,
memetic,best,"['transpose', 'exchange', 'insert']",5,30,0.8,11,25,0.1,0.5,N-be75eec_150,318960,3454228,23.598824,
memetic,best,"['transpose', 'exchange', 'insert']",5,30,0.8,11,25,0.1,0.5,N-be75eec_150,318960,3454528,23.928902,
memetic,best,"['transpose', 'exchange', 'insert']",5,30,0.8,11,25,0.1,0.5,N-be75eec_150,318960,3454718,24.603739,
memetic,best,"['transpose', 'exchange', 'insert']",5,30,0.8,11,25,0.1,0.5,N-be75eec_150,318960,3455608,24.853788,
memetic,best,"['transpose', 'exchange', 'insert']",5,30,0.8,11,25,0.1,0.5,N-be75eec_150,318960,3455829,27.077833,
memetic,best,"['transpose', 'exchange', 'insert']",5,30,0.8,11,25,0.1,0.5,N-be75eec_150,318960,3456117,28.51989,
memetic,best,"['transpose', 'exchange', 'insert']",5,30,0.8,11,25,0.1,0.5,N-be75eec_150,318960,3456190,29.569937,
memetic,best,"['transpose', 'exchange', 'insert']",5,30,0.8,11,25,0.1,0.5,N-be75eec_150,318960,3456197,29.759106,
memetic,best,"['transpose', 'exchange', 'insert']",5,30,0.8,11,25,0.1,0.5,N-be75eec_150,318960,3457125,30.17709,
memetic,best,"['transpose', 'exchange', 'insert']",5,30,0.8,11,25,0.1,0.5,N-be75eec_150,318960,3458880,31.24826,
memetic,best,"['transpose', 'exchange', 'insert']",5,30,0.8,11,25,0.1,0.5,N-be75eec_150,318960,3459249,33.120533,
memetic,best,"['transpose', 'exchange', 'insert']",5,30,0.8,11,25,0.1,0.5,N-be75eec_150,318960,3459299,33.985485,
memetic,best,"['transpose', 'exchange', 'insert']",5,30,0.8,11,25,0.1,0.5,N-be75eec_150,318960,3459423,34.206528,
memetic,best,"['transpose', 'exchange', 'insert']",5,30,0.8,11,25,0.1,0.5,N-be75eec_150,318960,3459555,34.981636,
memetic,best,"['transpose', 'exchange', 'insert']",5,30,0.8,11,25,0.1,0.5,N-be75eec_150,318960,3459600,35.251362,
memetic,best,"['transpose', 'exchange', 'insert']",5,30,0.8,11,25,0.1,0.5,N-be75eec_150,318960,3459631,35.404873,
memetic,best,"['transpose', 'exchange', 'insert']",5,30,0.8,11,25,0.1,0.5,N-be75eec_150,318960,3459643,35.77285,
memetic,best,"['transpose', 'exchange', 'insert']",5,30,0.8,11,25,0.1,0.5,N-be75eec_150,318960,3459661,36.009491,
memetic,best,"['transpose', 'exchange', 'insert']",5,30,0.8,11,25,0.1,0.5,N-be75eec_150,318960,3459714,36.604965,
memetic,best,"['transpose', 'exchange', 'insert']",5,30,0.8,11,25,0.1,0.5,N-be75eec_150,318960,3459719,37.672459,
memetic,best,"['transpose', 'exchange', 'insert']",5,30,0.8,11,25,0.1,0.5,N-be75eec_150,318960,3459722,38.129948,
memetic,best,"['transpose', 'exchange', 'insert']",5,30,0.8,11,25,0.1,0.5,N-be75eec_150,318960,3459734,38.358616,
memetic,best,"['transpose', 'exchange', 'insert']",5,30,0.8,11,25,0.1,0.5,N-be75eec_150,318960,3459785,38.873013,
memetic,best,"['transpose', 'exchange', 'insert']",5,30,0.8,11,25,0.1,0.5,N-be75eec_150,318960,3459801,43.208736,
memetic,best,"['transpose', 'exchange', 'insert']",5,30,0.8,11,25,0.1,0.5,N-be75eec_150,318960,3459886,43.626461,
memetic,best,"['transpose', 'exchange', 'insert']",5,30,0.8,11,25,0.1,0.5,N-be75eec_150,318960,3459888,43.769451,
memetic,best,"['transpose', 'exchange', 'insert']",5,30,0.8,11,25,0.1,0.5,N-be75eec_150,318960,3459907,43.939278,
memetic,best,"['transpose', 'exchange', 'insert']",5,30,0.8,11,25,0.1,0.5,N-be75eec_150,318960,3459941,44.194981,
memetic,best,"['transpose', 'exchange', 'insert']",5,30,0.8,11,25,0.1,0.5,N-be75eec_150,318960,3459960,44.745659,
memetic,best,"['transpose', 'exchange', 'insert']",5,30,0.8,11,25,0.1,0.5,N-be75eec_150,318960,3460020,45.75507,
memetic,best,"['transpose', 'exchange', 'insert']",5,30,0.8,11,25,0.1,0.5,N-be75eec_150,318960,3460068,46.79319,
memetic,best,"['transpose', 'exchange', 'insert']",5,30,0.8,11,25,0.1,0.5,N-be75eec_150,318960,3460140,46.927963,
memetic,best,"['transpose', 'exchange', 'insert']",5,30,0.8,11,25,0.1,0.5,N-be75eec_150,318960,3460696,47.692734,
memetic,best,"['transpose', 'exchange', 'insert']",5,30,0.8,11,25,0.1,0.5,N-be75eec_150,318960,3460756,48.358047,
memetic,best,"['transpose', 'exchange', 'insert']",5,30,0.8,11,25,0.1,0.5,N-be75eec_150,318960,3460762,48.658691,
memetic,best,"['transpose', 'exchange', 'insert']",5,30,0.8,11,25,0.1,0.5,N-be75eec_150,318960,3460806,50.629707,
memetic,best,"['transpose', 'exchange', 'insert']",5,30,0.8,11,25,0.1,0.5,N-be75eec_150,318960,3460859,51.971848,
memetic,best,"['transpose', 'exchange', 'insert']",5,30,0.8,11,25,0.1,0.5,N-be75eec_150,318960,3460861,52.437916,
memetic,best,"['transpose', 'exchange', 'insert']",5,30,0.8,11,25,0.1,0.5,N-be75eec_150,318960,3460863,53.313877,
memetic,best,"['transpose', 'exchange', 'insert']",5,30,0.8,11,25,0.1,0.5,N-be75eec_150,318960,3460875,53.468857,
memetic,best,"['transpose', 'exchange', 'insert']",5,30,0.8,11,25,0.1,0.5,N-be75eec_150,318960,3460923,76.505249,
memetic,best,"['transpose', 'exchange', 'insert']",5,30,0.8,11,25,0.1,0.5,N-be75eec_150,318960,3460983,98.913925,
memetic,best,"['transpose', 'exchange', 'insert']",5,30,0.8,11,25,0.1,0.5,N-be75eec_150,318960,3461799,99.27607,
memetic,best,"['transpose', 'exchange', 'insert']",5,30,0.8,11,25,0.1,0.5,N-be75eec_150,318960,3462371,101.198486,
memetic,best,"['transpose', 'exchange', 'insert']",5,30,0.8,11,25,0.1,0.5,N-be75eec_150,318960,3462452,102.815552,
memetic,best,"['transpose', 'exchange', 'insert']",5,30,0.8,11,25,0.1,0.5,N-be75eec_150,318960,3463127,103.425186,
memetic,best,"['transpose', 'exchange', 'insert']",5,30,0.8,11,25,0.1,0.5,N-be75eec_150,318960,3463239,103.926659,
memetic,best,"['transpose', 'exchange', 'insert']",5,30,0.8,11,25,0.1,0.5,N-be75eec_150,318960,3463763,104.20385,
memetic,best,"['transpose', 'exchange', 'insert']",5,30,0.8,11,25,0.1,0.5,N-be75eec_150,318960,3464241,104.702736,
memetic,best,"['transpose', 'exchange', 'insert']",5,30,0.8,11,25,0.1,0.5,N-be75eec_150,318960,3464907,106.928322,
memetic,best,"['transpose', 'exchange', 'insert']",5,30,0.8,11,25,0.1,0.5,N-be75eec_150,318960,3465323,107.178917,
memetic,best,"['transpose', 'exchange', 'insert']",5,30,0.8,11,25,0.1,0.5,N-be75eec_150,318960,3465765,107.461578,
memetic,best,"['transpose', 'exchange', 'insert']",5,30,0.8,11,25,0.1,0.5,N-be75eec_150,318960,3465784,108.523834,
memetic,best,"['transpose', 'exchange', 'insert']",5,30,0.8,11,25,0.1,0.5,N-be75eec_150,318960,3465972,108.739807,
memetic,best,"['transpose', 'exchange', 'insert']",5,30,0.8,11,25,0.1,0.5,N-be75eec_150,318960,3466085,109.681778,
memetic,best,"['transpose', 'exchange', 'insert']",5,30,0.8,11,25,0.1,0.5,N-be75eec_150,318960,3466150,109.828224,
memetic,best,"['transpose', 'exchange', 'insert']",5,30,0.8,11,25,0.1,0.5,N-be75eec_150,318960,3466165,109.999069,
memetic,best,"['transpose', 'exchange', 'insert']",5,30,0.8,11,25,0.1,0.5,N-be75eec_150,318960,3466188,110.096008,
memetic,best,"['transpose', 'exchange', 'insert']",5,30,0.8,11,25,0.1,0.5,N-be75eec_150,318960,3466218,110.257286,
memetic,best,"['transpose', 'exchange', 'insert']",5,30,0.8,11,25,0.1,0.5,N-be75eec_150,318960,3466289,110.388657,
memetic,best,"['transpose', 'exchange', 'insert']",5,30,0.8,11,25,0.1,0.5,N-be75eec_150,318960,3466516,110.531364,
memetic,best,"['transpose', 'exchange', 'insert']",5,30,0.8,11,25,0.1,0.5,N-be75eec_150,318960,3466521,110.970634,
memetic,best,"['transpose', 'exchange', 'insert']",5,30,0.8,11,25,0.1,0.5,N-be75eec_150,318960,3466541,111.392899,
memetic,best,"['transpose', 'exchange', 'insert']",5,30,0.8,11,25,0.1,0.5,N-be75eec_150,318960,3466549,111.501076,
memetic,best,"['transpose', 'exchange', 'insert']",5,30,0.8,11,25,0.1,0.5,N-be75eec_150,318960,3466566,111.755005,
memetic,best,"['transpose', 'exchange', 'insert']",5,30,0.8,11,25,0.1,0.5,N-be75eec_150,318960,3466578,112.349098,
memetic,best,"['transpose', 'exchange', 'insert']",5,30,0.8,11,25,0.1,0.5,N-be75eec_150,318960,3466605,113.345467,
memetic,best,"['transpose', 'exchange', 'insert']",5,30,0.8,11,25,0.1,0.5,N-be75eec_150,318960,3466618,115.07811,
memetic,best,"['transpose', 'exchange', 'insert']",5,30,0.8,11,25,0.1,0.5,N-be75eec_150,318960,3466628,118.845886,
memetic,best,"['transpose', 'exchange', 'insert']",5,30,0.8,11,25,0.1,0.5,N-be75eec_150,318960,3466630,119.353958,
memetic,best,"['transpose', 'exchange', 'insert']",5,30,0.8,11,25,0.1,0.5,N-be75eec_150,318960,3466712,123.893524,
memetic,best,"['transpose', 'exchange', 'insert']",5,30,0.8,11,25,0.1,0.5,N-be75eec_150,318960,3466715,167.165878,
memetic,best,"['transpose', 'exchange', 'insert']",5,30,0.8,11,25,0.1,0.5,N-be75eec_150,318960,3466715,250.01123,
memetic,best,"['transpose', 'exchange', 'insert']",5,30,0.8,11,25,0.1,0.5,N-be75eec_150,6453836,3415872,0.623922,
memetic,best,"['transpose', 'exchange', 'insert']",5,30,0.8,11,25,0.1,0.5,N-be75eec_150,6453836,3423133,1.88008,
memetic,best,"['transpose', 'exchange', 'insert']",5,30,0.8,11,25,0.1,0.5,N-be75eec_150,6453836,3426082,2.991899,
memetic,best,"['transpose', 'exchange', 'insert']",5,30,0.8,11,25,0.1,0.5,N-be75eec_150,6453836,3426289,3.556284,
memetic,best,"['transpose', 'exchange', 'insert']",5,30,0.8,11,25,0.1,0.5,N-be75eec_150,6453836,3427977,4.66221,
memetic,best,"['transpose', 'exchange', 'insert']",5,30,0.8,11,25,0.1,0.5,N-be75eec_150,6453836,3428661,5.134427,
memetic,best,"['transpose', 'exchange', 'insert']",5,30,0.8,11,25,0.1,0.5,N-be75eec_150,6453836,3433434,6.204473,
memetic,best,"['transpose', 'exchange', 'insert']",5,30,0.8,11,25,0.1,0.5,N-be75eec_150,6453836,3434886,6.734011,
memetic,best,"['transpose', 'exchange', 'insert']",5,30,0.8,11,25,0.1,0.5,N-be75eec_150,6453836,3435117,7.692706,
memetic,best,"['transpose', 'exchange', 'insert']",5,30,0.8,11,25,0.1,0.5,N-be75eec_150,6453836,3439025,8.252748,
memetic,best,"['transpose', 'exchange', 'insert']",5,30,0.8,11,25,0.1,0.5,N-be75eec_150,6453836,3439548,9.550099,
memetic,best,"['transpose', 'exchange', 'insert']",5,30,0.8,11,25,0.1,0.5,N-be75eec_150,6453836,3441883,10.05033,
memetic,best,"['transpose', 'exchange', 'insert']",5,30,0.8,11,25,0.1,0.5,N-be75eec_150,6453836,3443528,11.608849,
memetic,best,"['transpose', 'exchange', 'insert']",5,30,0.8,11,25,0.1,0.5,N-be75eec_150,6453836,3443664,12.902904,
memetic,best,"['transpose', 'exchange', 'insert']",5,30,0.8,11,25,0.1,0.5,N-be75eec_150,6453836,3446244,13.386201,
memetic,best,"['transpose', 'exchange', 'insert']",5,30,0.8,11,25,0.1,0.5,N-be75eec_150,6453836,3446904,16.243643,
memetic,best,"['transpose', 'exchange', 'insert']",5,30,0.8,11,25,0.1,0.5,N-be75eec_150,6453836,3449463,17.018385,
memetic,best,"['transpose', 'exchange', 'insert']",5,30,0.8,11,25,0.1,0.5,N-be75eec_150,6453836,3450441,18.054243,
memetic,best,"['transpose', 'exchange', 'insert']",5,30,0.8,11,25,0.1,0.5,N-be75eec_150,6453836,3450548,18.38966,
memetic,best,"['transpose', 'exchange', 'insert']",5,30,0.8,11,25,0.1,0.5,N-be75eec_150,6453836,3451244,19.349661,
memetic,best,"['transpose', 'exchange', 'insert']",5,30,0.8,11,25,0.1,0.5,N-be75eec_150,6453836,3451416,19.677862,
memetic,best,"['transpose', 'exchange', 'insert']",5,30,0.8,11,25,0.1,0.5,N-be75eec_150,6453836,3451643,20.669415,
memetic,best,"['transpose', 'exchange', 'insert']",5,30,0.8,11,25,0.1,0.5,N-be75eec_150,6453836,3453694,21.641533,
memetic,best,"['transpose', 'exchange', 'insert']",5,30,0.8,11,25,0.1,0.5,N-be75eec_150,6453836,3454172,22.926718,
memetic,best,"['transpose', 'exchange', 'insert']",5,30,0.8,11,25,0.1,0.5,N-be75eec_150,6453836,3454228,23.620056,
memetic,best,"['transpose', 'exchange', 'insert']",5,30,0.8,11,25,0.1,0.5,N-be75eec_150,6453836,3454528,23.967131,
memetic,best,"['transpose', 'exchange', 'insert']",5,30,0.8,11,25,0.1,0.5,N-be75eec_150,6453836,3454718,24.632931,
memetic,best,"['transpose', 'exchange', 'insert']",5,30,0.8,11,25,0.1,0.5,N-be75eec_150,6453836,3455608,24.888712,
memetic,best,"['transpose', 'exchange', 'insert']",5,30,0.8,11,25,0.1,0.5,N-be75eec_150,6453836,3455829,27.154072,
memetic,best,"['transpose', 'exchange', 'insert']",5,30,0.8,11,25,0.1,0.5,N-be75eec_150,6453836,3456117,28.634678,
memetic,best,"['transpose', 'exchange', 'insert']",5,30,0.8,11,25,0.1,0.5,N-be75eec_150,6453836,3456190,29.684441,
memetic,best,"['transpose', 'exchange', 'insert']",5,30,0.8,11,25,0.1,0.5,N-be75eec_150,6453836,3456197,29.880339,
memetic,best,"['transpose', 'exchange', 'insert']",5,30,0.8,11,25,0.1,0.5,N-be75eec_150,6453836,3457125,30.284719,
memetic,best,"['transpose', 'exchange', 'insert']",5,30,0.8,11,25,0.1,0.5,N-be75eec_150,6453836,3458880,31.319218,
memetic,best,"['transpose', 'exchange', 'insert']",5,30,0.8,11,25,0.1,0.5,N-be75eec_150,6453836,3459249,33.185257,
memetic,best,"['transpose', 'exchange', 'insert']",5,30,0.8,11,25,0.1,0.5,N-be75eec_150,6453836,3459299,34.025059,
memetic,best,"['transpose', 'exchange', 'insert']",5,30,0.8,11,25,0.1,0.5,N-be75eec_150,6453836,3459423,34.276035,
memetic,best,"['transpose', 'exchange', 'insert']",5,30,0.8,11,25,0.1,0.5,N-be75eec_150,6453836,3459555,35.071941,
memetic,best,"['transpose', 'exchange', 'insert']",5,30,0.8,11,25,0.1,0.5,N-be75eec_150,6453836,3459600,35.340275,
memetic,best,"['transpose', 'exchange', 'insert']",5,30,0.8,11,25,0.1,0.5,N-be75eec_150,6453836,3459631,35.516266,
memetic,best,"['transpose', 'exchange', 'insert']",5,30,0.8,11,25,0.1,0.5,N-be75eec_150,6453836,3459643,35.868439,
memetic,best,"['transpose', 'exchange', 'insert']",5,30,0.8,11,25,0.1,0.5,N-be75eec_150,6453836,3459661,36.115273,
memetic,best,"['transpose', 'exchange', 'insert']",5,30,0.8,11,25,0.1,0.5,N-be75eec_150,6453836,3459714,36.721779,
memetic,best,"['transpose', 'exchange', 'insert']",5,30,0.8,11,25,0.1,0.5,N-be75eec_150,6453836,3459719,37.755939,
memetic,best,"['transpose', 'exchange', 'insert']",5,30,0.8,11,25,0.1,0.5,N-be75eec_150,6453836,3459722,38.222469,
memetic,best,"['transpose', 'exchange', 'insert']",5,30,0.8,11,25,0.1,0.5,N-be75eec_150,6453836,3459734,38.485973,
memetic,best,"['transpose', 'exchange', 'insert']",5,30,0.8,11,25,0.1,0.5,N-be75eec_150,6453836,3459785,38.978603,
memetic,best,"['transpose', 'exchange', 'insert']",5,30,0.8,11,25,0.1,0.5,N-be75eec_150,6453836,3459801,43.404049,
memetic,best,"['transpose', 'exchange', 'insert']",5,30,0.8,11,25,0.1,0.5,N-be75eec_150,6453836,3459886,43.85379,
memetic,best,"['transpose', 'exchange', 'insert']",5,30,0.8,11,25,0.1,0.5,N-be75eec_150,6453836,3459888,44.004864,
memetic,best,"['transpose', 'exchange', 'insert']",5,30,0.8,11,25,0.1,0.5,N-be75eec_150,6453836,3459907,44.163239,
memetic,best,"['transpose', 'exchange', 'insert']",5,30,0.8,11,25,0.1,0.5,N-be75eec_150,6453836,3459941,44.409191,
memetic,best,"['transpose', 'exchange', 'insert']",5,30,0.8,11,25,0.1,0.5,N-be75eec_150,6453836,3459960,44.950871,
memetic,best,"['transpose', 'exchange', 'insert']",5,30,0.8,11,25,0.1,0.5,N-be75eec_150,6453836,3460020,45.98975,
memetic,best,"['transpose', 'exchange', 'insert']",5,30,0.8,11,25,0.1,0.5,N-be75eec_150,6453836,3460068,47.034622,
memetic,best,"['transpose', 'exchange', 'insert']",5,30,0.8,11,25,0.1,0.5,N-be75eec_150,6453836,3460140,47.172947,
memetic,best,"['transpose', 'exchange', 'insert']",5,30,0.8,11,25,0.1,0.5,N-be75eec_150,6453836,3460696,47.946877,
memetic,best,"['transpose', 'exchange', 'insert']",5,30,0.8,11,25,0.1,0.5,N-be75eec_150,6453836,3460756,48.58099,
memetic,best,"['transpose', 'exchange', 'insert']",5,30,0.8,11,25,0.1,0.5,N-be75eec_150,6453836,3460762,48.888012,
memetic,best,"['transpose', 'exchange', 'insert']",5,30,0.8,11,25,0.1,0.5,N-be75eec_150,6453836,3460806,50.869267,
memetic,best,"['transpose', 'exchange', 'insert']",5,30,0.8,11,25,0.1,0.5,N-be75eec_150,6453836,3460859,52.195976,
memetic,best,"['transpose', 'exchange', 'insert']",5,30,0.8,11,25,0.1,0.5,N-be75eec_150,6453836,3460861,52.662056,
memetic,best,"['transpose', 'exchange', 'insert']",5,30,0.8,11,25,0.1,0.5,N-be75eec_150,6453836,3460863,53.512058,
memetic,best,"['transpose', 'exchange', 'insert']",5,30,0.8,11,25,0.1,0.5,N-be75eec_150,6453836,3460875,53.65678,
memetic,best,"['transpose', 'exchange', 'insert']",5,30,0.8,11,25,0.1,0.5,N-be75eec_150,6453836,3460923,76.721703,
memetic,best,"['transpose', 'exchange', 'insert']",5,30,0.8,11,25,0.1,0.5,N-be75eec_150,6453836,3460983,99.2024,
memetic,best,"['transpose', 'exchange', 'insert']",5,30,0.8,11,25,0.1,0.5,N-be75eec_150,6453836,3461799,99.563187,
memetic,best,"['transpose', 'exchange', 'insert']",5,30,0.8,11,25,0.1,0.5,N-be75eec_150,6453836,3462371,101.540611,
memetic,best,"['transpose', 'exchange', 'insert']",5,30,0.8,11,25,0.1,0.5,N-be75eec_150,6453836,3462452,103.207405,
memetic,best,"['transpose', 'exchange', 'insert']",5,30,0.8,11,25,0.1,0.5,N-be75eec_150,6453836,3463127,103.824623,
memetic,best,"['transpose', 'exchange', 'insert']",5,30,0.8,11,25,0.1,0.5,N-be75eec_150,6453836,3463239,104.261246,
memetic,best,"['transpose', 'exchange', 'insert']",5,30,0.8,11,25,0.1,0.5,N-be75eec_150,6453836,3463763,104.514107,
memetic,best,"['transpose', 'exchange', 'insert']",5,30,0.8,11,25,0.1,0.5,N-be75eec_150,6453836,3464241,104.996567,
memetic,best,"['transpose', 'exchange', 'insert']",5,30,0.8,11,25,0.1,0.5,N-be75eec_150,6453836,3464907,107.242302,
memetic,best,"['transpose', 'exchange', 'insert']",5,30,0.8,11,25,0.1,0.5,N-be75eec_150,6453836,3465323,107.503403,
memetic,best,"['transpose', 'exchange', 'insert']",5,30,0.8,11,25,0.1,0.5,N-be75eec_150,6453836,3465765,107.764755,
memetic,best,"['transpose', 'exchange', 'insert']",5,30,0.8,11,25,0.1,0.5,N-be75eec_150,6453836,3465784,108.816345,
memetic,best,"['transpose', 'exchange', 'insert']",5,30,0.8,11,25,0.1,0.5,N-be75eec_150,6453836,3465972,109.03759,
memetic,best,"['transpose', 'exchange', 'insert']",5,30,0.8,11,25,0.1,0.5,N-be75eec_150,6453836,3466085,110.028786,
memetic,best,"['transpose', 'exchange', 'insert']",5,30,0.8,11,25,0.1,0.5,N-be75eec_150,6453836,3466150,110.175003,
memetic,best,"['transpose', 'exchange', 'insert']",5,30,0.8,11,25,0.1,0.5,N-be75eec_150,6453836,3466165,110.324165,
memetic,best,"['transpose', 'exchange', 'insert']",5,30,0.8,11,25,0.1,0.5,N-be75eec_150,6453836,3466188,110.419785,
memetic,best,"['transpose', 'exchange', 'insert']",5,30,0.8,11,25,0.1,0.5,N-be75eec_150,6453836,3466218,110.61721,
memetic,best,"['transpose', 'exchange', 'insert']",5,30,0.8,11,25,0.1,0.5,N-be75eec_150,6453836,3466289,110.77372,
memetic,best,"['transpose', 'exchange', 'insert']",5,30,0.8,11,25,0.1,0.5,N-be75eec_150,6453836,3466516,110.898804,
memetic,best,"['transpose', 'exchange', 'insert']",5,30,0.8,11,25,0.1,0.5,N-be75eec_150,6453836,3466521,111.322105,
memetic,best,"['transpose', 'exchange', 'insert']",5,30,0.8,11,25,0.1,0.5,N-be75eec_150,6453836,3466541,111.739265,
memetic,best,"['transpose', 'exchange', 'insert']",5,30,0.8,11,25,0.1,0.5,N-be75eec_150,6453836,3466549,111.854874,
memetic,best,"['transpose', 'exchange', 'insert']",5,30,0.8,11,25,0.1,0.5,N-be75eec_150,6453836,3466566,112.115669,
memetic,best,"['transpose', 'exchange', 'insert']",5,30,0.8,11,25,0.1,0.5,N-be75eec_150,6453836,3466578,112.766037,
memetic,best,"['transpose', 'exchange', 'insert']",5,30,0.8,11,25,0.1,0.5,N-be75eec_150,6453836,3466605,113.74334,
memetic,best,"['transpose', 'exchange', 'insert']",5,30,0.8,11,25,0.1,0.5,N-be75eec_150,6453836,3466618,115.522827,
memetic,best,"['transpose', 'exchange', 'insert']",5,30,0.8,11,25,0.1,0.5,N-be75eec_150,6453836,3466628,119.242287,
memetic,best,"['transpose', 'exchange', 'insert']",5,30,0.8,11,25,0.1,0.5,N-be75eec_150,6453836,3466630,119.751938,
memetic,best,"['transpose', 'exchange', 'insert']",5,30,0.8,11,25,0.1,0.5,N-be75eec_150,6453836,3466712,124.359108,
memetic,best,"['transpose', 'exchange', 'insert']",5,30,0.8,11,25,0.1,0.5,N-be75eec_150,6453836,3466715,167.988953,
memetic,best,"['transpose', 'exchange', 'insert']",5,30,0.8,11,25,0.1,0.5,N-be75eec_150,6453836,3466715,251.015884,
memetic,best,"['transpose', 'exchange', 'insert']",5,30,0.8,11,25,0.1,0.5,N-be75eec_150,3559347,3415872,0.638466,
memetic,best,"['transpose', 'exchange', 'insert']",5,30,0.8,11,25,0.1,0.5,N-be75eec_150,3559347,3423133,1.849571,
memetic,best,"['transpose', 'exchange', 'insert']",5,30,0.8,11,25,0.1,0.5,N-be75eec_150,3559347,3426082,2.947502,
memetic,best,"['transpose', 'exchange', 'insert']",5,30,0.8,11,25,0.1,0.5,N-be75eec_150,3559347,3426289,3.459037,
memetic,best,"['transpose', 'exchange', 'insert']",5,30,0.8,11,25,0.1,0.5,N-be75eec_150,3559347,3427977,4.557596,
memetic,best,"['transpose', 'exchange', 'insert']",5,30,0.8,11,25,0.1,0.5,N-be75eec_150,3559347,3428661,5.000963,
memetic,best,"['transpose', 'exchange', 'insert']",5,30,0.8,11,25,0.1,0.5,N-be75eec_150,3559347,3433434,6.033058,
memetic,best,"['transpose', 'exchange', 'insert']",5,30,0.8,11,25,0.1,0.5,N-be75eec_150,3559347,3434886,6.572767,
memetic,best,"['transpose', 'exchange', 'insert']",5,30,0.8,11,25,0.1,0.5,N-be75eec_150,3559347,3435117,7.517527,
memetic,best,"['transpose', 'exchange', 'insert']",5,30,0.8,11,25,0.1,0.5,N-be75eec_150,3559347,3439025,8.037525,
memetic,best,"['transpose', 'exchange', 'insert']",5,30,0.8,11,25,0.1,0.5,N-be75eec_150,3559347,3439548,9.294663,
memetic,best,"['transpose', 'exchange', 'insert']",5,30,0.8,11,25,0.1,0.5,N-be75eec_150,3559347,3441883,9.796941,
memetic,best,"['transpose', 'exchange', 'insert']",5,30,0.8,11,25,0.1,0.5,N-be75eec_150,3559347,3443528,11.347452,
memetic,best,"['transpose', 'exchange', 'insert']",5,30,0.8,11,25,0.1,0.5,N-be75eec_150,3559347,3443664,12.630614,
memetic,best,"['transpose', 'exchange', 'insert']",5,30,0.8,11,25,0.1,0.5,N-be75eec_150,3559347,3446244,13.111615,
memetic,best,"['transpose', 'exchange', 'insert']",5,30,0.8,11,25,0.1,0.5,N-be75eec_150,3559347,3446904,15.84244,
memetic,best,"['transpose', 'exchange', 'insert']",5,30,0.8,11,25,0.1,0.5,N-be75eec_150,3559347,3449463,16.617119,
memetic,best,"['transpose', 'exchange', 'insert']",5,30,0.8,11,25,0.1,0.5,N-be75eec_150,3559347,3450441,17.646187,
memetic,best,"['transpose', 'exchange', 'insert']",5,30,0.8,11,25,0.1,0.5,N-be75eec_150,3559347,3450548,17.972534,
memetic,best,"['transpose', 'exchange', 'insert']",5,30,0.8,11,25,0.1,0.5,N-be75eec_150,3559347,3451244,18.939831,
memetic,best,"['transpose', 'exchange', 'insert']",5,30,0.8,11,25,0.1,0.5,N-be75eec_150,3559347,3451416,19.267126,
memetic,best,"['transpose', 'exchange', 'insert']",5,30,0.8,11,25,0.1,0.5,N-be75eec_150,3559347,3451643,20.219622,
memetic,best,"['transpose', 'exchange', 'insert']",5,30,0.8,11,25,0.1,0.5,N-be75eec_150,3559347,3453694,21.186588,
memetic,best,"['transpose', 'exchange', 'insert']",5,30,0.8,11,25,0.1,0.5,N-be75eec_150,3559347,3454172,22.49312,
memetic,best,"['transpose', 'exchange', 'insert']",5,30,0.8,11,25,0.1,0.5,N-be75eec_150,3559347,3454228,23.176414,
memetic,best,"['transpose', 'exchange', 'insert']",5,30,0.8,11,25,0.1,0.5,N-be75eec_150,3559347,3454528,23.511923,
memetic,best,"['transpose', 'exchange', 'insert']",5,30,0.8,11,25,0.1,0.5,N-be75eec_150,3559347,3454718,24.17421,
memetic,best,"['transpose', 'exchange', 'insert']",5,30,0.8,11,25,0.1,0.5,N-be75eec_150,3559347,3455608,24.438057,
memetic,best,"['transpose', 'exchange', 'insert']",5,30,0.8,11,25,0.1,0.5,N-be75eec_150,3559347,3455829,26.625553,
memetic,best,"['transpose', 'exchange', 'insert']",5,30,0.8,11,25,0.1,0.5,N-be75eec_150,3559347,3456117,28.039473,
memetic,best,"['transpose', 'exchange', 'insert']",5,30,0.8,11,25,0.1,0.5,N-be75eec_150,3559347,3456190,29.09149,
memetic,best,"['transpose', 'exchange', 'insert']",5,30,0.8,11,25,0.1,0.5,N-be75eec_150,3559347,3456197,29.283846,
memetic,best,"['transpose', 'exchange', 'insert']",5,30,0.8,11,25,0.1,0.5,N-be75eec_150,3559347,3457125,29.6947,
memetic,best,"['transpose', 'exchange', 'insert']",5,30,0.8,11,25,0.1,0.5,N-be75eec_150,3559347,3458880,30.720451,
memetic,best,"['transpose', 'exchange', 'insert']",5,30,0.8,11,25,0.1,0.5,N-be75eec_150,3559347,3459249,32.599995,
memetic,best,"['transpose', 'exchange', 'insert']",5,30,0.8,11,25,0.1,0.5,N-be75eec_150,3559347,3459299,33.408558,
memetic,best,"['transpose', 'exchange', 'insert']",5,30,0.8,11,25,0.1,0.5,N-be75eec_150,3559347,3459423,33.64452,
memetic,best,"['transpose', 'exchange', 'insert']",5,30,0.8,11,25,0.1,0.5,N-be75eec_150,3559347,3459555,34.421539,
memetic,best,"['transpose', 'exchange', 'insert']",5,30,0.8,11,25,0.1,0.5,N-be75eec_150,3559347,3459600,34.69915,
memetic,best,"['transpose', 'exchange', 'insert']",5,30,0.8,11,25,0.1,0.5,N-be75eec_150,3559347,3459631,34.874935,
memetic,best,"['transpose', 'exchange', 'insert']",5,30,0.8,11,25,0.1,0.5,N-be75eec_150,3559347,3459643,35.251568,
memetic,best,"['transpose', 'exchange', 'insert']",5,30,0.8,11,25,0.1,0.5,N-be75eec_150,3559347,3459661,35.489361,
memetic,best,"['transpose', 'exchange', 'insert']",5,30,0.8,11,25,0.1,0.5,N-be75eec_150,3559347,3459714,36.074635,
memetic,best,"['transpose', 'exchange', 'insert']",5,30,0.8,11,25,0.1,0.5,N-be75eec_150,3559347,3459719,37.141609,
memetic,best,"['transpose', 'exchange', 'insert']",5,30,0.8,11,25,0.1,0.5,N-be75eec_150,3559347,3459722,37.618961,
memetic,best,"['transpose', 'exchange', 'insert']",5,30,0.8,11,25,0.1,0.5,N-be75eec_150,3559347,3459734,37.862133,
memetic,best,"['transpose', 'exchange', 'insert']",5,30,0.8,11,25,0.1,0.5,N-be75eec_150,3559347,3459785,38.341152,
memetic,best,"['transpose', 'exchange', 'insert']",5,30,0.8,11,25,0.1,0.5,N-be75eec_150,3559347,3459801,42.699482,
memetic,best,"['transpose', 'exchange', 'insert']",5,30,0.8,11,25,0.1,0.5,N-be75eec_150,3559347,3459886,43.131435,
memetic,best,"['transpose', 'exchange', 'insert']",5,30,0.8,11,25,0.1,0.5,N-be75eec_150,3559347,3459888,43.26968,
memetic,best,"['transpose', 'exchange', 'insert']",5,30,0.8,11,25,0.1,0.5,N-be75eec_150,3559347,3459907,43.446438,
memetic,best,"['transpose', 'exchange', 'insert']",5,30,0.8,11,25,0.1,0.5,N-be75eec_150,3559347,3459941,43.683231,
memetic,best,"['transpose', 'exchange', 'insert']",5,30,0.8,11,25,0.1,0.5,N-be75eec_150,3559347,3459960,44.23938,
memetic,best,"['transpose', 'exchange', 'insert']",5,30,0.8,11,25,0.1,0.5,N-be75eec_150,3559347,3460020,45.226234,
memetic,best,"['transpose', 'exchange', 'insert']",5,30,0.8,11,25,0.1,0.5,N-be75eec_150,3559347,3460068,46.262272,
memetic,best,"['transpose', 'exchange', 'insert']",5,30,0.8,11,25,0.1,0.5,N-be75eec_150,3559347,3460140,46.412579,
memetic,best,"['transpose', 'exchange', 'insert']",5,30,0.8,11,25,0.1,0.5,N-be75eec_150,3559347,3460696,47.197601,
memetic,best,"['transpose', 'exchange', 'insert']",5,30,0.8,11,25,0.1,0.5,N-be75eec_150,3559347,3460756,47.82011,
memetic,best,"['transpose', 'exchange', 'insert']",5,30,0.8,11,25,0.1,0.5,N-be75eec_150,3559347,3460762,48.12709,
memetic,best,"['transpose', 'exchange', 'insert']",5,30,0.8,11,25,0.1,0.5,N-be75eec_150,3559347,3460806,50.117001,
memetic,best,"['transpose', 'exchange', 'insert']",5,30,0.8,11,25,0.1,0.5,N-be75eec_150,3559347,3460859,51.418388,
memetic,best,"['transpose', 'exchange', 'insert']",5,30,0.8,11,25,0.1,0.5,N-be75eec_150,3559347,3460861,51.879192,
memetic,best,"['transpose', 'exchange', 'insert']",5,30,0.8,11,25,0.1,0.5,N-be75eec_150,3559347,3460863,52.735462,
memetic,best,"['transpose', 'exchange', 'insert']",5,30,0.8,11,25,0.1,0.5,N-be75eec_150,3559347,3460875,52.884277,
memetic,best,"['transpose', 'exchange', 'insert']",5,30,0.8,11,25,0.1,0.5,N-be75eec_150,3559347,3460923,75.761391,
memetic,best,"['transpose', 'exchange', 'insert']",5,30,0.8,11,25,0.1,0.5,N-be75eec_150,3559347,3460983,98.032837,
memetic,best,"['transpose', 'exchange', 'insert']",5,30,0.8,11,25,0.1,0.5,N-be75eec_150,3559347,3461799,98.382057,
memetic,best,"['transpose', 'exchange', 'insert']",5,30,0.8,11,25,0.1,0.5,N-be75eec_150,3559347,3462371,100.347435,
memetic,best,"['transpose', 'exchange', 'insert']",5,30,0.8,11,25,0.1,0.5,N-be75eec_150,3559347,3462452,102.001694,
memetic,best,"['transpose', 'exchange', 'insert']",5,30,0.8,11,25,0.1,0.5,N-be75eec_150,3559347,3463127,102.604858,
memetic,best,"['transpose', 'exchange', 'insert']",5,30,0.8,11,25,0.1,0.5,N-be75eec_150,3559347,3463239,103.046471,
memetic,best,"['transpose', 'exchange', 'insert']",5,30,0.8,11,25,0.1,0.5,N-be75eec_150,3559347,3463763,103.301819,
memetic,best,"['transpose', 'exchange', 'insert']",5,30,0.8,11,25,0.1,0.5,N-be75eec_150,3559347,3464241,103.803734,
memetic,best,"['transpose', 'exchange', 'insert']",5,30,0.8,11,25,0.1,0.5,N-be75eec_150,3559347,3464907,106.095802,
memetic,best,"['transpose', 'exchange', 'insert']",5,30,0.8,11,25,0.1,0.5,N-be75eec_150,3559347,3465323,106.35215,
memetic,best,"['transpose', 'exchange', 'insert']",5,30,0.8,11,25,0.1,0.5,N-be75eec_150,3559347,3465765,106.610565,
memetic,best,"['transpose', 'exchange', 'insert']",5,30,0.8,11,25,0.1,0.5,N-be75eec_150,3559347,3465784,107.640724,
memetic,best,"['transpose', 'exchange', 'insert']",5,30,0.8,11,25,0.1,0.5,N-be75eec_150,3559347,3465972,107.852509,
memetic,best,"['transpose', 'exchange', 'insert']",5,30,0.8,11,25,0.1,0.5,N-be75eec_150,3559347,3466085,108.808617,
memetic,best,"['transpose', 'exchange', 'insert']",5,30,0.8,11,25,0.1,0.5,N-be75eec_150,3559347,3466150,108.960426,
memetic,best,"['transpose', 'exchange', 'insert']",5,30,0.8,11,25,0.1,0.5,N-be75eec_150,3559347,3466165,109.118729,
memetic,best,"['transpose', 'exchange', 'insert']",5,30,0.8,11,25,0.1,0.5,N-be75eec_150,3559347,3466188,109.221901,
memetic,best,"['transpose', 'exchange', 'insert']",5,30,0.8,11,25,0.1,0.5,N-be75eec_150,3559347,3466218,109.385521,
memetic,best,"['transpose', 'exchange', 'insert']",5,30,0.8,11,25,0.1,0.5,N-be75eec_150,3559347,3466289,109.527321,
memetic,best,"['transpose', 'exchange', 'insert']",5,30,0.8,11,25,0.1,0.5,N-be75eec_150,3559347,3466516,109.676941,
memetic,best,"['transpose', 'exchange', 'insert']",5,30,0.8,11,25,0.1,0.5,N-be75eec_150,3559347,3466521,110.106224,
memetic,best,"['transpose', 'exchange', 'insert']",5,30,0.8,11,25,0.1,0.5,N-be75eec_150,3559347,3466541,110.514626,
memetic,best,"['transpose', 'exchange', 'insert']",5,30,0.8,11,25,0.1,0.5,N-be75eec_150,3559347,3466549,110.625473,
memetic,best,"['transpose', 'exchange', 'insert']",5,30,0.8,11,25,0.1,0.5,N-be75eec_150,3559347,3466566,110.892014,
memetic,best,"['transpose', 'exchange', 'insert']",5,30,0.8,11,25,0.1,0.5,N-be75eec_150,3559347,3466578,111.489311,
memetic,best,"['transpose', 'exchange', 'insert']",5,30,0.8,11,25,0.1,0.5,N-be75eec_150,3559347,3466605,112.471848,
memetic,best,"['transpose', 'exchange', 'insert']",5,30,0.8,11,25,0.1,0.5,N-be75eec_150,3559347,3466618,114.202141,
memetic,best,"['transpose', 'exchange', 'insert']",5,30,0.8,11,25,0.1,0.5,N-be75eec_150,3559347,3466628,117.910492,
memetic,best,"['transpose', 'exchange', 'insert']",5,30,0.8,11,25,0.1,0.5,N-be75eec_150,3559347,3466630,118.419312,
memetic,best,"['transpose', 'exchange', 'insert']",5,30,0.8,11,25,0.1,0.5,N-be75eec_150,3559347,3466712,122.947639,
memetic,best,"['transpose', 'exchange', 'insert']",5,30,0.8,11,25,0.1,0.5,N-be75eec_150,3559347,3466715,166.445511,
memetic,best,"['transpose', 'exchange', 'insert']",5,30,0.8,11,25,0.1,0.5,N-be75eec_150,3559347,3466715,249.077744,
memetic,best,"['transpose', 'exchange', 'insert']",5,30,0.8,11,25,0.1,0.5,N-be75eec_150,3159326,3415872,0.622813,
memetic,best,"['transpose', 'exchange', 'insert']",5,30,0.8,11,25,0.1,0.5,N-be75eec_150,3159326,3423133,1.858628,
memetic,best,"['transpose', 'exchange', 'insert']",5,30,0.8,11,25,0.1,0.5,N-be75eec_150,3159326,3426082,3.00713,
memetic,best,"['transpose', 'exchange', 'insert']",5,30,0.8,11,25,0.1,0.5,N-be75eec_150,3159326,3426289,3.555081,
memetic,best,"['transpose', 'exchange', 'insert']",5,30,0.8,11,25,0.1,0.5,N-be75eec_150,3159326,3427977,4.679912,
memetic,best,"['transpose', 'exchange', 'insert']",5,30,0.8,11,25,0.1,0.5,N-be75eec_150,3159326,3428661,5.129285,
memetic,best,"['transpose', 'exchange', 'insert']",5,30,0.8,11,25,0.1,0.5,N-be75eec_150,3159326,3433434,6.217911,
memetic,best,"['transpose', 'exchange', 'insert']",5,30,0.8,11,25,0.1,0.5,N-be75eec_150,3159326,3434886,6.747396,
memetic,best,"['transpose', 'exchange', 'insert']",5,30,0.8,11,25,0.1,0.5,N-be75eec_150,3159326,3435117,7.661849,
memetic,best,"['transpose', 'exchange', 'insert']",5,30,0.8,11,25,0.1,0.5,N-be75eec_150,3159326,3439025,8.191986,
memetic,best,"['transpose', 'exchange', 'insert']",5,30,0.8,11,25,0.1,0.5,N-be75eec_150,3159326,3439548,9.470176,
memetic,best,"['transpose', 'exchange', 'insert']",5,30,0.8,11,25,0.1,0.5,N-be75eec_150,3159326,3441883,9.994722,
memetic,best,"['transpose', 'exchange', 'insert']",5,30,0.8,11,25,0.1,0.5,N-be75eec_150,3159326,3443528,11.556916,
memetic,best,"['transpose', 'exchange', 'insert']",5,30,0.8,11,25,0.1,0.5,N-be75eec_150,3159326,3443664,12.855192,
memetic,best,"['transpose', 'exchange', 'insert']",5,30,0.8,11,25,0.1,0.5,N-be75eec_150,3159326,3446244,13.307834,
memetic,best,"['transpose', 'exchange', 'insert']",5,30,0.8,11,25,0.1,0.5,N-be75eec_150,3159326,3446904,16.169825,
memetic,best,"['transpose', 'exchange', 'insert']",5,30,0.8,11,25,0.1,0.5,N-be75eec_150,3159326,3449463,16.948679,
memetic,best,"['transpose', 'exchange', 'insert']",5,30,0.8,11,25,0.1,0.5,N-be75eec_150,3159326,3450441,17.963892,
memetic,best,"['transpose', 'exchange', 'insert']",5,30,0.8,11,25,0.1,0.5,N-be75eec_150,3159326,3450548,18.307774,
memetic,best,"['transpose', 'exchange', 'insert']",5,30,0.8,11,25,0.1,0.5,N-be75eec_150,3159326,3451244,19.297131,
memetic,best,"['transpose', 'exchange', 'insert']",5,30,0.8,11,25,0.1,0.5,N-be75eec_150,3159326,3451416,19.620653,
memetic,best,"['transpose', 'exchange', 'insert']",5,30,0.8,11,25,0.1,0.5,N-be75eec_150,3159326,3451643,20.621664,
memetic,best,"['transpose', 'exchange', 'insert']",5,30,0.8,11,25,0.1,0.5,N-be75eec_150,3159326,3453694,21.569445,
memetic,best,"['transpose', 'exchange', 'insert']",5,30,0.8,11,25,0.1,0.5,N-be75eec_150,3159326,3454172,22.865236,
memetic,best,"['transpose', 'exchange', 'insert']",5,30,0.8,11,25,0.1,0.5,N-be75eec_150,3159326,3454228,23.521221,
memetic,best,"['transpose', 'exchange', 'insert']",5,30,0.8,11,25,0.1,0.5,N-be75eec_150,3159326,3454528,23.853598,
memetic,best,"['transpose', 'exchange', 'insert']",5,30,0.8,11,25,0.1,0.5,N-be75eec_150,3159326,3454718,24.522295,
memetic,best,"['transpose', 'exchange', 'insert']",5,30,0.8,11,25,0.1,0.5,N-be75eec_150,3159326,3455608,24.787157,
memetic,best,"['transpose', 'exchange', 'insert']",5,30,0.8,11,25,0.1,0.5,N-be75eec_150,3159326,3455829,26.97744,
memetic,best,"['transpose', 'exchange', 'insert']",5,30,0.8,11,25,0.1,0.5,N-be75eec_150,3159326,3456117,28.454557,
memetic,best,"['transpose', 'exchange', 'insert']",5,30,0.8,11,25,0.1,0.5,N-be75eec_150,3159326,3456190,29.518158,
memetic,best,"['transpose', 'exchange', 'insert']",5,30,0.8,11,25,0.1,0.5,N-be75eec_150,3159326,3456197,29.717892,
memetic,best,"['transpose', 'exchange', 'insert']",5,30,0.8,11,25,0.1,0.5,N-be75eec_150,3159326,3457125,30.128069,
memetic,best,"['transpose', 'exchange', 'insert']",5,30,0.8,11,25,0.1,0.5,N-be75eec_150,3159326,3458880,31.154858,
memetic,best,"['transpose', 'exchange', 'insert']",5,30,0.8,11,25,0.1,0.5,N-be75eec_150,3159326,3459249,33.024529,
memetic,best,"['transpose', 'exchange', 'insert']",5,30,0.8,11,25,0.1,0.5,N-be75eec_150,3159326,3459299,33.856808,
memetic,best,"['transpose', 'exchange', 'insert']",5,30,0.8,11,25,0.1,0.5,N-be75eec_150,3159326,3459423,34.082405,
memetic,best,"['transpose', 'exchange', 'insert']",5,30,0.8,11,25,0.1,0.5,N-be75eec_150,3159326,3459555,34.853172,
memetic,best,"['transpose', 'exchange', 'insert']",5,30,0.8,11,25,0.1,0.5,N-be75eec_150,3159326,3459600,35.114388,
memetic,best,"['transpose', 'exchange', 'insert']",5,30,0.8,11,25,0.1,0.5,N-be75eec_150,3159326,3459631,35.261833,
memetic,best,"['transpose', 'exchange', 'insert']",5,30,0.8,11,25,0.1,0.5,N-be75eec_150,3159326,3459643,35.641945,
memetic,best,"['transpose', 'exchange', 'insert']",5,30,0.8,11,25,0.1,0.5,N-be75eec_150,3159326,3459661,35.884171,
memetic,best,"['transpose', 'exchange', 'insert']",5,30,0.8,11,25,0.1,0.5,N-be75eec_150,3159326,3459714,36.471642,
memetic,best,"['transpose', 'exchange', 'insert']",5,30,0.8,11,25,0.1,0.5,N-be75eec_150,3159326,3459719,37.503986,
memetic,best,"['transpose', 'exchange', 'insert']",5,30,0.8,11,25,0.1,0.5,N-be75eec_150,3159326,3459722,37.973454,
memetic,best,"['transpose', 'exchange', 'insert']",5,30,0.8,11,25,0.1,0.5,N-be75eec_150,3159326,3459734,38.204193,
memetic,best,"['transpose', 'exchange', 'insert']",5,30,0.8,11,25,0.1,0.5,N-be75eec_150,3159326,3459785,38.703209,
memetic,best,"['transpose', 'exchange', 'insert']",5,30,0.8,11,25,0.1,0.5,N-be75eec_150,3159326,3459801,43.048286,
memetic,best,"['transpose', 'exchange', 'insert']",5,30,0.8,11,25,0.1,0.5,N-be75eec_150,3159326,3459886,43.472137,
memetic,best,"['transpose', 'exchange', 'insert']",5,30,0.8,11,25,0.1,0.5,N-be75eec_150,3159326,3459888,43.616306,
memetic,best,"['transpose', 'exchange', 'insert']",5,30,0.8,11,25,0.1,0.5,N-be75eec_150,3159326,3459907,43.780403,
memetic,best,"['transpose', 'exchange', 'insert']",5,30,0.8,11,25,0.1,0.5,N-be75eec_150,3159326,3459941,44.011929,
memetic,best,"['transpose', 'exchange', 'insert']",5,30,0.8,11,25,0.1,0.5,N-be75eec_150,3159326,3459960,44.551487,
memetic,best,"['transpose', 'exchange', 'insert']",5,30,0.8,11,25,0.1,0.5,N-be75eec_150,3159326,3460020,45.582779,
memetic,best,"['transpose', 'exchange', 'insert']",5,30,0.8,11,25,0.1,0.5,N-be75eec_150,3159326,3460068,46.610443,
memetic,best,"['transpose', 'exchange', 'insert']",5,30,0.8,11,25,0.1,0.5,N-be75eec_150,3159326,3460140,46.741966,
memetic,best,"['transpose', 'exchange', 'insert']",5,30,0.8,11,25,0.1,0.5,N-be75eec_150,3159326,3460696,47.549721,
memetic,best,"['transpose', 'exchange', 'insert']",5,30,0.8,11,25,0.1,0.5,N-be75eec_150,3159326,3460756,48.179699,
memetic,best,"['transpose', 'exchange', 'insert']",5,30,0.8,11,25,0.1,0.5,N-be75eec_150,3159326,3460762,48.506069,
memetic,best,"['transpose', 'exchange', 'insert']",5,30,0.8,11,25,0.1,0.5,N-be75eec_150,3159326,3460806,50.505081,
memetic,best,"['transpose', 'exchange', 'insert']",5,30,0.8,11,25,0.1,0.5,N-be75eec_150,3159326,3460859,51.849239,
memetic,best,"['transpose', 'exchange', 'insert']",5,30,0.8,11,25,0.1,0.5,N-be75eec_150,3159326,3460861,52.307274,
memetic,best,"['transpose', 'exchange', 'insert']",5,30,0.8,11,25,0.1,0.5,N-be75eec_150,3159326,3460863,53.185692,
memetic,best,"['transpose', 'exchange', 'insert']",5,30,0.8,11,25,0.1,0.5,N-be75eec_150,3159326,3460875,53.34264,
memetic,best,"['transpose', 'exchange', 'insert']",5,30,0.8,11,25,0.1,0.5,N-be75eec_150,3159326,3460923,76.38678,
memetic,best,"['transpose', 'exchange', 'insert']",5,30,0.8,11,25,0.1,0.5,N-be75eec_150,3159326,3460983,98.870819,
memetic,best,"['transpose', 'exchange', 'insert']",5,30,0.8,11,25,0.1,0.5,N-be75eec_150,3159326,3461799,99.238327,
memetic,best,"['transpose', 'exchange', 'insert']",5,30,0.8,11,25,0.1,0.5,N-be75eec_150,3159326,3462371,101.168159,
memetic,best,"['transpose', 'exchange', 'insert']",5,30,0.8,11,25,0.1,0.5,N-be75eec_150,3159326,3462452,102.804771,
memetic,best,"['transpose', 'exchange', 'insert']",5,30,0.8,11,25,0.1,0.5,N-be75eec_150,3159326,3463127,103.381615,
memetic,best,"['transpose', 'exchange', 'insert']",5,30,0.8,11,25,0.1,0.5,N-be75eec_150,3159326,3463239,103.833412,
memetic,best,"['transpose', 'exchange', 'insert']",5,30,0.8,11,25,0.1,0.5,N-be75eec_150,3159326,3463763,104.093025,
memetic,best,"['transpose', 'exchange', 'insert']",5,30,0.8,11,25,0.1,0.5,N-be75eec_150,3159326,3464241,104.600487,
memetic,best,"['transpose', 'exchange', 'insert']",5,30,0.8,11,25,0.1,0.5,N-be75eec_150,3159326,3464907,106.871452,
memetic,best,"['transpose', 'exchange', 'insert']",5,30,0.8,11,25,0.1,0.5,N-be75eec_150,3159326,3465323,107.134468,
memetic,best,"['transpose', 'exchange', 'insert']",5,30,0.8,11,25,0.1,0.5,N-be75eec_150,3159326,3465765,107.403206,
memetic,best,"['transpose', 'exchange', 'insert']",5,30,0.8,11,25,0.1,0.5,N-be75eec_150,3159326,3465784,108.427132,
memetic,best,"['transpose', 'exchange', 'insert']",5,30,0.8,11,25,0.1,0.5,N-be75eec_150,3159326,3465972,108.633392,
memetic,best,"['transpose', 'exchange', 'insert']",5,30,0.8,11,25,0.1,0.5,N-be75eec_150,3159326,3466085,109.623558,
memetic,best,"['transpose', 'exchange', 'insert']",5,30,0.8,11,25,0.1,0.5,N-be75eec_150,3159326,3466150,109.760246,
memetic,best,"['transpose', 'exchange', 'insert']",5,30,0.8,11,25,0.1,0.5,N-be75eec_150,3159326,3466165,109.925575,
memetic,best,"['transpose', 'exchange', 'insert']",5,30,0.8,11,25,0.1,0.5,N-be75eec_150,3159326,3466188,110.026535,
memetic,best,"['transpose', 'exchange', 'insert']",5,30,0.8,11,25,0.1,0.5,N-be75eec_150,3159326,3466218,110.205231,
memetic,best,"['transpose', 'exchange', 'insert']",5,30,0.8,11,25,0.1,0.5,N-be75eec_150,3159326,3466289,110.34774,
memetic,best,"['transpose', 'exchange', 'insert']",5,30,0.8,11,25,0.1,0.5,N-be75eec_150,3159326,3466516,110.483383,
memetic,best,"['transpose', 'exchange', 'insert']",5,30,0.8,11,25,0.1,0.5,N-be75eec_150,3159326,3466521,110.909843,
memetic,best,"['transpose', 'exchange', 'insert']",5,30,0.8,11,25,0.1,0.5,N-be75eec_150,3159326,3466541,111.311813,
memetic,best,"['transpose', 'exchange', 'insert']",5,30,0.8,11,25,0.1,0.5,N-be75eec_150,3159326,3466549,111.421814,
memetic,best,"['transpose', 'exchange', 'insert']",5,30,0.8,11,25,0.1,0.5,N-be75eec_150,3159326,3466566,111.684677,
memetic,best,"['transpose', 'exchange', 'insert']",5,30,0.8,11,25,0.1,0.5,N-be75eec_150,3159326,3466578,112.308685,
memetic,best,"['transpose', 'exchange', 'insert']",5,30,0.8,11,25,0.1,0.5,N-be75eec_150,3159326,3466605,113.251595,
memetic,best,"['transpose', 'exchange', 'insert']",5,30,0.8,11,25,0.1,0.5,N-be75eec_150,3159326,3466618,114.967178,
memetic,best,"['transpose', 'exchange', 'insert']",5,30,0.8,11,25,0.1,0.5,N-be75eec_150,3159326,3466628,118.68251,
memetic,best,"['transpose', 'exchange', 'insert']",5,30,0.8,11,25,0.1,0.5,N-be75eec_150,3159326,3466630,119.209801,
memetic,best,"['transpose', 'exchange', 'insert']",5,30,0.8,11,25,0.1,0.5,N-be75eec_150,3159326,3466712,123.807404,
memetic,best,"['transpose', 'exchange', 'insert']",5,30,0.8,11,25,0.1,0.5,N-be75eec_150,3159326,3466715,167.312454,
memetic,best,"['transpose', 'exchange', 'insert']",5,30,0.8,11,25,0.1,0.5,N-be75eec_150,3159326,3466715,249.550247,
memetic,best,"['transpose', 'exchange', 'insert']",5,30,0.8,11,25,0.1,0.5,N-be75eec_150,253396,3415872,0.610677,
memetic,best,"['transpose', 'exchange', 'insert']",5,30,0.8,11,25,0.1,0.5,N-be75eec_150,253396,3423133,1.845911,
memetic,best,"['transpose', 'exchange', 'insert']",5,30,0.8,11,25,0.1,0.5,N-be75eec_150,253396,3426082,2.946619,
memetic,best,"['transpose', 'exchange', 'insert']",5,30,0.8,11,25,0.1,0.5,N-be75eec_150,253396,3426289,3.491232,
memetic,best,"['transpose', 'exchange', 'insert']",5,30,0.8,11,25,0.1,0.5,N-be75eec_150,253396,3427977,4.660572,
memetic,best,"['transpose', 'exchange', 'insert']",5,30,0.8,11,25,0.1,0.5,N-be75eec_150,253396,3428661,5.13293,
memetic,best,"['transpose', 'exchange', 'insert']",5,30,0.8,11,25,0.1,0.5,N-be75eec_150,253396,3433434,6.212725,
memetic,best,"['transpose', 'exchange', 'insert']",5,30,0.8,11,25,0.1,0.5,N-be75eec_150,253396,3434886,6.746761,
memetic,best,"['transpose', 'exchange', 'insert']",5,30,0.8,11,25,0.1,0.5,N-be75eec_150,253396,3435117,7.660487,
memetic,best,"['transpose', 'exchange', 'insert']",5,30,0.8,11,25,0.1,0.5,N-be75eec_150,253396,3439025,8.205169,
memetic,best,"['transpose', 'exchange', 'insert']",5,30,0.8,11,25,0.1,0.5,N-be75eec_150,253396,3439548,9.47342,
memetic,best,"['transpose', 'exchange', 'insert']",5,30,0.8,11,25,0.1,0.5,N-be75eec_150,253396,3441883,9.959692,
memetic,best,"['transpose', 'exchange', 'insert']",5,30,0.8,11,25,0.1,0.5,N-be75eec_150,253396,3443528,11.50181,
memetic,best,"['transpose', 'exchange', 'insert']",5,30,0.8,11,25,0.1,0.5,N-be75eec_150,253396,3443664,12.821555,
memetic,best,"['transpose', 'exchange', 'insert']",5,30,0.8,11,25,0.1,0.5,N-be75eec_150,253396,3446244,13.314066,
memetic,best,"['transpose', 'exchange', 'insert']",5,30,0.8,11,25,0.1,0.5,N-be75eec_150,253396,3446904,16.199789,
memetic,best,"['transpose', 'exchange', 'insert']",5,30,0.8,11,25,0.1,0.5,N-be75eec_150,253396,3449463,16.968628,
memetic,best,"['transpose', 'exchange', 'insert']",5,30,0.8,11,25,0.1,0.5,N-be75eec_150,253396,3450441,18.010725,
memetic,best,"['transpose', 'exchange', 'insert']",5,30,0.8,11,25,0.1,0.5,N-be75eec_150,253396,3450548,18.331467,
memetic,best,"['transpose', 'exchange', 'insert']",5,30,0.8,11,25,0.1,0.5,N-be75eec_150,253396,3451244,19.266739,
memetic,best,"['transpose', 'exchange', 'insert']",5,30,0.8,11,25,0.1,0.5,N-be75eec_150,253396,3451416,19.610619,
memetic,best,"['transpose', 'exchange', 'insert']",5,30,0.8,11,25,0.1,0.5,N-be75eec_150,253396,3451643,20.593651,
memetic,best,"['transpose', 'exchange', 'insert']",5,30,0.8,11,25,0.1,0.5,N-be75eec_150,253396,3453694,21.552996,
memetic,best,"['transpose', 'exchange', 'insert']",5,30,0.8,11,25,0.1,0.5,N-be75eec_150,253396,3454172,22.893015,
memetic,best,"['transpose', 'exchange', 'insert']",5,30,0.8,11,25,0.1,0.5,N-be75eec_150,253396,3454228,23.558088,
memetic,best,"['transpose', 'exchange', 'insert']",5,30,0.8,11,25,0.1,0.5,N-be75eec_150,253396,3454528,23.880356,
memetic,best,"['transpose', 'exchange', 'insert']",5,30,0.8,11,25,0.1,0.5,N-be75eec_150,253396,3454718,24.533285,
memetic,best,"['transpose', 'exchange', 'insert']",5,30,0.8,11,25,0.1,0.5,N-be75eec_150,253396,3455608,24.787846,
memetic,best,"['transpose', 'exchange', 'insert']",5,30,0.8,11,25,0.1,0.5,N-be75eec_150,253396,3455829,27.06403,
memetic,best,"['transpose', 'exchange', 'insert']",5,30,0.8,11,25,0.1,0.5,N-be75eec_150,253396,3456117,28.508215,
memetic,best,"['transpose', 'exchange', 'insert']",5,30,0.8,11,25,0.1,0.5,N-be75eec_150,253396,3456190,29.56884,
memetic,best,"['transpose', 'exchange', 'insert']",5,30,0.8,11,25,0.1,0.5,N-be75eec_150,253396,3456197,29.761625,
memetic,best,"['transpose', 'exchange', 'insert']",5,30,0.8,11,25,0.1,0.5,N-be75eec_150,253396,3457125,30.198988,
memetic,best,"['transpose', 'exchange', 'insert']",5,30,0.8,11,25,0.1,0.5,N-be75eec_150,253396,3458880,31.212923,
memetic,best,"['transpose', 'exchange', 'insert']",5,30,0.8,11,25,0.1,0.5,N-be75eec_150,253396,3459249,33.064674,
memetic,best,"['transpose', 'exchange', 'insert']",5,30,0.8,11,25,0.1,0.5,N-be75eec_150,253396,3459299,33.903252,
memetic,best,"['transpose', 'exchange', 'insert']",5,30,0.8,11,25,0.1,0.5,N-be75eec_150,253396,3459423,34.121105,
memetic,best,"['transpose', 'exchange', 'insert']",5,30,0.8,11,25,0.1,0.5,N-be75eec_150,253396,3459555,34.896294,
memetic,best,"['transpose', 'exchange', 'insert']",5,30,0.8,11,25,0.1,0.5,N-be75eec_150,253396,3459600,35.182415,
memetic,best,"['transpose', 'exchange', 'insert']",5,30,0.8,11,25,0.1,0.5,N-be75eec_150,253396,3459631,35.337421,
memetic,best,"['transpose', 'exchange', 'insert']",5,30,0.8,11,25,0.1,0.5,N-be75eec_150,253396,3459643,35.698479,
memetic,best,"['transpose', 'exchange', 'insert']",5,30,0.8,11,25,0.1,0.5,N-be75eec_150,253396,3459661,35.945415,
memetic,best,"['transpose', 'exchange', 'insert']",5,30,0.8,11,25,0.1,0.5,N-be75eec_150,253396,3459714,36.555176,
memetic,best,"['transpose', 'exchange', 'insert']",5,30,0.8,11,25,0.1,0.5,N-be75eec_150,253396,3459719,37.583073,
memetic,best,"['transpose', 'exchange', 'insert']",5,30,0.8,11,25,0.1,0.5,N-be75eec_150,253396,3459722,38.066807,
memetic,best,"['transpose', 'exchange', 'insert']",5,30,0.8,11,25,0.1,0.5,N-be75eec_150,253396,3459734,38.320679,
memetic,best,"['transpose', 'exchange', 'insert']",5,30,0.8,11,25,0.1,0.5,N-be75eec_150,253396,3459785,38.838058,
memetic,best,"['transpose', 'exchange', 'insert']",5,30,0.8,11,25,0.1,0.5,N-be75eec_150,253396,3459801,43.2001,
memetic,best,"['transpose', 'exchange', 'insert']",5,30,0.8,11,25,0.1,0.5,N-be75eec_150,253396,3459886,43.631535,
memetic,best,"['transpose', 'exchange', 'insert']",5,30,0.8,11,25,0.1,0.5,N-be75eec_150,253396,3459888,43.784248,
memetic,best,"['transpose', 'exchange', 'insert']",5,30,0.8,11,25,0.1,0.5,N-be75eec_150,253396,3459907,43.951832,
memetic,best,"['transpose', 'exchange', 'insert']",5,30,0.8,11,25,0.1,0.5,N-be75eec_150,253396,3459941,44.19273,
memetic,best,"['transpose', 'exchange', 'insert']",5,30,0.8,11,25,0.1,0.5,N-be75eec_150,253396,3459960,44.725117,
memetic,best,"['transpose', 'exchange', 'insert']",5,30,0.8,11,25,0.1,0.5,N-be75eec_150,253396,3460020,45.747093,
memetic,best,"['transpose', 'exchange', 'insert']",5,30,0.8,11,25,0.1,0.5,N-be75eec_150,253396,3460068,46.79007,
memetic,best,"['transpose', 'exchange', 'insert']",5,30,0.8,11,25,0.1,0.5,N-be75eec_150,253396,3460140,46.924755,
memetic,best,"['transpose', 'exchange', 'insert']",5,30,0.8,11,25,0.1,0.5,N-be75eec_150,253396,3460696,47.72356,
memetic,best,"['transpose', 'exchange', 'insert']",5,30,0.8,11,25,0.1,0.5,N-be75eec_150,253396,3460756,48.366531,
memetic,best,"['transpose', 'exchange', 'insert']",5,30,0.8,11,25,0.1,0.5,N-be75eec_150,253396,3460762,48.688271,
memetic,best,"['transpose', 'exchange', 'insert']",5,30,0.8,11,25,0.1,0.5,N-be75eec_150,253396,3460806,50.655376,
memetic,best,"['transpose', 'exchange', 'insert']",5,30,0.8,11,25,0.1,0.5,N-be75eec_150,253396,3460859,52.013672,
memetic,best,"['transpose', 'exchange', 'insert']",5,30,0.8,11,25,0.1,0.5,N-be75eec_150,253396,3460861,52.474945,
memetic,best,"['transpose', 'exchange', 'insert']",5,30,0.8,11,25,0.1,0.5,N-be75eec_150,253396,3460863,53.33366,
memetic,best,"['transpose', 'exchange', 'insert']",5,30,0.8,11,25,0.1,0.5,N-be75eec_150,253396,3460875,53.490177,
memetic,best,"['transpose', 'exchange', 'insert']",5,30,0.8,11,25,0.1,0.5,N-be75eec_150,253396,3460923,76.284676,
memetic,best,"['transpose', 'exchange', 'insert']",5,30,0.8,11,25,0.1,0.5,N-be75eec_150,253396,3460983,98.694633,
memetic,best,"['transpose', 'exchange', 'insert']",5,30,0.8,11,25,0.1,0.5,N-be75eec_150,253396,3461799,99.075027,
memetic,best,"['transpose', 'exchange', 'insert']",5,30,0.8,11,25,0.1,0.5,N-be75eec_150,253396,3462371,101.024048,
memetic,best,"['transpose', 'exchange', 'insert']",5,30,0.8,11,25,0.1,0.5,N-be75eec_150,253396,3462452,102.693771,
memetic,best,"['transpose', 'exchange', 'insert']",5,30,0.8,11,25,0.1,0.5,N-be75eec_150,253396,3463127,103.313766,
memetic,best,"['transpose', 'exchange', 'insert']",5,30,0.8,11,25,0.1,0.5,N-be75eec_150,253396,3463239,103.757065,
memetic,best,"['transpose', 'exchange', 'insert']",5,30,0.8,11,25,0.1,0.5,N-be75eec_150,253396,3463763,104.011726,
memetic,best,"['transpose', 'exchange', 'insert']",5,30,0.8,11,25,0.1,0.5,N-be75eec_150,253396,3464241,104.499992,
memetic,best,"['transpose', 'exchange', 'insert']",5,30,0.8,11,25,0.1,0.5,N-be75eec_150,253396,3464907,106.765457,
memetic,best,"['transpose', 'exchange', 'insert']",5,30,0.8,11,25,0.1,0.5,N-be75eec_150,253396,3465323,107.018852,
memetic,best,"['transpose', 'exchange', 'insert']",5,30,0.8,11,25,0.1,0.5,N-be75eec_150,253396,3465765,107.296791,
memetic,best,"['transpose', 'exchange', 'insert']",5,30,0.8,11,25,0.1,0.5,N-be75eec_150,253396,3465784,108.312279,
memetic,best,"['transpose', 'exchange', 'insert']",5,30,0.8,11,25,0.1,0.5,N-be75eec_150,253396,3465972,108.52504,
memetic,best,"['transpose', 'exchange', 'insert']",5,30,0.8,11,25,0.1,0.5,N-be75eec_150,253396,3466085,109.468445,
memetic,best,"['transpose', 'exchange', 'insert']",5,30,0.8,11,25,0.1,0.5,N-be75eec_150,253396,3466150,109.607903,
memetic,best,"['transpose', 'exchange', 'insert']",5,30,0.8,11,25,0.1,0.5,N-be75eec_150,253396,3466165,109.760521,
memetic,best,"['transpose', 'exchange', 'insert']",5,30,0.8,11,25,0.1,0.5,N-be75eec_150,253396,3466188,109.863304,
memetic,best,"['transpose', 'exchange', 'insert']",5,30,0.8,11,25,0.1,0.5,N-be75eec_150,253396,3466218,110.024605,
memetic,best,"['transpose', 'exchange', 'insert']",5,30,0.8,11,25,0.1,0.5,N-be75eec_150,253396,3466289,110.173546,
memetic,best,"['transpose', 'exchange', 'insert']",5,30,0.8,11,25,0.1,0.5,N-be75eec_150,253396,3466516,110.309563,
memetic,best,"['transpose', 'exchange', 'insert']",5,30,0.8,11,25,0.1,0.5,N-be75eec_150,253396,3466521,110.73687,
memetic,best,"['transpose', 'exchange', 'insert']",5,30,0.8,11,25,0.1,0.5,N-be75eec_150,253396,3466541,111.132217,
memetic,best,"['transpose', 'exchange', 'insert']",5,30,0.8,11,25,0.1,0.5,N-be75eec_150,253396,3466549,111.240715,
memetic,best,"['transpose', 'exchange', 'insert']",5,30,0.8,11,25,0.1,0.5,N-be75eec_150,253396,3466566,111.503662,
memetic,best,"['transpose', 'exchange', 'insert']",5,30,0.8,11,25,0.1,0.5,N-be75eec_150,253396,3466578,112.1203,
memetic,best,"['transpose', 'exchange', 'insert']",5,30,0.8,11,25,0.1,0.5,N-be75eec_150,253396,3466605,113.091942,
memetic,best,"['transpose', 'exchange', 'insert']",5,30,0.8,11,25,0.1,0.5,N-be75eec_150,253396,3466618,114.83371,
memetic,best,"['transpose', 'exchange', 'insert']",5,30,0.8,11,25,0.1,0.5,N-be75eec_150,253396,3466628,118.48288,
memetic,best,"['transpose', 'exchange', 'insert']",5,30,0.8,11,25,0.1,0.5,N-be75eec_150,253396,3466630,118.993454,
memetic,best,"['transpose', 'exchange', 'insert']",5,30,0.8,11,25,0.1,0.5,N-be75eec_150,253396,3466712,123.530365,
memetic,best,"['transpose', 'exchange', 'insert']",5,30,0.8,11,25,0.1,0.5,N-be75eec_150,253396,3466715,166.984467,
memetic,best,"['transpose', 'exchange', 'insert']",5,30,0.8,11,25,0.1,0.5,N-be75eec_150,253396,3466715,249.368942,
memetic,best,"['transpose', 'exchange', 'insert']",5,30,0.8,11,25,0.1,0.5,N-be75eec_150,550733,3415872,0.655871,
memetic,best,"['transpose', 'exchange', 'insert']",5,30,0.8,11,25,0.1,0.5,N-be75eec_150,550733,3423133,1.890264,
memetic,best,"['transpose', 'exchange', 'insert']",5,30,0.8,11,25,0.1,0.5,N-be75eec_150,550733,3426082,3.013889,
memetic,best,"['transpose', 'exchange', 'insert']",5,30,0.8,11,25,0.1,0.5,N-be75eec_150,550733,3426289,3.568982,
memetic,best,"['transpose', 'exchange', 'insert']",5,30,0.8,11,25,0.1,0.5,N-be75eec_150,550733,3427977,4.725273,
memetic,best,"['transpose', 'exchange', 'insert']",5,30,0.8,11,25,0.1,0.5,N-be75eec_150,550733,3428661,5.160205,
memetic,best,"['transpose', 'exchange', 'insert']",5,30,0.8,11,25,0.1,0.5,N-be75eec_150,550733,3433434,6.204235,
memetic,best,"['transpose', 'exchange', 'insert']",5,30,0.8,11,25,0.1,0.5,N-be75eec_150,550733,3434886,6.760751,
memetic,best,"['transpose', 'exchange', 'insert']",5,30,0.8,11,25,0.1,0.5,N-be75eec_150,550733,3435117,7.703672,
memetic,best,"['transpose', 'exchange', 'insert']",5,30,0.8,11,25,0.1,0.5,N-be75eec_150,550733,3439025,8.220588,
memetic,best,"['transpose', 'exchange', 'insert']",5,30,0.8,11,25,0.1,0.5,N-be75eec_150,550733,3439548,9.468949,
memetic,best,"['transpose', 'exchange', 'insert']",5,30,0.8,11,25,0.1,0.5,N-be75eec_150,550733,3441883,9.958421,
memetic,best,"['transpose', 'exchange', 'insert']",5,30,0.8,11,25,0.1,0.5,N-be75eec_150,550733,3443528,11.554268,
memetic,best,"['transpose', 'exchange', 'insert']",5,30,0.8,11,25,0.1,0.5,N-be75eec_150,550733,3443664,12.842474,
memetic,best,"['transpose', 'exchange', 'insert']",5,30,0.8,11,25,0.1,0.5,N-be75eec_150,550733,3446244,13.309924,
memetic,best,"['transpose', 'exchange', 'insert']",5,30,0.8,11,25,0.1,0.5,N-be75eec_150,550733,3446904,16.122942,
memetic,best,"['transpose', 'exchange', 'insert']",5,30,0.8,11,25,0.1,0.5,N-be75eec_150,550733,3449463,16.918509,
memetic,best,"['transpose', 'exchange', 'insert']",5,30,0.8,11,25,0.1,0.5,N-be75eec_150,550733,3450441,17.917957,
memetic,best,"['transpose', 'exchange', 'insert']",5,30,0.8,11,25,0.1,0.5,N-be75eec_150,550733,3450548,18.255802,
memetic,best,"['transpose', 'exchange', 'insert']",5,30,0.8,11,25,0.1,0.5,N-be75eec_150,550733,3451244,19.231895,
memetic,best,"['transpose', 'exchange', 'insert']",5,30,0.8,11,25,0.1,0.5,N-be75eec_150,550733,3451416,19.555828,
memetic,best,"['transpose', 'exchange', 'insert']",5,30,0.8,11,25,0.1,0.5,N-be75eec_150,550733,3451643,20.541977,
memetic,best,"['transpose', 'exchange', 'insert']",5,30,0.8,11,25,0.1,0.5,N-be75eec_150,550733,3453694,21.485081,
memetic,best,"['transpose', 'exchange', 'insert']",5,30,0.8,11,25,0.1,0.5,N-be75eec_150,550733,3454172,22.791977,
memetic,best,"['transpose', 'exchange', 'insert']",5,30,0.8,11,25,0.1,0.5,N-be75eec_150,550733,3454228,23.471748,
memetic,best,"['transpose', 'exchange', 'insert']",5,30,0.8,11,25,0.1,0.5,N-be75eec_150,550733,3454528,23.803074,
memetic,best,"['transpose', 'exchange', 'insert']",5,30,0.8,11,25,0.1,0.5,N-be75eec_150,550733,3454718,24.493275,
memetic,best,"['transpose', 'exchange', 'insert']",5,30,0.8,11,25,0.1,0.5,N-be75eec_150,550733,3455608,24.767378,
memetic,best,"['transpose', 'exchange', 'insert']",5,30,0.8,11,25,0.1,0.5,N-be75eec_150,550733,3455829,27.019058,
memetic,best,"['transpose', 'exchange', 'insert']",5,30,0.8,11,25,0.1,0.5,N-be75eec_150,550733,3456117,28.460712,
memetic,best,"['transpose', 'exchange', 'insert']",5,30,0.8,11,25,0.1,0.5,N-be75eec_150,550733,3456190,29.50013,
memetic,best,"['transpose', 'exchange', 'insert']",5,30,0.8,11,25,0.1,0.5,N-be75eec_150,550733,3456197,29.706432,
memetic,best,"['transpose', 'exchange', 'insert']",5,30,0.8,11,25,0.1,0.5,N-be75eec_150,550733,3457125,30.132952,
memetic,best,"['transpose', 'exchange', 'insert']",5,30,0.8,11,25,0.1,0.5,N-be75eec_150,550733,3458880,31.18281,
memetic,best,"['transpose', 'exchange', 'insert']",5,30,0.8,11,25,0.1,0.5,N-be75eec_150,550733,3459249,33.091145,
memetic,best,"['transpose', 'exchange', 'insert']",5,30,0.8,11,25,0.1,0.5,N-be75eec_150,550733,3459299,33.956375,
memetic,best,"['transpose', 'exchange', 'insert']",5,30,0.8,11,25,0.1,0.5,N-be75eec_150,550733,3459423,34.16386,
memetic,best,"['transpose', 'exchange', 'insert']",5,30,0.8,11,25,0.1,0.5,N-be75eec_150,550733,3459555,34.936775,
memetic,best,"['transpose', 'exchange', 'insert']",5,30,0.8,11,25,0.1,0.5,N-be75eec_150,550733,3459600,35.208214,
memetic,best,"['transpose', 'exchange', 'insert']",5,30,0.8,11,25,0.1,0.5,N-be75eec_150,550733,3459631,35.371845,
memetic,best,"['transpose', 'exchange', 'insert']",5,30,0.8,11,25,0.1,0.5,N-be75eec_150,550733,3459643,35.756092,
memetic,best,"['transpose', 'exchange', 'insert']",5,30,0.8,11,25,0.1,0.5,N-be75eec_150,550733,3459661,35.980434,
memetic,best,"['transpose', 'exchange', 'insert']",5,30,0.8,11,25,0.1,0.5,N-be75eec_150,550733,3459714,36.551376,
memetic,best,"['transpose', 'exchange', 'insert']",5,30,0.8,11,25,0.1,0.5,N-be75eec_150,550733,3459719,37.628471,
memetic,best,"['transpose', 'exchange', 'insert']",5,30,0.8,11,25,0.1,0.5,N-be75eec_150,550733,3459722,38.102329,
memetic,best,"['transpose', 'exchange', 'insert']",5,30,0.8,11,25,0.1,0.5,N-be75eec_150,550733,3459734,38.34267,
memetic,best,"['transpose', 'exchange', 'insert']",5,30,0.8,11,25,0.1,0.5,N-be75eec_150,550733,3459785,38.828991,
memetic,best,"['transpose', 'exchange', 'insert']",5,30,0.8,11,25,0.1,0.5,N-be75eec_150,550733,3459801,43.209339,
memetic,best,"['transpose', 'exchange', 'insert']",5,30,0.8,11,25,0.1,0.5,N-be75eec_150,550733,3459886,43.65509,
memetic,best,"['transpose', 'exchange', 'insert']",5,30,0.8,11,25,0.1,0.5,N-be75eec_150,550733,3459888,43.796379,
memetic,best,"['transpose', 'exchange', 'insert']",5,30,0.8,11,25,0.1,0.5,N-be75eec_150,550733,3459907,43.964336,
memetic,best,"['transpose', 'exchange', 'insert']",5,30,0.8,11,25,0.1,0.5,N-be75eec_150,550733,3459941,44.206894,
memetic,best,"['transpose', 'exchange', 'insert']",5,30,0.8,11,25,0.1,0.5,N-be75eec_150,550733,3459960,44.762318,
memetic,best,"['transpose', 'exchange', 'insert']",5,30,0.8,11,25,0.1,0.5,N-be75eec_150,550733,3460020,45.799603,
memetic,best,"['transpose', 'exchange', 'insert']",5,30,0.8,11,25,0.1,0.5,N-be75eec_150,550733,3460068,46.82922,
memetic,best,"['transpose', 'exchange', 'insert']",5,30,0.8,11,25,0.1,0.5,N-be75eec_150,550733,3460140,46.969032,
memetic,best,"['transpose', 'exchange', 'insert']",5,30,0.8,11,25,0.1,0.5,N-be75eec_150,550733,3460696,47.748756,
memetic,best,"['transpose', 'exchange', 'insert']",5,30,0.8,11,25,0.1,0.5,N-be75eec_150,550733,3460756,48.384972,
memetic,best,"['transpose', 'exchange', 'insert']",5,30,0.8,11,25,0.1,0.5,N-be75eec_150,550733,3460762,48.704041,
memetic,best,"['transpose', 'exchange', 'insert']",5,30,0.8,11,25,0.1,0.5,N-be75eec_150,550733,3460806,50.7201,
memetic,best,"['transpose', 'exchange', 'insert']",5,30,0.8,11,25,0.1,0.5,N-be75eec_150,550733,3460859,52.058346,
memetic,best,"['transpose', 'exchange', 'insert']",5,30,0.8,11,25,0.1,0.5,N-be75eec_150,550733,3460861,52.522522,
memetic,best,"['transpose', 'exchange', 'insert']",5,30,0.8,11,25,0.1,0.5,N-be75eec_150,550733,3460863,53.399044,
memetic,best,"['transpose', 'exchange', 'insert']",5,30,0.8,11,25,0.1,0.5,N-be75eec_150,550733,3460875,53.566235,
memetic,best,"['transpose', 'exchange', 'insert']",5,30,0.8,11,25,0.1,0.5,N-be75eec_150,550733,3460923,76.624611,
memetic,best,"['transpose', 'exchange', 'insert']",5,30,0.8,11,25,0.1,0.5,N-be75eec_150,550733,3460983,99.175247,
memetic,best,"['transpose', 'exchange', 'insert']",5,30,0.8,11,25,0.1,0.5,N-be75eec_150,550733,3461799,99.535507,
memetic,best,"['transpose', 'exchange', 'insert']",5,30,0.8,11,25,0.1,0.5,N-be75eec_150,550733,3462371,101.501343,
memetic,best,"['transpose', 'exchange', 'insert']",5,30,0.8,11,25,0.1,0.5,N-be75eec_150,550733,3462452,103.138817,
memetic,best,"['transpose', 'exchange', 'insert']",5,30,0.8,11,25,0.1,0.5,N-be75eec_150,550733,3463127,103.772949,
memetic,best,"['transpose', 'exchange', 'insert']",5,30,0.8,11,25,0.1,0.5,N-be75eec_150,550733,3463239,104.214203,
memetic,best,"['transpose', 'exchange', 'insert']",5,30,0.8,11,25,0.1,0.5,N-be75eec_150,550733,3463763,104.465401,
memetic,best,"['transpose', 'exchange', 'insert']",5,30,0.8,11,25,0.1,0.5,N-be75eec_150,550733,3464241,104.937637,
memetic,best,"['transpose', 'exchange', 'insert']",5,30,0.8,11,25,0.1,0.5,N-be75eec_150,550733,3464907,107.163269,
memetic,best,"['transpose', 'exchange', 'insert']",5,30,0.8,11,25,0.1,0.5,N-be75eec_150,550733,3465323,107.433929,
memetic,best,"['transpose', 'exchange', 'insert']",5,30,0.8,11,25,0.1,0.5,N-be75eec_150,550733,3465765,107.700996,
memetic,best,"['transpose', 'exchange', 'insert']",5,30,0.8,11,25,0.1,0.5,N-be75eec_150,550733,3465784,108.750275,
memetic,best,"['transpose', 'exchange', 'insert']",5,30,0.8,11,25,0.1,0.5,N-be75eec_150,550733,3465972,108.975517,
memetic,best,"['transpose', 'exchange', 'insert']",5,30,0.8,11,25,0.1,0.5,N-be75eec_150,550733,3466085,109.921036,
memetic,best,"['transpose', 'exchange', 'insert']",5,30,0.8,11,25,0.1,0.5,N-be75eec_150,550733,3466150,110.079407,
memetic,best,"['transpose', 'exchange', 'insert']",5,30,0.8,11,25,0.1,0.5,N-be75eec_150,550733,3466165,110.239693,
memetic,best,"['transpose', 'exchange', 'insert']",5,30,0.8,11,25,0.1,0.5,N-be75eec_150,550733,3466188,110.354118,
memetic,best,"['transpose', 'exchange', 'insert']",5,30,0.8,11,25,0.1,0.5,N-be75eec_150,550733,3466218,110.529488,
memetic,best,"['transpose', 'exchange', 'insert']",5,30,0.8,11,25,0.1,0.5,N-be75eec_150,550733,3466289,110.67939,
memetic,best,"['transpose', 'exchange', 'insert']",5,30,0.8,11,25,0.1,0.5,N-be75eec_150,550733,3466516,110.812439,
memetic,best,"['transpose', 'exchange', 'insert']",5,30,0.8,11,25,0.1,0.5,N-be75eec_150,550733,3466521,111.240654,
memetic,best,"['transpose', 'exchange', 'insert']",5,30,0.8,11,25,0.1,0.5,N-be75eec_150,550733,3466541,111.655197,
memetic,best,"['transpose', 'exchange', 'insert']",5,30,0.8,11,25,0.1,0.5,N-be75eec_150,550733,3466549,111.765869,
memetic,best,"['transpose', 'exchange', 'insert']",5,30,0.8,11,25,0.1,0.5,N-be75eec_150,550733,3466566,112.024063,
memetic,best,"['transpose', 'exchange', 'insert']",5,30,0.8,11,25,0.1,0.5,N-be75eec_150,550733,3466578,112.635712,
memetic,best,"['transpose', 'exchange', 'insert']",5,30,0.8,11,25,0.1,0.5,N-be75eec_150,550733,3466605,113.632874,
memetic,best,"['transpose', 'exchange', 'insert']",5,30,0.8,11,25,0.1,0.5,N-be75eec_150,550733,3466618,115.394005,
memetic,best,"['transpose', 'exchange', 'insert']",5,30,0.8,11,25,0.1,0.5,N-be75eec_150,550733,3466628,119.134293,
memetic,best,"['transpose', 'exchange', 'insert']",5,30,0.8,11,25,0.1,0.5,N-be75eec_150,550733,3466630,119.63549,
memetic,best,"['transpose', 'exchange', 'insert']",5,30,0.8,11,25,0.1,0.5,N-be75eec_150,550733,3466712,124.273071,
memetic,best,"['transpose', 'exchange', 'insert']",5,30,0.8,11,25,0.1,0.5,N-be75eec_150,550733,3466715,168.110001,
memetic,best,"['transpose', 'exchange', 'insert']",5,30,0.8,11,25,0.1,0.5,N-be75eec_150,550733,3466715,251.064819,
memetic,best,"['transpose', 'exchange', 'insert']",5,30,0.8,11,25,0.1,0.5,N-be75eec_150,11855957,3415872,0.687429,
memetic,best,"['transpose', 'exchange', 'insert']",5,30,0.8,11,25,0.1,0.5,N-be75eec_150,11855957,3423133,2.09581,
memetic,best,"['transpose', 'exchange', 'insert']",5,30,0.8,11,25,0.1,0.5,N-be75eec_150,11855957,3426082,3.302816,
memetic,best,"['transpose', 'exchange', 'insert']",5,30,0.8,11,25,0.1,0.5,N-be75eec_150,11855957,3426289,3.905485,
memetic,best,"['transpose', 'exchange', 'insert']",5,30,0.8,11,25,0.1,0.5,N-be75eec_150,11855957,3427977,5.129745,
memetic,best,"['transpose', 'exchange', 'insert']",5,30,0.8,11,25,0.1,0.5,N-be75eec_150,11855957,3428661,5.60123,
memetic,best,"['transpose', 'exchange', 'insert']",5,30,0.8,11,25,0.1,0.5,N-be75eec_150,11855957,3433434,6.730327,
memetic,best,"['transpose', 'exchange', 'insert']",5,30,0.8,11,25,0.1,0.5,N-be75eec_150,11855957,3434886,7.292731,
memetic,best,"['transpose', 'exchange', 'insert']",5,30,0.8,11,25,0.1,0.5,N-be75eec_150,11855957,3435117,8.286208,
memetic,best,"['transpose', 'exchange', 'insert']",5,30,0.8,11,25,0.1,0.5,N-be75eec_150,11855957,3439025,8.896242,
memetic,best,"['transpose', 'exchange', 'insert']",5,30,0.8,11,25,0.1,0.5,N-be75eec_150,11855957,3439548,10.215462,
memetic,best,"['transpose', 'exchange', 'insert']",5,30,0.8,11,25,0.1,0.5,N-be75eec_150,11855957,3441883,10.732839,
memetic,best,"['transpose', 'exchange', 'insert']",5,30,0.8,11,25,0.1,0.5,N-be75eec_150,11855957,3443528,12.33689,
memetic,best,"['transpose', 'exchange', 'insert']",5,30,0.8,11,25,0.1,0.5,N-be75eec_150,11855957,3443664,13.684763,
memetic,best,"['transpose', 'exchange', 'insert']",5,30,0.8,11,25,0.1,0.5,N-be75eec_150,11855957,3446244,14.202052,
memetic,best,"['transpose', 'exchange', 'insert']",5,30,0.8,11,25,0.1,0.5,N-be75eec_150,11855957,3446904,17.054993,
memetic,best,"['transpose', 'exchange', 'insert']",5,30,0.8,11,25,0.1,0.5,N-be75eec_150,11855957,3449463,17.824177,
memetic,best,"['transpose', 'exchange', 'insert']",5,30,0.8,11,25,0.1,0.5,N-be75eec_150,11855957,3450441,18.865507,
memetic,best,"['transpose', 'exchange', 'insert']",5,30,0.8,11,25,0.1,0.5,N-be75eec_150,11855957,3450548,19.200661,
memetic,best,"['transpose', 'exchange', 'insert']",5,30,0.8,11,25,0.1,0.5,N-be75eec_150,11855957,3451244,20.163301,
memetic,best,"['transpose', 'exchange', 'insert']",5,30,0.8,11,25,0.1,0.5,N-be75eec_150,11855957,3451416,20.473717,
memetic,best,"['transpose', 'exchange', 'insert']",5,30,0.8,11,25,0.1,0.5,N-be75eec_150,11855957,3451643,21.429695,
memetic,best,"['transpose', 'exchange', 'insert']",5,30,0.8,11,25,0.1,0.5,N-be75eec_150,11855957,3453694,22.361856,
memetic,best,"['transpose', 'exchange', 'insert']",5,30,0.8,11,25,0.1,0.5,N-be75eec_150,11855957,3454172,23.663322,
memetic,best,"['transpose', 'exchange', 'insert']",5,30,0.8,11,25,0.1,0.5,N-be75eec_150,11855957,3454228,24.338661,
memetic,best,"['transpose', 'exchange', 'insert']",5,30,0.8,11,25,0.1,0.5,N-be75eec_150,11855957,3454528,24.660233,
memetic,best,"['transpose', 'exchange', 'insert']",5,30,0.8,11,25,0.1,0.5,N-be75eec_150,11855957,3454718,25.315702,
memetic,best,"['transpose', 'exchange', 'insert']",5,30,0.8,11,25,0.1,0.5,N-be75eec_150,11855957,3455608,25.567717,
memetic,best,"['transpose', 'exchange', 'insert']",5,30,0.8,11,25,0.1,0.5,N-be75eec_150,11855957,3455829,27.779387,
memetic,best,"['transpose', 'exchange', 'insert']",5,30,0.8,11,25,0.1,0.5,N-be75eec_150,11855957,3456117,29.241661,
memetic,best,"['transpose', 'exchange', 'insert']",5,30,0.8,11,25,0.1,0.5,N-be75eec_150,11855957,3456190,30.296953,
memetic,best,"['transpose', 'exchange', 'insert']",5,30,0.8,11,25,0.1,0.5,N-be75eec_150,11855957,3456197,30.504917,
memetic,best,"['transpose', 'exchange', 'insert']",5,30,0.8,11,25,0.1,0.5,N-be75eec_150,11855957,3457125,30.923353,
memetic,best,"['transpose', 'exchange', 'insert']",5,30,0.8,11,25,0.1,0.5,N-be75eec_150,11855957,3458880,31.937498,
memetic,best,"['transpose', 'exchange', 'insert']",5,30,0.8,11,25,0.1,0.5,N-be75eec_150,11855957,3459249,33.772202,
memetic,best,"['transpose', 'exchange', 'insert']",5,30,0.8,11,25,0.1,0.5,N-be75eec_150,11855957,3459299,34.608196,
memetic,best,"['transpose', 'exchange', 'insert']",5,30,0.8,11,25,0.1,0.5,N-be75eec_150,11855957,3459423,34.822453,
memetic,best,"['transpose', 'exchange', 'insert']",5,30,0.8,11,25,0.1,0.5,N-be75eec_150,11855957,3459555,35.594196,
memetic,best,"['transpose', 'exchange', 'insert']",5,30,0.8,11,25,0.1,0.5,N-be75eec_150,11855957,3459600,35.870785,
memetic,best,"['transpose', 'exchange', 'insert']",5,30,0.8,11,25,0.1,0.5,N-be75eec_150,11855957,3459631,36.030247,
memetic,best,"['transpose', 'exchange', 'insert']",5,30,0.8,11,25,0.1,0.5,N-be75eec_150,11855957,3459643,36.398838,
memetic,best,"['transpose', 'exchange', 'insert']",5,30,0.8,11,25,0.1,0.5,N-be75eec_150,11855957,3459661,36.646858,
memetic,best,"['transpose', 'exchange', 'insert']",5,30,0.8,11,25,0.1,0.5,N-be75eec_150,11855957,3459714,37.239254,
memetic,best,"['transpose', 'exchange', 'insert']",5,30,0.8,11,25,0.1,0.5,N-be75eec_150,11855957,3459719,38.281281,
memetic,best,"['transpose', 'exchange', 'insert']",5,30,0.8,11,25,0.1,0.5,N-be75eec_150,11855957,3459722,38.750744,
memetic,best,"['transpose', 'exchange', 'insert']",5,30,0.8,11,25,0.1,0.5,N-be75eec_150,11855957,3459734,38.992561,
memetic,best,"['transpose', 'exchange', 'insert']",5,30,0.8,11,25,0.1,0.5,N-be75eec_150,11855957,3459785,39.494678,
memetic,best,"['transpose', 'exchange', 'insert']",5,30,0.8,11,25,0.1,0.5,N-be75eec_150,11855957,3459801,43.853161,
memetic,best,"['transpose', 'exchange', 'insert']",5,30,0.8,11,25,0.1,0.5,N-be75eec_150,11855957,3459886,44.318623,
memetic,best,"['transpose', 'exchange', 'insert']",5,30,0.8,11,25,0.1,0.5,N-be75eec_150,11855957,3459888,44.454292,
memetic,best,"['transpose', 'exchange', 'insert']",5,30,0.8,11,25,0.1,0.5,N-be75eec_150,11855957,3459907,44.615997,
memetic,best,"['transpose', 'exchange', 'insert']",5,30,0.8,11,25,0.1,0.5,N-be75eec_150,11855957,3459941,44.869438,
memetic,best,"['transpose', 'exchange', 'insert']",5,30,0.8,11,25,0.1,0.5,N-be75eec_150,11855957,3459960,45.414738,
memetic,best,"['transpose', 'exchange', 'insert']",5,30,0.8,11,25,0.1,0.5,N-be75eec_150,11855957,3460020,46.414364,
memetic,best,"['transpose', 'exchange', 'insert']",5,30,0.8,11,25,0.1,0.5,N-be75eec_150,11855957,3460068,47.472641,
memetic,best,"['transpose', 'exchange', 'insert']",5,30,0.8,11,25,0.1,0.5,N-be75eec_150,11855957,3460140,47.618137,
memetic,best,"['transpose', 'exchange', 'insert']",5,30,0.8,11,25,0.1,0.5,N-be75eec_150,11855957,3460696,48.395775,
memetic,best,"['transpose', 'exchange', 'insert']",5,30,0.8,11,25,0.1,0.5,N-be75eec_150,11855957,3460756,49.013443,
memetic,best,"['transpose', 'exchange', 'insert']",5,30,0.8,11,25,0.1,0.5,N-be75eec_150,11855957,3460762,49.3237,
memetic,best,"['transpose', 'exchange', 'insert']",5,30,0.8,11,25,0.1,0.5,N-be75eec_150,11855957,3460806,51.291794,
memetic,best,"['transpose', 'exchange', 'insert']",5,30,0.8,11,25,0.1,0.5,N-be75eec_150,11855957,3460859,52.582329,
memetic,best,"['transpose', 'exchange', 'insert']",5,30,0.8,11,25,0.1,0.5,N-be75eec_150,11855957,3460861,53.041573,
memetic,best,"['transpose', 'exchange', 'insert']",5,30,0.8,11,25,0.1,0.5,N-be75eec_150,11855957,3460863,53.893784,
memetic,best,"['transpose', 'exchange', 'insert']",5,30,0.8,11,25,0.1,0.5,N-be75eec_150,11855957,3460875,54.030636,
memetic,best,"['transpose', 'exchange', 'insert']",5,30,0.8,11,25,0.1,0.5,N-be75eec_150,11855957,3460923,76.878082,
memetic,best,"['transpose', 'exchange', 'insert']",5,30,0.8,11,25,0.1,0.5,N-be75eec_150,11855957,3460983,99.078568,
memetic,best,"['transpose', 'exchange', 'insert']",5,30,0.8,11,25,0.1,0.5,N-be75eec_150,11855957,3461799,99.440186,
memetic,best,"['transpose', 'exchange', 'insert']",5,30,0.8,11,25,0.1,0.5,N-be75eec_150,11855957,3462371,101.408401,
memetic,best,"['transpose', 'exchange', 'insert']",5,30,0.8,11,25,0.1,0.5,N-be75eec_150,11855957,3462452,103.023422,
memetic,best,"['transpose', 'exchange', 'insert']",5,30,0.8,11,25,0.1,0.5,N-be75eec_150,11855957,3463127,103.647362,
memetic,best,"['transpose', 'exchange', 'insert']",5,30,0.8,11,25,0.1,0.5,N-be75eec_150,11855957,3463239,104.091545,
memetic,best,"['transpose', 'exchange', 'insert']",5,30,0.8,11,25,0.1,0.5,N-be75eec_150,11855957,3463763,104.35714,
memetic,best,"['transpose', 'exchange', 'insert']",5,30,0.8,11,25,0.1,0.5,N-be75eec_150,11855957,3464241,104.852295,
memetic,best,"['transpose', 'exchange', 'insert']",5,30,0.8,11,25,0.1,0.5,N-be75eec_150,11855957,3464907,107.111916,
memetic,best,"['transpose', 'exchange', 'insert']",5,30,0.8,11,25,0.1,0.5,N-be75eec_150,11855957,3465323,107.369827,
memetic,best,"['transpose', 'exchange', 'insert']",5,30,0.8,11,25,0.1,0.5,N-be75eec_150,11855957,3465765,107.644768,
memetic,best,"['transpose', 'exchange', 'insert']",5,30,0.8,11,25,0.1,0.5,N-be75eec_150,11855957,3465784,108.71376,
memetic,best,"['transpose', 'exchange', 'insert']",5,30,0.8,11,25,0.1,0.5,N-be75eec_150,11855957,3465972,108.928215,
memetic,best,"['transpose', 'exchange', 'insert']",5,30,0.8,11,25,0.1,0.5,N-be75eec_150,11855957,3466085,109.891228,
memetic,best,"['transpose', 'exchange', 'insert']",5,30,0.8,11,25,0.1,0.5,N-be75eec_150,11855957,3466150,110.035561,
memetic,best,"['transpose', 'exchange', 'insert']",5,30,0.8,11,25,0.1,0.5,N-be75eec_150,11855957,3466165,110.191734,
memetic,best,"['transpose', 'exchange', 'insert']",5,30,0.8,11,25,0.1,0.5,N-be75eec_150,11855957,3466188,110.293114,
memetic,best,"['transpose', 'exchange', 'insert']",5,30,0.8,11,25,0.1,0.5,N-be75eec_150,11855957,3466218,110.466591,
memetic,best,"['transpose', 'exchange', 'insert']",5,30,0.8,11,25,0.1,0.5,N-be75eec_150,11855957,3466289,110.60907,
memetic,best,"['transpose', 'exchange', 'insert']",5,30,0.8,11,25,0.1,0.5,N-be75eec_150,11855957,3466516,110.744606,
memetic,best,"['transpose', 'exchange', 'insert']",5,30,0.8,11,25,0.1,0.5,N-be75eec_150,11855957,3466521,111.162888,
memetic,best,"['transpose', 'exchange', 'insert']",5,30,0.8,11,25,0.1,0.5,N-be75eec_150,11855957,3466541,111.573776,
memetic,best,"['transpose', 'exchange', 'insert']",5,30,0.8,11,25,0.1,0.5,N-be75eec_150,11855957,3466549,111.705856,
memetic,best,"['transpose', 'exchange', 'insert']",5,30,0.8,11,25,0.1,0.5,N-be75eec_150,11855957,3466566,111.993561,
memetic,best,"['transpose', 'exchange', 'insert']",5,30,0.8,11,25,0.1,0.5,N-be75eec_150,11855957,3466578,112.587379,
memetic,best,"['transpose', 'exchange', 'insert']",5,30,0.8,11,25,0.1,0.5,N-be75eec_150,11855957,3466605,113.540703,
memetic,best,"['transpose', 'exchange', 'insert']",5,30,0.8,11,25,0.1,0.5,N-be75eec_150,11855957,3466618,115.258858,
memetic,best,"['transpose', 'exchange', 'insert']",5,30,0.8,11,25,0.1,0.5,N-be75eec_150,11855957,3466628,118.976585,
memetic,best,"['transpose', 'exchange', 'insert']",5,30,0.8,11,25,0.1,0.5,N-be75eec_150,11855957,3466630,119.481644,
memetic,best,"['transpose', 'exchange', 'insert']",5,30,0.8,11,25,0.1,0.5,N-be75eec_150,11855957,3466712,124.069389,
memetic,best,"['transpose', 'exchange', 'insert']",5,30,0.8,11,25,0.1,0.5,N-be75eec_150,11855957,3466715,167.27095,
memetic,best,"['transpose', 'exchange', 'insert']",5,30,0.8,11,25,0.1,0.5,N-be75eec_150,11855957,3466715,249.501144,
memetic,best,"['transpose', 'exchange', 'insert']",5,30,0.8,11,25,0.1,0.5,N-be75eec_150,9647229,3415872,0.705141,
memetic,best,"['transpose', 'exchange', 'insert']",5,30,0.8,11,25,0.1,0.5,N-be75eec_150,9647229,3423133,2.141141,
memetic,best,"['transpose', 'exchange', 'insert']",5,30,0.8,11,25,0.1,0.5,N-be75eec_150,9647229,3426082,3.379335,
memetic,best,"['transpose', 'exchange', 'insert']",5,30,0.8,11,25,0.1,0.5,N-be75eec_150,9647229,3426289,3.974798,
memetic,best,"['transpose', 'exchange', 'insert']",5,30,0.8,11,25,0.1,0.5,N-be75eec_150,9647229,3427977,5.221122,
memetic,best,"['transpose', 'exchange', 'insert']",5,30,0.8,11,25,0.1,0.5,N-be75eec_150,9647229,3428661,5.703196,
memetic,best,"['transpose', 'exchange', 'insert']",5,30,0.8,11,25,0.1,0.5,N-be75eec_150,9647229,3433434,6.888745,
memetic,best,"['transpose', 'exchange', 'insert']",5,30,0.8,11,25,0.1,0.5,N-be75eec_150,9647229,3434886,7.484227,
memetic,best,"['transpose', 'exchange', 'insert']",5,30,0.8,11,25,0.1,0.5,N-be75eec_150,9647229,3435117,8.47674,
memetic,best,"['transpose', 'exchange', 'insert']",5,30,0.8,11,25,0.1,0.5,N-be75eec_150,9647229,3439025,9.02406,
memetic,best,"['transpose', 'exchange', 'insert']",5,30,0.8,11,25,0.1,0.5,N-be75eec_150,9647229,3439548,10.375441,
memetic,best,"['transpose', 'exchange', 'insert']",5,30,0.8,11,25,0.1,0.5,N-be75eec_150,9647229,3441883,10.90994,
memetic,best,"['transpose', 'exchange', 'insert']",5,30,0.8,11,25,0.1,0.5,N-be75eec_150,9647229,3443528,12.51797,
memetic,best,"['transpose', 'exchange', 'insert']",5,30,0.8,11,25,0.1,0.5,N-be75eec_150,9647229,3443664,13.854982,
memetic,best,"['transpose', 'exchange', 'insert']",5,30,0.8,11,25,0.1,0.5,N-be75eec_150,9647229,3446244,14.337328,
memetic,best,"['transpose', 'exchange', 'insert']",5,30,0.8,11,25,0.1,0.5,N-be75eec_150,9647229,3446904,17.194359,
memetic,best,"['transpose', 'exchange', 'insert']",5,30,0.8,11,25,0.1,0.5,N-be75eec_150,9647229,3449463,17.98695,
memetic,best,"['transpose', 'exchange', 'insert']",5,30,0.8,11,25,0.1,0.5,N-be75eec_150,9647229,3450441,19.023973,
memetic,best,"['transpose', 'exchange', 'insert']",5,30,0.8,11,25,0.1,0.5,N-be75eec_150,9647229,3450548,19.341459,
memetic,best,"['transpose', 'exchange', 'insert']",5,30,0.8,11,25,0.1,0.5,N-be75eec_150,9647229,3451244,20.317043,
memetic,best,"['transpose', 'exchange', 'insert']",5,30,0.8,11,25,0.1,0.5,N-be75eec_150,9647229,3451416,20.661844,
memetic,best,"['transpose', 'exchange', 'insert']",5,30,0.8,11,25,0.1,0.5,N-be75eec_150,9647229,3451643,21.646349,
memetic,best,"['transpose', 'exchange', 'insert']",5,30,0.8,11,25,0.1,0.5,N-be75eec_150,9647229,3453694,22.578966,
memetic,best,"['transpose', 'exchange', 'insert']",5,30,0.8,11,25,0.1,0.5,N-be75eec_150,9647229,3454172,23.916433,
memetic,best,"['transpose', 'exchange', 'insert']",5,30,0.8,11,25,0.1,0.5,N-be75eec_150,9647229,3454228,24.577574,
memetic,best,"['transpose', 'exchange', 'insert']",5,30,0.8,11,25,0.1,0.5,N-be75eec_150,9647229,3454528,24.911312,
memetic,best,"['transpose', 'exchange', 'insert']",5,30,0.8,11,25,0.1,0.5,N-be75eec_150,9647229,3454718,25.580603,
memetic,best,"['transpose', 'exchange', 'insert']",5,30,0.8,11,25,0.1,0.5,N-be75eec_150,9647229,3455608,25.835985,
memetic,best,"['transpose', 'exchange', 'insert']",5,30,0.8,11,25,0.1,0.5,N-be75eec_150,9647229,3455829,28.032143,
memetic,best,"['transpose', 'exchange', 'insert']",5,30,0.8,11,25,0.1,0.5,N-be75eec_150,9647229,3456117,29.489704,
memetic,best,"['transpose', 'exchange', 'insert']",5,30,0.8,11,25,0.1,0.5,N-be75eec_150,9647229,3456190,30.523014,
memetic,best,"['transpose', 'exchange', 'insert']",5,30,0.8,11,25,0.1,0.5,N-be75eec_150,9647229,3456197,30.727617,
memetic,best,"['transpose', 'exchange', 'insert']",5,30,0.8,11,25,0.1,0.5,N-be75eec_150,9647229,3457125,31.152811,
memetic,best,"['transpose', 'exchange', 'insert']",5,30,0.8,11,25,0.1,0.5,N-be75eec_150,9647229,3458880,32.176079,
memetic,best,"['transpose', 'exchange', 'insert']",5,30,0.8,11,25,0.1,0.5,N-be75eec_150,9647229,3459249,34.103893,
memetic,best,"['transpose', 'exchange', 'insert']",5,30,0.8,11,25,0.1,0.5,N-be75eec_150,9647229,3459299,34.945671,
memetic,best,"['transpose', 'exchange', 'insert']",5,30,0.8,11,25,0.1,0.5,N-be75eec_150,9647229,3459423,35.16135,
memetic,best,"['transpose', 'exchange', 'insert']",5,30,0.8,11,25,0.1,0.5,N-be75eec_150,9647229,3459555,35.946526,
memetic,best,"['transpose', 'exchange', 'insert']",5,30,0.8,11,25,0.1,0.5,N-be75eec_150,9647229,3459600,36.219368,
memetic,best,"['transpose', 'exchange', 'insert']",5,30,0.8,11,25,0.1,0.5,N-be75eec_150,9647229,3459631,36.380589,
memetic,best,"['transpose', 'exchange', 'insert']",5,30,0.8,11,25,0.1,0.5,N-be75eec_150,9647229,3459643,36.758831,
memetic,best,"['transpose', 'exchange', 'insert']",5,30,0.8,11,25,0.1,0.5,N-be75eec_150,9647229,3459661,37.00893,
memetic,best,"['transpose', 'exchange', 'insert']",5,30,0.8,11,25,0.1,0.5,N-be75eec_150,9647229,3459714,37.596489,
memetic,best,"['transpose', 'exchange', 'insert']",5,30,0.8,11,25,0.1,0.5,N-be75eec_150,9647229,3459719,38.631332,
memetic,best,"['transpose', 'exchange', 'insert']",5,30,0.8,11,25,0.1,0.5,N-be75eec_150,9647229,3459722,39.093933,
memetic,best,"['transpose', 'exchange', 'insert']",5,30,0.8,11,25,0.1,0.5,N-be75eec_150,9647229,3459734,39.336098,
memetic,best,"['transpose', 'exchange', 'insert']",5,30,0.8,11,25,0.1,0.5,N-be75eec_150,9647229,3459785,39.839951,
memetic,best,"['transpose', 'exchange', 'insert']",5,30,0.8,11,25,0.1,0.5,N-be75eec_150,9647229,3459801,44.18763,
memetic,best,"['transpose', 'exchange', 'insert']",5,30,0.8,11,25,0.1,0.5,N-be75eec_150,9647229,3459886,44.613499,
memetic,best,"['transpose', 'exchange', 'insert']",5,30,0.8,11,25,0.1,0.5,N-be75eec_150,9647229,3459888,44.761269,
memetic,best,"['transpose', 'exchange', 'insert']",5,30,0.8,11,25,0.1,0.5,N-be75eec_150,9647229,3459907,44.923756,
memetic,best,"['transpose', 'exchange', 'insert']",5,30,0.8,11,25,0.1,0.5,N-be75eec_150,9647229,3459941,45.176823,
memetic,best,"['transpose', 'exchange', 'insert']",5,30,0.8,11,25,0.1,0.5,N-be75eec_150,9647229,3459960,45.710506,
memetic,best,"['transpose', 'exchange', 'insert']",5,30,0.8,11,25,0.1,0.5,N-be75eec_150,9647229,3460020,46.721287,
memetic,best,"['transpose', 'exchange', 'insert']",5,30,0.8,11,25,0.1,0.5,N-be75eec_150,9647229,3460068,47.74527,
memetic,best,"['transpose', 'exchange', 'insert']",5,30,0.8,11,25,0.1,0.5,N-be75eec_150,9647229,3460140,47.892796,
memetic,best,"['transpose', 'exchange', 'insert']",5,30,0.8,11,25,0.1,0.5,N-be75eec_150,9647229,3460696,48.682758,
memetic,best,"['transpose', 'exchange', 'insert']",5,30,0.8,11,25,0.1,0.5,N-be75eec_150,9647229,3460756,49.364082,
memetic,best,"['transpose', 'exchange', 'insert']",5,30,0.8,11,25,0.1,0.5,N-be75eec_150,9647229,3460762,49.6628,
memetic,best,"['transpose', 'exchange', 'insert']",5,30,0.8,11,25,0.1,0.5,N-be75eec_150,9647229,3460806,51.7005,
memetic,best,"['transpose', 'exchange', 'insert']",5,30,0.8,11,25,0.1,0.5,N-be75eec_150,9647229,3460859,53.026775,
memetic,best,"['transpose', 'exchange', 'insert']",5,30,0.8,11,25,0.1,0.5,N-be75eec_150,9647229,3460861,53.475536,
memetic,best,"['transpose', 'exchange', 'insert']",5,30,0.8,11,25,0.1,0.5,N-be75eec_150,9647229,3460863,54.320995,
memetic,best,"['transpose', 'exchange', 'insert']",5,30,0.8,11,25,0.1,0.5,N-be75eec_150,9647229,3460875,54.480999,
memetic,best,"['transpose', 'exchange', 'insert']",5,30,0.8,11,25,0.1,0.5,N-be75eec_150,9647229,3460923,77.643547,
memetic,best,"['transpose', 'exchange', 'insert']",5,30,0.8,11,25,0.1,0.5,N-be75eec_150,9647229,3460983,100.188622,
memetic,best,"['transpose', 'exchange', 'insert']",5,30,0.8,11,25,0.1,0.5,N-be75eec_150,9647229,3461799,100.549202,
memetic,best,"['transpose', 'exchange', 'insert']",5,30,0.8,11,25,0.1,0.5,N-be75eec_150,9647229,3462371,102.523972,
memetic,best,"['transpose', 'exchange', 'insert']",5,30,0.8,11,25,0.1,0.5,N-be75eec_150,9647229,3462452,104.189804,
memetic,best,"['transpose', 'exchange', 'insert']",5,30,0.8,11,25,0.1,0.5,N-be75eec_150,9647229,3463127,104.813065,
memetic,best,"['transpose', 'exchange', 'insert']",5,30,0.8,11,25,0.1,0.5,N-be75eec_150,9647229,3463239,105.272858,
memetic,best,"['transpose', 'exchange', 'insert']",5,30,0.8,11,25,0.1,0.5,N-be75eec_150,9647229,3463763,105.534363,
memetic,best,"['transpose', 'exchange', 'insert']",5,30,0.8,11,25,0.1,0.5,N-be75eec_150,9647229,3464241,106.039276,
memetic,best,"['transpose', 'exchange', 'insert']",5,30,0.8,11,25,0.1,0.5,N-be75eec_150,9647229,3464907,108.330734,
memetic,best,"['transpose', 'exchange', 'insert']",5,30,0.8,11,25,0.1,0.5,N-be75eec_150,9647229,3465323,108.592064,
memetic,best,"['transpose', 'exchange', 'insert']",5,30,0.8,11,25,0.1,0.5,N-be75eec_150,9647229,3465765,108.871231,
memetic,best,"['transpose', 'exchange', 'insert']",5,30,0.8,11,25,0.1,0.5,N-be75eec_150,9647229,3465784,109.976807,
memetic,best,"['transpose', 'exchange', 'insert']",5,30,0.8,11,25,0.1,0.5,N-be75eec_150,9647229,3465972,110.18261,
memetic,best,"['transpose', 'exchange', 'insert']",5,30,0.8,11,25,0.1,0.5,N-be75eec_150,9647229,3466085,111.176285,
memetic,best,"['transpose', 'exchange', 'insert']",5,30,0.8,11,25,0.1,0.5,N-be75eec_150,9647229,3466150,111.334694,
memetic,best,"['transpose', 'exchange', 'insert']",5,30,0.8,11,25,0.1,0.5,N-be75eec_150,9647229,3466165,111.48645,
memetic,best,"['transpose', 'exchange', 'insert']",5,30,0.8,11,25,0.1,0.5,N-be75eec_150,9647229,3466188,111.579277,
memetic,best,"['transpose', 'exchange', 'insert']",5,30,0.8,11,25,0.1,0.5,N-be75eec_150,9647229,3466218,111.748856,
memetic,best,"['transpose', 'exchange', 'insert']",5,30,0.8,11,25,0.1,0.5,N-be75eec_150,9647229,3466289,111.893738,
memetic,best,"['transpose', 'exchange', 'insert']",5,30,0.8,11,25,0.1,0.5,N-be75eec_150,9647229,3466516,112.043457,
memetic,best,"['transpose', 'exchange', 'insert']",5,30,0.8,11,25,0.1,0.5,N-be75eec_150,9647229,3466521,112.501389,
memetic,best,"['transpose', 'exchange', 'insert']",5,30,0.8,11,25,0.1,0.5,N-be75eec_150,9647229,3466541,112.91256,
memetic,best,"['transpose', 'exchange', 'insert']",5,30,0.8,11,25,0.1,0.5,N-be75eec_150,9647229,3466549,113.029526,
memetic,best,"['transpose', 'exchange', 'insert']",5,30,0.8,11,25,0.1,0.5,N-be75eec_150,9647229,3466566,113.295174,
memetic,best,"['transpose', 'exchange', 'insert']",5,30,0.8,11,25,0.1,0.5,N-be75eec_150,9647229,3466578,113.907501,
memetic,best,"['transpose', 'exchange', 'insert']",5,30,0.8,11,25,0.1,0.5,N-be75eec_150,9647229,3466605,114.891335,
memetic,best,"['transpose', 'exchange', 'insert']",5,30,0.8,11,25,0.1,0.5,N-be75eec_150,9647229,3466618,116.656235,
memetic,best,"['transpose', 'exchange', 'insert']",5,30,0.8,11,25,0.1,0.5,N-be75eec_150,9647229,3466628,120.387566,
memetic,best,"['transpose', 'exchange', 'insert']",5,30,0.8,11,25,0.1,0.5,N-be75eec_150,9647229,3466630,120.921471,
memetic,best,"['transpose', 'exchange', 'insert']",5,30,0.8,11,25,0.1,0.5,N-be75eec_150,9647229,3466712,125.54496,
memetic,best,"['transpose', 'exchange', 'insert']",5,30,0.8,11,25,0.1,0.5,N-be75eec_150,9647229,3466715,169.369125,
memetic,best,"['transpose', 'exchange', 'insert']",5,30,0.8,11,25,0.1,0.5,N-be75eec_150,9647229,3466715,252.585342,
memetic,best,"['transpose', 'exchange', 'insert']",5,30,0.8,11,25,0.1,0.5,N-be75eec_150,5825147,3415872,0.719873,
memetic,best,"['transpose', 'exchange', 'insert']",5,30,0.8,11,25,0.1,0.5,N-be75eec_150,5825147,3423133,2.098988,
memetic,best,"['transpose', 'exchange', 'insert']",5,30,0.8,11,25,0.1,0.5,N-be75eec_150,5825147,3426082,3.363329,
memetic,best,"['transpose', 'exchange', 'insert']",5,30,0.8,11,25,0.1,0.5,N-be75eec_150,5825147,3426289,3.953448,
memetic,best,"['transpose', 'exchange', 'insert']",5,30,0.8,11,25,0.1,0.5,N-be75eec_150,5825147,3427977,5.197086,
memetic,best,"['transpose', 'exchange', 'insert']",5,30,0.8,11,25,0.1,0.5,N-be75eec_150,5825147,3428661,5.692265,
memetic,best,"['transpose', 'exchange', 'insert']",5,30,0.8,11,25,0.1,0.5,N-be75eec_150,5825147,3433434,6.81744,
memetic,best,"['transpose', 'exchange', 'insert']",5,30,0.8,11,25,0.1,0.5,N-be75eec_150,5825147,3434886,7.394103,
memetic,best,"['transpose', 'exchange', 'insert']",5,30,0.8,11,25,0.1,0.5,N-be75eec_150,5825147,3435117,8.397914,
memetic,best,"['transpose', 'exchange', 'insert']",5,30,0.8,11,25,0.1,0.5,N-be75eec_150,5825147,3439025,8.956751,
memetic,best,"['transpose', 'exchange', 'insert']",5,30,0.8,11,25,0.1,0.5,N-be75eec_150,5825147,3439548,10.315195,
memetic,best,"['transpose', 'exchange', 'insert']",5,30,0.8,11,25,0.1,0.5,N-be75eec_150,5825147,3441883,10.845246,
memetic,best,"['transpose', 'exchange', 'insert']",5,30,0.8,11,25,0.1,0.5,N-be75eec_150,5825147,3443528,12.483294,
memetic,best,"['transpose', 'exchange', 'insert']",5,30,0.8,11,25,0.1,0.5,N-be75eec_150,5825147,3443664,13.810347,
memetic,best,"['transpose', 'exchange', 'insert']",5,30,0.8,11,25,0.1,0.5,N-be75eec_150,5825147,3446244,14.29652,
memetic,best,"['transpose', 'exchange', 'insert']",5,30,0.8,11,25,0.1,0.5,N-be75eec_150,5825147,3446904,17.181484,
memetic,best,"['transpose', 'exchange', 'insert']",5,30,0.8,11,25,0.1,0.5,N-be75eec_150,5825147,3449463,17.953623,
memetic,best,"['transpose', 'exchange', 'insert']",5,30,0.8,11,25,0.1,0.5,N-be75eec_150,5825147,3450441,18.981031,
memetic,best,"['transpose', 'exchange', 'insert']",5,30,0.8,11,25,0.1,0.5,N-be75eec_150,5825147,3450548,19.311325,
memetic,best,"['transpose', 'exchange', 'insert']",5,30,0.8,11,25,0.1,0.5,N-be75eec_150,5825147,3451244,20.281078,
memetic,best,"['transpose', 'exchange', 'insert']",5,30,0.8,11,25,0.1,0.5,N-be75eec_150,5825147,3451416,20.621456,
memetic,best,"['transpose', 'exchange', 'insert']",5,30,0.8,11,25,0.1,0.5,N-be75eec_150,5825147,3451643,21.601645,
memetic,best,"['transpose', 'exchange', 'insert']",5,30,0.8,11,25,0.1,0.5,N-be75eec_150,5825147,3453694,22.550869,
memetic,best,"['transpose', 'exchange', 'insert']",5,30,0.8,11,25,0.1,0.5,N-be75eec_150,5825147,3454172,23.853033,
memetic,best,"['transpose', 'exchange', 'insert']",5,30,0.8,11,25,0.1,0.5,N-be75eec_150,5825147,3454228,24.531584,
memetic,best,"['transpose', 'exchange', 'insert']",5,30,0.8,11,25,0.1,0.5,N-be75eec_150,5825147,3454528,24.862019,
memetic,best,"['transpose', 'exchange', 'insert']",5,30,0.8,11,25,0.1,0.5,N-be75eec_150,5825147,3454718,25.552555,
memetic,best,"['transpose', 'exchange', 'insert']",5,30,0.8,11,25,0.1,0.5,N-be75eec_150,5825147,3455608,25.819695,
memetic,best,"['transpose', 'exchange', 'insert']",5,30,0.8,11,25,0.1,0.5,N-be75eec_150,5825147,3455829,27.991373,
memetic,best,"['transpose', 'exchange', 'insert']",5,30,0.8,11,25,0.1,0.5,N-be75eec_150,5825147,3456117,29.431387,
memetic,best,"['transpose', 'exchange', 'insert']",5,30,0.8,11,25,0.1,0.5,N-be75eec_150,5825147,3456190,30.491085,
memetic,best,"['transpose', 'exchange', 'insert']",5,30,0.8,11,25,0.1,0.5,N-be75eec_150,5825147,3456197,30.708233,
memetic,best,"['transpose', 'exchange', 'insert']",5,30,0.8,11,25,0.1,0.5,N-be75eec_150,5825147,3457125,31.128408,
memetic,best,"['transpose', 'exchange', 'insert']",5,30,0.8,11,25,0.1,0.5,N-be75eec_150,5825147,3458880,32.168201,
memetic,best,"['transpose', 'exchange', 'insert']",5,30,0.8,11,25,0.1,0.5,N-be75eec_150,5825147,3459249,34.054005,
memetic,best,"['transpose', 'exchange', 'insert']",5,30,0.8,11,25,0.1,0.5,N-be75eec_150,5825147,3459299,34.905979,
memetic,best,"['transpose', 'exchange', 'insert']",5,30,0.8,11,25,0.1,0.5,N-be75eec_150,5825147,3459423,35.126446,
memetic,best,"['transpose', 'exchange', 'insert']",5,30,0.8,11,25,0.1,0.5,N-be75eec_150,5825147,3459555,35.907322,
memetic,best,"['transpose', 'exchange', 'insert']",5,30,0.8,11,25,0.1,0.5,N-be75eec_150,5825147,3459600,36.178257,
memetic,best,"['transpose', 'exchange', 'insert']",5,30,0.8,11,25,0.1,0.5,N-be75eec_150,5825147,3459631,36.331501,
memetic,best,"['transpose', 'exchange', 'insert']",5,30,0.8,11,25,0.1,0.5,N-be75eec_150,5825147,3459643,36.696266,
memetic,best,"['transpose', 'exchange', 'insert']",5,30,0.8,11,25,0.1,0.5,N-be75eec_150,5825147,3459661,36.932957,
memetic,best,"['transpose', 'exchange', 'insert']",5,30,0.8,11,25,0.1,0.5,N-be75eec_150,5825147,3459714,37.539715,
memetic,best,"['transpose', 'exchange', 'insert']",5,30,0.8,11,25,0.1,0.5,N-be75eec_150,5825147,3459719,38.581783,
memetic,best,"['transpose', 'exchange', 'insert']",5,30,0.8,11,25,0.1,0.5,N-be75eec_150,5825147,3459722,39.051636,
memetic,best,"['transpose', 'exchange', 'insert']",5,30,0.8,11,25,0.1,0.5,N-be75eec_150,5825147,3459734,39.31036,
memetic,best,"['transpose', 'exchange', 'insert']",5,30,0.8,11,25,0.1,0.5,N-be75eec_150,5825147,3459785,39.804974,
memetic,best,"['transpose', 'exchange', 'insert']",5,30,0.8,11,25,0.1,0.5,N-be75eec_150,5825147,3459801,44.200108,
memetic,best,"['transpose', 'exchange', 'insert']",5,30,0.8,11,25,0.1,0.5,N-be75eec_150,5825147,3459886,44.630135,
memetic,best,"['transpose', 'exchange', 'insert']",5,30,0.8,11,25,0.1,0.5,N-be75eec_150,5825147,3459888,44.765038,
memetic,best,"['transpose', 'exchange', 'insert']",5,30,0.8,11,25,0.1,0.5,N-be75eec_150,5825147,3459907,44.931892,
memetic,best,"['transpose', 'exchange', 'insert']",5,30,0.8,11,25,0.1,0.5,N-be75eec_150,5825147,3459941,45.196499,
memetic,best,"['transpose', 'exchange', 'insert']",5,30,0.8,11,25,0.1,0.5,N-be75eec_150,5825147,3459960,45.721062,
memetic,best,"['transpose', 'exchange', 'insert']",5,30,0.8,11,25,0.1,0.5,N-be75eec_150,5825147,3460020,46.773281,
memetic,best,"['transpose', 'exchange', 'insert']",5,30,0.8,11,25,0.1,0.5,N-be75eec_150,5825147,3460068,47.806667,
memetic,best,"['transpose', 'exchange', 'insert']",5,30,0.8,11,25,0.1,0.5,N-be75eec_150,5825147,3460140,47.948795,
memetic,best,"['transpose', 'exchange', 'insert']",5,30,0.8,11,25,0.1,0.5,N-be75eec_150,5825147,3460696,48.710213,
memetic,best,"['transpose', 'exchange', 'insert']",5,30,0.8,11,25,0.1,0.5,N-be75eec_150,5825147,3460756,49.389927,
memetic,best,"['transpose', 'exchange', 'insert']",5,30,0.8,11,25,0.1,0.5,N-be75eec_150,5825147,3460762,49.69545,
memetic,best,"['transpose', 'exchange', 'insert']",5,30,0.8,11,25,0.1,0.5,N-be75eec_150,5825147,3460806,51.640121,
memetic,best,"['transpose', 'exchange', 'insert']",5,30,0.8,11,25,0.1,0.5,N-be75eec_150,5825147,3460859,52.95285,
memetic,best,"['transpose', 'exchange', 'insert']",5,30,0.8,11,25,0.1,0.5,N-be75eec_150,5825147,3460861,53.429665,
memetic,best,"['transpose', 'exchange', 'insert']",5,30,0.8,11,25,0.1,0.5,N-be75eec_150,5825147,3460863,54.280109,
memetic,best,"['transpose', 'exchange', 'insert']",5,30,0.8,11,25,0.1,0.5,N-be75eec_150,5825147,3460875,54.434269,
memetic,best,"['transpose', 'exchange', 'insert']",5,30,0.8,11,25,0.1,0.5,N-be75eec_150,5825147,3460923,77.529884,
memetic,best,"['transpose', 'exchange', 'insert']",5,30,0.8,11,25,0.1,0.5,N-be75eec_150,5825147,3460983,99.996292,
memetic,best,"['transpose', 'exchange', 'insert']",5,30,0.8,11,25,0.1,0.5,N-be75eec_150,5825147,3461799,100.355438,
memetic,best,"['transpose', 'exchange', 'insert']",5,30,0.8,11,25,0.1,0.5,N-be75eec_150,5825147,3462371,102.315201,
memetic,best,"['transpose', 'exchange', 'insert']",5,30,0.8,11,25,0.1,0.5,N-be75eec_150,5825147,3462452,103.964584,
memetic,best,"['transpose', 'exchange', 'insert']",5,30,0.8,11,25,0.1,0.5,N-be75eec_150,5825147,3463127,104.595573,
memetic,best,"['transpose', 'exchange', 'insert']",5,30,0.8,11,25,0.1,0.5,N-be75eec_150,5825147,3463239,105.056664,
memetic,best,"['transpose', 'exchange', 'insert']",5,30,0.8,11,25,0.1,0.5,N-be75eec_150,5825147,3463763,105.322388,
memetic,best,"['transpose', 'exchange', 'insert']",5,30,0.8,11,25,0.1,0.5,N-be75eec_150,5825147,3464241,105.807915,
memetic,best,"['transpose', 'exchange', 'insert']",5,30,0.8,11,25,0.1,0.5,N-be75eec_150,5825147,3464907,108.103271,
memetic,best,"['transpose', 'exchange', 'insert']",5,30,0.8,11,25,0.1,0.5,N-be75eec_150,5825147,3465323,108.36132,
memetic,best,"['transpose', 'exchange', 'insert']",5,30,0.8,11,25,0.1,0.5,N-be75eec_150,5825147,3465765,108.637306,
memetic,best,"['transpose', 'exchange', 'insert']",5,30,0.8,11,25,0.1,0.5,N-be75eec_150,5825147,3465784,109.687836,
memetic,best,"['transpose', 'exchange', 'insert']",5,30,0.8,11,25,0.1,0.5,N-be75eec_150,5825147,3465972,109.917664,
memetic,best,"['transpose', 'exchange', 'insert']",5,30,0.8,11,25,0.1,0.5,N-be75eec_150,5825147,3466085,110.870552,
memetic,best,"['transpose', 'exchange', 'insert']",5,30,0.8,11,25,0.1,0.5,N-be75eec_150,5825147,3466150,111.01757,
memetic,best,"['transpose', 'exchange', 'insert']",5,30,0.8,11,25,0.1,0.5,N-be75eec_150,5825147,3466165,111.18692,
memetic,best,"['transpose', 'exchange', 'insert']",5,30,0.8,11,25,0.1,0.5,N-be75eec_150,5825147,3466188,111.305901,
memetic,best,"['transpose', 'exchange', 'insert']",5,30,0.8,11,25,0.1,0.5,N-be75eec_150,5825147,3466218,111.481659,
memetic,best,"['transpose', 'exchange', 'insert']",5,30,0.8,11,25,0.1,0.5,N-be75eec_150,5825147,3466289,111.624191,
memetic,best,"['transpose', 'exchange', 'insert']",5,30,0.8,11,25,0.1,0.5,N-be75eec_150,5825147,3466516,111.775955,
memetic,best,"['transpose', 'exchange', 'insert']",5,30,0.8,11,25,0.1,0.5,N-be75eec_150,5825147,3466521,112.199509,
memetic,best,"['transpose', 'exchange', 'insert']",5,30,0.8,11,25,0.1,0.5,N-be75eec_150,5825147,3466541,112.636635,
memetic,best,"['transpose', 'exchange', 'insert']",5,30,0.8,11,25,0.1,0.5,N-be75eec_150,5825147,3466549,112.741791,
memetic,best,"['transpose', 'exchange', 'insert']",5,30,0.8,11,25,0.1,0.5,N-be75eec_150,5825147,3466566,112.997719,
memetic,best,"['transpose', 'exchange', 'insert']",5,30,0.8,11,25,0.1,0.5,N-be75eec_150,5825147,3466578,113.619461,
memetic,best,"['transpose', 'exchange', 'insert']",5,30,0.8,11,25,0.1,0.5,N-be75eec_150,5825147,3466605,114.591713,
memetic,best,"['transpose', 'exchange', 'insert']",5,30,0.8,11,25,0.1,0.5,N-be75eec_150,5825147,3466618,116.348145,
memetic,best,"['transpose', 'exchange', 'insert']",5,30,0.8,11,25,0.1,0.5,N-be75eec_150,5825147,3466628,120.034866,
memetic,best,"['transpose', 'exchange', 'insert']",5,30,0.8,11,25,0.1,0.5,N-be75eec_150,5825147,3466630,120.526512,
memetic,best,"['transpose', 'exchange', 'insert']",5,30,0.8,11,25,0.1,0.5,N-be75eec_150,5825147,3466712,125.042633,
memetic,best,"['transpose', 'exchange', 'insert']",5,30,0.8,11,25,0.1,0.5,N-be75eec_150,5825147,3466715,168.498703,
memetic,best,"['transpose', 'exchange', 'insert']",5,30,0.8,11,25,0.1,0.5,N-be75eec_150,5825147,3466715,251.016418,
memetic,best,"['transpose', 'exchange', 'insert']",5,30,0.8,11,25,0.1,0.5,N-be75eec_150,6174178,3415872,0.674,
memetic,best,"['transpose', 'exchange', 'insert']",5,30,0.8,11,25,0.1,0.5,N-be75eec_150,6174178,3423133,2.078027,
memetic,best,"['transpose', 'exchange', 'insert']",5,30,0.8,11,25,0.1,0.5,N-be75eec_150,6174178,3426082,3.30536,
memetic,best,"['transpose', 'exchange', 'insert']",5,30,0.8,11,25,0.1,0.5,N-be75eec_150,6174178,3426289,3.923451,
memetic,best,"['transpose', 'exchange', 'insert']",5,30,0.8,11,25,0.1,0.5,N-be75eec_150,6174178,3427977,5.170667,
memetic,best,"['transpose', 'exchange', 'insert']",5,30,0.8,11,25,0.1,0.5,N-be75eec_150,6174178,3428661,5.667441,
memetic,best,"['transpose', 'exchange', 'insert']",5,30,0.8,11,25,0.1,0.5,N-be75eec_150,6174178,3433434,6.797824,
memetic,best,"['transpose', 'exchange', 'insert']",5,30,0.8,11,25,0.1,0.5,N-be75eec_150,6174178,3434886,7.387382,
memetic,best,"['transpose', 'exchange', 'insert']",5,30,0.8,11,25,0.1,0.5,N-be75eec_150,6174178,3435117,8.375877,
memetic,best,"['transpose', 'exchange', 'insert']",5,30,0.8,11,25,0.1,0.5,N-be75eec_150,6174178,3439025,8.936305,
memetic,best,"['transpose', 'exchange', 'insert']",5,30,0.8,11,25,0.1,0.5,N-be75eec_150,6174178,3439548,10.270121,
memetic,best,"['transpose', 'exchange', 'insert']",5,30,0.8,11,25,0.1,0.5,N-be75eec_150,6174178,3441883,10.786884,
memetic,best,"['transpose', 'exchange', 'insert']",5,30,0.8,11,25,0.1,0.5,N-be75eec_150,6174178,3443528,12.448815,
memetic,best,"['transpose', 'exchange', 'insert']",5,30,0.8,11,25,0.1,0.5,N-be75eec_150,6174178,3443664,13.78544,
memetic,best,"['transpose', 'exchange', 'insert']",5,30,0.8,11,25,0.1,0.5,N-be75eec_150,6174178,3446244,14.261656,
memetic,best,"['transpose', 'exchange', 'insert']",5,30,0.8,11,25,0.1,0.5,N-be75eec_150,6174178,3446904,17.106836,
memetic,best,"['transpose', 'exchange', 'insert']",5,30,0.8,11,25,0.1,0.5,N-be75eec_150,6174178,3449463,17.866604,
memetic,best,"['transpose', 'exchange', 'insert']",5,30,0.8,11,25,0.1,0.5,N-be75eec_150,6174178,3450441,18.897512,
memetic,best,"['transpose', 'exchange', 'insert']",5,30,0.8,11,25,0.1,0.5,N-be75eec_150,6174178,3450548,19.22332,
memetic,best,"['transpose', 'exchange', 'insert']",5,30,0.8,11,25,0.1,0.5,N-be75eec_150,6174178,3451244,20.202076,
memetic,best,"['transpose', 'exchange', 'insert']",5,30,0.8,11,25,0.1,0.5,N-be75eec_150,6174178,3451416,20.526106,
memetic,best,"['transpose', 'exchange', 'insert']",5,30,0.8,11,25,0.1,0.5,N-be75eec_150,6174178,3451643,21.482897,
memetic,best,"['transpose', 'exchange', 'insert']",5,30,0.8,11,25,0.1,0.5,N-be75eec_150,6174178,3453694,22.415514,
memetic,best,"['transpose', 'exchange', 'insert']",5,30,0.8,11,25,0.1,0.5,N-be75eec_150,6174178,3454172,23.705669,
memetic,best,"['transpose', 'exchange', 'insert']",5,30,0.8,11,25,0.1,0.5,N-be75eec_150,6174178,3454228,24.374187,
memetic,best,"['transpose', 'exchange', 'insert']",5,30,0.8,11,25,0.1,0.5,N-be75eec_150,6174178,3454528,24.704233,
memetic,best,"['transpose', 'exchange', 'insert']",5,30,0.8,11,25,0.1,0.5,N-be75eec_150,6174178,3454718,25.378254,
memetic,best,"['transpose', 'exchange', 'insert']",5,30,0.8,11,25,0.1,0.5,N-be75eec_150,6174178,3455608,25.637712,
memetic,best,"['transpose', 'exchange', 'insert']",5,30,0.8,11,25,0.1,0.5,N-be75eec_150,6174178,3455829,27.791262,
memetic,best,"['transpose', 'exchange', 'insert']",5,30,0.8,11,25,0.1,0.5,N-be75eec_150,6174178,3456117,29.220921,
memetic,best,"['transpose', 'exchange', 'insert']",5,30,0.8,11,25,0.1,0.5,N-be75eec_150,6174178,3456190,30.244135,
memetic,best,"['transpose', 'exchange', 'insert']",5,30,0.8,11,25,0.1,0.5,N-be75eec_150,6174178,3456197,30.432306,
memetic,best,"['transpose', 'exchange', 'insert']",5,30,0.8,11,25,0.1,0.5,N-be75eec_150,6174178,3457125,30.844809,
memetic,best,"['transpose', 'exchange', 'insert']",5,30,0.8,11,25,0.1,0.5,N-be75eec_150,6174178,3458880,31.883568,
memetic,best,"['transpose', 'exchange', 'insert']",5,30,0.8,11,25,0.1,0.5,N-be75eec_150,6174178,3459249,33.755707,
memetic,best,"['transpose', 'exchange', 'insert']",5,30,0.8,11,25,0.1,0.5,N-be75eec_150,6174178,3459299,34.613731,
memetic,best,"['transpose', 'exchange', 'insert']",5,30,0.8,11,25,0.1,0.5,N-be75eec_150,6174178,3459423,34.851433,
memetic,best,"['transpose', 'exchange', 'insert']",5,30,0.8,11,25,0.1,0.5,N-be75eec_150,6174178,3459555,35.630524,
memetic,best,"['transpose', 'exchange', 'insert']",5,30,0.8,11,25,0.1,0.5,N-be75eec_150,6174178,3459600,35.894962,
memetic,best,"['transpose', 'exchange', 'insert']",5,30,0.8,11,25,0.1,0.5,N-be75eec_150,6174178,3459631,36.04879,
memetic,best,"['transpose', 'exchange', 'insert']",5,30,0.8,11,25,0.1,0.5,N-be75eec_150,6174178,3459643,36.417816,
memetic,best,"['transpose', 'exchange', 'insert']",5,30,0.8,11,25,0.1,0.5,N-be75eec_150,6174178,3459661,36.654076,
memetic,best,"['transpose', 'exchange', 'insert']",5,30,0.8,11,25,0.1,0.5,N-be75eec_150,6174178,3459714,37.254597,
memetic,best,"['transpose', 'exchange', 'insert']",5,30,0.8,11,25,0.1,0.5,N-be75eec_150,6174178,3459719,38.302795,
memetic,best,"['transpose', 'exchange', 'insert']",5,30,0.8,11,25,0.1,0.5,N-be75eec_150,6174178,3459722,38.774002,
memetic,best,"['transpose', 'exchange', 'insert']",5,30,0.8,11,25,0.1,0.5,N-be75eec_150,6174178,3459734,39.026096,
memetic,best,"['transpose', 'exchange', 'insert']",5,30,0.8,11,25,0.1,0.5,N-be75eec_150,6174178,3459785,39.519897,
memetic,best,"['transpose', 'exchange', 'insert']",5,30,0.8,11,25,0.1,0.5,N-be75eec_150,6174178,3459801,43.821064,
memetic,best,"['transpose', 'exchange', 'insert']",5,30,0.8,11,25,0.1,0.5,N-be75eec_150,6174178,3459886,44.254589,
memetic,best,"['transpose', 'exchange', 'insert']",5,30,0.8,11,25,0.1,0.5,N-be75eec_150,6174178,3459888,44.403053,
memetic,best,"['transpose', 'exchange', 'insert']",5,30,0.8,11,25,0.1,0.5,N-be75eec_150,6174178,3459907,44.563999,
memetic,best,"['transpose', 'exchange', 'insert']",5,30,0.8,11,25,0.1,0.5,N-be75eec_150,6174178,3459941,44.803829,
memetic,best,"['transpose', 'exchange', 'insert']",5,30,0.8,11,25,0.1,0.5,N-be75eec_150,6174178,3459960,45.350048,
memetic,best,"['transpose', 'exchange', 'insert']",5,30,0.8,11,25,0.1,0.5,N-be75eec_150,6174178,3460020,46.320129,
memetic,best,"['transpose', 'exchange', 'insert']",5,30,0.8,11,25,0.1,0.5,N-be75eec_150,6174178,3460068,47.336975,
memetic,best,"['transpose', 'exchange', 'insert']",5,30,0.8,11,25,0.1,0.5,N-be75eec_150,6174178,3460140,47.475594,
memetic,best,"['transpose', 'exchange', 'insert']",5,30,0.8,11,25,0.1,0.5,N-be75eec_150,6174178,3460696,48.229141,
memetic,best,"['transpose', 'exchange', 'insert']",5,30,0.8,11,25,0.1,0.5,N-be75eec_150,6174178,3460756,48.874008,
memetic,best,"['transpose', 'exchange', 'insert']",5,30,0.8,11,25,0.1,0.5,N-be75eec_150,6174178,3460762,49.196579,
memetic,best,"['transpose', 'exchange', 'insert']",5,30,0.8,11,25,0.1,0.5,N-be75eec_150,6174178,3460806,51.125999,
memetic,best,"['transpose', 'exchange', 'insert']",5,30,0.8,11,25,0.1,0.5,N-be75eec_150,6174178,3460859,52.441528,
memetic,best,"['transpose', 'exchange', 'insert']",5,30,0.8,11,25,0.1,0.5,N-be75eec_150,6174178,3460861,52.911392,
memetic,best,"['transpose', 'exchange', 'insert']",5,30,0.8,11,25,0.1,0.5,N-be75eec_150,6174178,3460863,53.793499,
memetic,best,"['transpose', 'exchange', 'insert']",5,30,0.8,11,25,0.1,0.5,N-be75eec_150,6174178,3460875,53.942127,
memetic,best,"['transpose', 'exchange', 'insert']",5,30,0.8,11,25,0.1,0.5,N-be75eec_150,6174178,3460923,76.783875,
memetic,best,"['transpose', 'exchange', 'insert']",5,30,0.8,11,25,0.1,0.5,N-be75eec_150,6174178,3460983,99.177666,
memetic,best,"['transpose', 'exchange', 'insert']",5,30,0.8,11,25,0.1,0.5,N-be75eec_150,6174178,3461799,99.528313,
memetic,best,"['transpose', 'exchange', 'insert']",5,30,0.8,11,25,0.1,0.5,N-be75eec_150,6174178,3462371,101.468781,
memetic,best,"['transpose', 'exchange', 'insert']",5,30,0.8,11,25,0.1,0.5,N-be75eec_150,6174178,3462452,103.099419,
memetic,best,"['transpose', 'exchange', 'insert']",5,30,0.8,11,25,0.1,0.5,N-be75eec_150,6174178,3463127,103.710823,
memetic,best,"['transpose', 'exchange', 'insert']",5,30,0.8,11,25,0.1,0.5,N-be75eec_150,6174178,3463239,104.159821,
memetic,best,"['transpose', 'exchange', 'insert']",5,30,0.8,11,25,0.1,0.5,N-be75eec_150,6174178,3463763,104.413361,
memetic,best,"['transpose', 'exchange', 'insert']",5,30,0.8,11,25,0.1,0.5,N-be75eec_150,6174178,3464241,104.90303,
memetic,best,"['transpose', 'exchange', 'insert']",5,30,0.8,11,25,0.1,0.5,N-be75eec_150,6174178,3464907,107.130455,
memetic,best,"['transpose', 'exchange', 'insert']",5,30,0.8,11,25,0.1,0.5,N-be75eec_150,6174178,3465323,107.378166,
memetic,best,"['transpose', 'exchange', 'insert']",5,30,0.8,11,25,0.1,0.5,N-be75eec_150,6174178,3465765,107.643524,
memetic,best,"['transpose', 'exchange', 'insert']",5,30,0.8,11,25,0.1,0.5,N-be75eec_150,6174178,3465784,108.686005,
memetic,best,"['transpose', 'exchange', 'insert']",5,30,0.8,11,25,0.1,0.5,N-be75eec_150,6174178,3465972,108.901421,
memetic,best,"['transpose', 'exchange', 'insert']",5,30,0.8,11,25,0.1,0.5,N-be75eec_150,6174178,3466085,109.886009,
memetic,best,"['transpose', 'exchange', 'insert']",5,30,0.8,11,25,0.1,0.5,N-be75eec_150,6174178,3466150,110.042076,
memetic,best,"['transpose', 'exchange', 'insert']",5,30,0.8,11,25,0.1,0.5,N-be75eec_150,6174178,3466165,110.200676,
memetic,best,"['transpose', 'exchange', 'insert']",5,30,0.8,11,25,0.1,0.5,N-be75eec_150,6174178,3466188,110.295876,
memetic,best,"['transpose', 'exchange', 'insert']",5,30,0.8,11,25,0.1,0.5,N-be75eec_150,6174178,3466218,110.483734,
memetic,best,"['transpose', 'exchange', 'insert']",5,30,0.8,11,25,0.1,0.5,N-be75eec_150,6174178,3466289,110.637459,
memetic,best,"['transpose', 'exchange', 'insert']",5,30,0.8,11,25,0.1,0.5,N-be75eec_150,6174178,3466516,110.776993,
memetic,best,"['transpose', 'exchange', 'insert']",5,30,0.8,11,25,0.1,0.5,N-be75eec_150,6174178,3466521,111.203407,
memetic,best,"['transpose', 'exchange', 'insert']",5,30,0.8,11,25,0.1,0.5,N-be75eec_150,6174178,3466541,111.613007,
memetic,best,"['transpose', 'exchange', 'insert']",5,30,0.8,11,25,0.1,0.5,N-be75eec_150,6174178,3466549,111.721634,
memetic,best,"['transpose', 'exchange', 'insert']",5,30,0.8,11,25,0.1,0.5,N-be75eec_150,6174178,3466566,111.969826,
memetic,best,"['transpose', 'exchange', 'insert']",5,30,0.8,11,25,0.1,0.5,N-be75eec_150,6174178,3466578,112.601212,
memetic,best,"['transpose', 'exchange', 'insert']",5,30,0.8,11,25,0.1,0.5,N-be75eec_150,6174178,3466605,113.563828,
memetic,best,"['transpose', 'exchange', 'insert']",5,30,0.8,11,25,0.1,0.5,N-be75eec_150,6174178,3466618,115.306854,
memetic,best,"['transpose', 'exchange', 'insert']",5,30,0.8,11,25,0.1,0.5,N-be75eec_150,6174178,3466628,119.032715,
memetic,best,"['transpose', 'exchange', 'insert']",5,30,0.8,11,25,0.1,0.5,N-be75eec_150,6174178,3466630,119.562775,
memetic,best,"['transpose', 'exchange', 'insert']",5,30,0.8,11,25,0.1,0.5,N-be75eec_150,6174178,3466712,124.212097,
memetic,best,"['transpose', 'exchange', 'insert']",5,30,0.8,11,25,0.1,0.5,N-be75eec_150,6174178,3466715,167.696915,
memetic,best,"['transpose', 'exchange', 'insert']",5,30,0.8,11,25,0.1,0.5,N-be75eec_150,6174178,3466715,250.091904,
memetic,best,"['transpose', 'exchange', 'insert']",5,30,0.8,11,25,0.1,0.5,N-be75eec_150,5150097,3415872,0.706667,
memetic,best,"['transpose', 'exchange', 'insert']",5,30,0.8,11,25,0.1,0.5,N-be75eec_150,5150097,3423133,2.138371,
memetic,best,"['transpose', 'exchange', 'insert']",5,30,0.8,11,25,0.1,0.5,N-be75eec_150,5150097,3426082,3.386771,
memetic,best,"['transpose', 'exchange', 'insert']",5,30,0.8,11,25,0.1,0.5,N-be75eec_150,5150097,3426289,4.009157,
memetic,best,"['transpose', 'exchange', 'insert']",5,30,0.8,11,25,0.1,0.5,N-be75eec_150,5150097,3427977,5.293427,
memetic,best,"['transpose', 'exchange', 'insert']",5,30,0.8,11,25,0.1,0.5,N-be75eec_150,5150097,3428661,5.801268,
memetic,best,"['transpose', 'exchange', 'insert']",5,30,0.8,11,25,0.1,0.5,N-be75eec_150,5150097,3433434,6.919977,
memetic,best,"['transpose', 'exchange', 'insert']",5,30,0.8,11,25,0.1,0.5,N-be75eec_150,5150097,3434886,7.49561,
memetic,best,"['transpose', 'exchange', 'insert']",5,30,0.8,11,25,0.1,0.5,N-be75eec_150,5150097,3435117,8.51777,
memetic,best,"['transpose', 'exchange', 'insert']",5,30,0.8,11,25,0.1,0.5,N-be75eec_150,5150097,3439025,9.068917,
memetic,best,"['transpose', 'exchange', 'insert']",5,30,0.8,11,25,0.1,0.5,N-be75eec_150,5150097,3439548,10.393785,
memetic,best,"['transpose', 'exchange', 'insert']",5,30,0.8,11,25,0.1,0.5,N-be75eec_150,5150097,3441883,10.91095,
memetic,best,"['transpose', 'exchange', 'insert']",5,30,0.8,11,25,0.1,0.5,N-be75eec_150,5150097,3443528,12.54934,
memetic,best,"['transpose', 'exchange', 'insert']",5,30,0.8,11,25,0.1,0.5,N-be75eec_150,5150097,3443664,13.899411,
memetic,best,"['transpose', 'exchange', 'insert']",5,30,0.8,11,25,0.1,0.5,N-be75eec_150,5150097,3446244,14.397284,
memetic,best,"['transpose', 'exchange', 'insert']",5,30,0.8,11,25,0.1,0.5,N-be75eec_150,5150097,3446904,17.336037,
memetic,best,"['transpose', 'exchange', 'insert']",5,30,0.8,11,25,0.1,0.5,N-be75eec_150,5150097,3449463,18.129047,
memetic,best,"['transpose', 'exchange', 'insert']",5,30,0.8,11,25,0.1,0.5,N-be75eec_150,5150097,3450441,19.198221,
memetic,best,"['transpose', 'exchange', 'insert']",5,30,0.8,11,25,0.1,0.5,N-be75eec_150,5150097,3450548,19.548845,
memetic,best,"['transpose', 'exchange', 'insert']",5,30,0.8,11,25,0.1,0.5,N-be75eec_150,5150097,3451244,20.499529,
memetic,best,"['transpose', 'exchange', 'insert']",5,30,0.8,11,25,0.1,0.5,N-be75eec_150,5150097,3451416,20.82448,
memetic,best,"['transpose', 'exchange', 'insert']",5,30,0.8,11,25,0.1,0.5,N-be75eec_150,5150097,3451643,21.799982,
memetic,best,"['transpose', 'exchange', 'insert']",5,30,0.8,11,25,0.1,0.5,N-be75eec_150,5150097,3453694,22.73822,
memetic,best,"['transpose', 'exchange', 'insert']",5,30,0.8,11,25,0.1,0.5,N-be75eec_150,5150097,3454172,24.091293,
memetic,best,"['transpose', 'exchange', 'insert']",5,30,0.8,11,25,0.1,0.5,N-be75eec_150,5150097,3454228,24.762823,
memetic,best,"['transpose', 'exchange', 'insert']",5,30,0.8,11,25,0.1,0.5,N-be75eec_150,5150097,3454528,25.109467,
memetic,best,"['transpose', 'exchange', 'insert']",5,30,0.8,11,25,0.1,0.5,N-be75eec_150,5150097,3454718,25.797068,
memetic,best,"['transpose', 'exchange', 'insert']",5,30,0.8,11,25,0.1,0.5,N-be75eec_150,5150097,3455608,26.068516,
memetic,best,"['transpose', 'exchange', 'insert']",5,30,0.8,11,25,0.1,0.5,N-be75eec_150,5150097,3455829,28.333578,
memetic,best,"['transpose', 'exchange', 'insert']",5,30,0.8,11,25,0.1,0.5,N-be75eec_150,5150097,3456117,29.793102,
memetic,best,"['transpose', 'exchange', 'insert']",5,30,0.8,11,25,0.1,0.5,N-be75eec_150,5150097,3456190,30.8291,
memetic,best,"['transpose', 'exchange', 'insert']",5,30,0.8,11,25,0.1,0.5,N-be75eec_150,5150097,3456197,31.042534,
memetic,best,"['transpose', 'exchange', 'insert']",5,30,0.8,11,25,0.1,0.5,N-be75eec_150,5150097,3457125,31.464569,
memetic,best,"['transpose', 'exchange', 'insert']",5,30,0.8,11,25,0.1,0.5,N-be75eec_150,5150097,3458880,32.494457,
memetic,best,"['transpose', 'exchange', 'insert']",5,30,0.8,11,25,0.1,0.5,N-be75eec_150,5150097,3459249,34.39883,
memetic,best,"['transpose', 'exchange', 'insert']",5,30,0.8,11,25,0.1,0.5,N-be75eec_150,5150097,3459299,35.257305,
memetic,best,"['transpose', 'exchange', 'insert']",5,30,0.8,11,25,0.1,0.5,N-be75eec_150,5150097,3459423,35.484566,
memetic,best,"['transpose', 'exchange', 'insert']",5,30,0.8,11,25,0.1,0.5,N-be75eec_150,5150097,3459555,36.281929,
memetic,best,"['transpose', 'exchange', 'insert']",5,30,0.8,11,25,0.1,0.5,N-be75eec_150,5150097,3459600,36.554455,
memetic,best,"['transpose', 'exchange', 'insert']",5,30,0.8,11,25,0.1,0.5,N-be75eec_150,5150097,3459631,36.709412,
memetic,best,"['transpose', 'exchange', 'insert']",5,30,0.8,11,25,0.1,0.5,N-be75eec_150,5150097,3459643,37.076187,
memetic,best,"['transpose', 'exchange', 'insert']",5,30,0.8,11,25,0.1,0.5,N-be75eec_150,5150097,3459661,37.320488,
memetic,best,"['transpose', 'exchange', 'insert']",5,30,0.8,11,25,0.1,0.5,N-be75eec_150,5150097,3459714,37.914402,
memetic,best,"['transpose', 'exchange', 'insert']",5,30,0.8,11,25,0.1,0.5,N-be75eec_150,5150097,3459719,38.986088,
memetic,best,"['transpose', 'exchange', 'insert']",5,30,0.8,11,25,0.1,0.5,N-be75eec_150,5150097,3459722,39.466579,
memetic,best,"['transpose', 'exchange', 'insert']",5,30,0.8,11,25,0.1,0.5,N-be75eec_150,5150097,3459734,39.708649,
memetic,best,"['transpose', 'exchange', 'insert']",5,30,0.8,11,25,0.1,0.5,N-be75eec_150,5150097,3459785,40.202576,
memetic,best,"['transpose', 'exchange', 'insert']",5,30,0.8,11,25,0.1,0.5,N-be75eec_150,5150097,3459801,44.573322,
memetic,best,"['transpose', 'exchange', 'insert']",5,30,0.8,11,25,0.1,0.5,N-be75eec_150,5150097,3459886,45.030182,
memetic,best,"['transpose', 'exchange', 'insert']",5,30,0.8,11,25,0.1,0.5,N-be75eec_150,5150097,3459888,45.172188,
memetic,best,"['transpose', 'exchange', 'insert']",5,30,0.8,11,25,0.1,0.5,N-be75eec_150,5150097,3459907,45.332588,
memetic,best,"['transpose', 'exchange', 'insert']",5,30,0.8,11,25,0.1,0.5,N-be75eec_150,5150097,3459941,45.577457,
memetic,best,"['transpose', 'exchange', 'insert']",5,30,0.8,11,25,0.1,0.5,N-be75eec_150,5150097,3459960,46.117157,
memetic,best,"['transpose', 'exchange', 'insert']",5,30,0.8,11,25,0.1,0.5,N-be75eec_150,5150097,3460020,47.163509,
memetic,best,"['transpose', 'exchange', 'insert']",5,30,0.8,11,25,0.1,0.5,N-be75eec_150,5150097,3460068,48.196766,
memetic,best,"['transpose', 'exchange', 'insert']",5,30,0.8,11,25,0.1,0.5,N-be75eec_150,5150097,3460140,48.329597,
memetic,best,"['transpose', 'exchange', 'insert']",5,30,0.8,11,25,0.1,0.5,N-be75eec_150,5150097,3460696,49.09993,
memetic,best,"['transpose', 'exchange', 'insert']",5,30,0.8,11,25,0.1,0.5,N-be75eec_150,5150097,3460756,49.754719,
memetic,best,"['transpose', 'exchange', 'insert']",5,30,0.8,11,25,0.1,0.5,N-be75eec_150,5150097,3460762,50.072395,
memetic,best,"['transpose', 'exchange', 'insert']",5,30,0.8,11,25,0.1,0.5,N-be75eec_150,5150097,3460806,52.040226,
memetic,best,"['transpose', 'exchange', 'insert']",5,30,0.8,11,25,0.1,0.5,N-be75eec_150,5150097,3460859,53.359943,
memetic,best,"['transpose', 'exchange', 'insert']",5,30,0.8,11,25,0.1,0.5,N-be75eec_150,5150097,3460861,53.823116,
memetic,best,"['transpose', 'exchange', 'insert']",5,30,0.8,11,25,0.1,0.5,N-be75eec_150,5150097,3460863,54.711628,
memetic,best,"['transpose', 'exchange', 'insert']",5,30,0.8,11,25,0.1,0.5,N-be75eec_150,5150097,3460875,54.860813,
memetic,best,"['transpose', 'exchange', 'insert']",5,30,0.8,11,25,0.1,0.5,N-be75eec_150,5150097,3460923,78.116592,
memetic,best,"['transpose', 'exchange', 'insert']",5,30,0.8,11,25,0.1,0.5,N-be75eec_150,5150097,3460983,100.688843,
memetic,best,"['transpose', 'exchange', 'insert']",5,30,0.8,11,25,0.1,0.5,N-be75eec_150,5150097,3461799,101.050758,
memetic,best,"['transpose', 'exchange', 'insert']",5,30,0.8,11,25,0.1,0.5,N-be75eec_150,5150097,3462371,103.009895,
memetic,best,"['transpose', 'exchange', 'insert']",5,30,0.8,11,25,0.1,0.5,N-be75eec_150,5150097,3462452,104.671333,
memetic,best,"['transpose', 'exchange', 'insert']",5,30,0.8,11,25,0.1,0.5,N-be75eec_150,5150097,3463127,105.307899,
memetic,best,"['transpose', 'exchange', 'insert']",5,30,0.8,11,25,0.1,0.5,N-be75eec_150,5150097,3463239,105.765015,
memetic,best,"['transpose', 'exchange', 'insert']",5,30,0.8,11,25,0.1,0.5,N-be75eec_150,5150097,3463763,106.021797,
memetic,best,"['transpose', 'exchange', 'insert']",5,30,0.8,11,25,0.1,0.5,N-be75eec_150,5150097,3464241,106.536278,
memetic,best,"['transpose', 'exchange', 'insert']",5,30,0.8,11,25,0.1,0.5,N-be75eec_150,5150097,3464907,108.859383,
memetic,best,"['transpose', 'exchange', 'insert']",5,30,0.8,11,25,0.1,0.5,N-be75eec_150,5150097,3465323,109.129471,
memetic,best,"['transpose', 'exchange', 'insert']",5,30,0.8,11,25,0.1,0.5,N-be75eec_150,5150097,3465765,109.40657,
memetic,best,"['transpose', 'exchange', 'insert']",5,30,0.8,11,25,0.1,0.5,N-be75eec_150,5150097,3465784,110.472855,
memetic,best,"['transpose', 'exchange', 'insert']",5,30,0.8,11,25,0.1,0.5,N-be75eec_150,5150097,3465972,110.694756,
memetic,best,"['transpose', 'exchange', 'insert']",5,30,0.8,11,25,0.1,0.5,N-be75eec_150,5150097,3466085,111.655022,
memetic,best,"['transpose', 'exchange', 'insert']",5,30,0.8,11,25,0.1,0.5,N-be75eec_150,5150097,3466150,111.793198,
memetic,best,"['transpose', 'exchange', 'insert']",5,30,0.8,11,25,0.1,0.5,N-be75eec_150,5150097,3466165,111.950096,
memetic,best,"['transpose', 'exchange', 'insert']",5,30,0.8,11,25,0.1,0.5,N-be75eec_150,5150097,3466188,112.060883,
memetic,best,"['transpose', 'exchange', 'insert']",5,30,0.8,11,25,0.1,0.5,N-be75eec_150,5150097,3466218,112.230934,
memetic,best,"['transpose', 'exchange', 'insert']",5,30,0.8,11,25,0.1,0.5,N-be75eec_150,5150097,3466289,112.38372,
memetic,best,"['transpose', 'exchange', 'insert']",5,30,0.8,11,25,0.1,0.5,N-be75eec_150,5150097,3466516,112.516106,
memetic,best,"['transpose', 'exchange', 'insert']",5,30,0.8,11,25,0.1,0.5,N-be75eec_150,5150097,3466521,112.945633,
memetic,best,"['transpose', 'exchange', 'insert']",5,30,0.8,11,25,0.1,0.5,N-be75eec_150,5150097,3466541,113.351326,
memetic,best,"['transpose', 'exchange', 'insert']",5,30,0.8,11,25,0.1,0.5,N-be75eec_150,5150097,3466549,113.465446,
memetic,best,"['transpose', 'exchange', 'insert']",5,30,0.8,11,25,0.1,0.5,N-be75eec_150,5150097,3466566,113.735825,
memetic,best,"['transpose', 'exchange', 'insert']",5,30,0.8,11,25,0.1,0.5,N-be75eec_150,5150097,3466578,114.354187,
memetic,best,"['transpose', 'exchange', 'insert']",5,30,0.8,11,25,0.1,0.5,N-be75eec_150,5150097,3466605,115.350517,
memetic,best,"['transpose', 'exchange', 'insert']",5,30,0.8,11,25,0.1,0.5,N-be75eec_150,5150097,3466618,117.087288,
memetic,best,"['transpose', 'exchange', 'insert']",5,30,0.8,11,25,0.1,0.5,N-be75eec_150,5150097,3466628,120.845917,
memetic,best,"['transpose', 'exchange', 'insert']",5,30,0.8,11,25,0.1,0.5,N-be75eec_150,5150097,3466630,121.357246,
memetic,best,"['transpose', 'exchange', 'insert']",5,30,0.8,11,25,0.1,0.5,N-be75eec_150,5150097,3466712,125.962959,
memetic,best,"['transpose', 'exchange', 'insert']",5,30,0.8,11,25,0.1,0.5,N-be75eec_150,5150097,3466715,169.635696,
memetic,best,"['transpose', 'exchange', 'insert']",5,30,0.8,11,25,0.1,0.5,N-be75eec_150,5150097,3466715,252.843399,
memetic,best,"['transpose', 'exchange', 'insert']",5,30,0.8,11,25,0.1,0.5,N-be75eec_150,436862,3415872,0.714229,
memetic,best,"['transpose', 'exchange', 'insert']",5,30,0.8,11,25,0.1,0.5,N-be75eec_150,436862,3423133,2.101849,
memetic,best,"['transpose', 'exchange', 'insert']",5,30,0.8,11,25,0.1,0.5,N-be75eec_150,436862,3426082,3.347315,
memetic,best,"['transpose', 'exchange', 'insert']",5,30,0.8,11,25,0.1,0.5,N-be75eec_150,436862,3426289,3.935876,
memetic,best,"['transpose', 'exchange', 'insert']",5,30,0.8,11,25,0.1,0.5,N-be75eec_150,436862,3427977,5.151228,
memetic,best,"['transpose', 'exchange', 'insert']",5,30,0.8,11,25,0.1,0.5,N-be75eec_150,436862,3428661,5.638385,
memetic,best,"['transpose', 'exchange', 'insert']",5,30,0.8,11,25,0.1,0.5,N-be75eec_150,436862,3433434,6.805101,
memetic,best,"['transpose', 'exchange', 'insert']",5,30,0.8,11,25,0.1,0.5,N-be75eec_150,436862,3434886,7.420796,
memetic,best,"['transpose', 'exchange', 'insert']",5,30,0.8,11,25,0.1,0.5,N-be75eec_150,436862,3435117,8.399891,
memetic,best,"['transpose', 'exchange', 'insert']",5,30,0.8,11,25,0.1,0.5,N-be75eec_150,436862,3439025,8.949841,
memetic,best,"['transpose', 'exchange', 'insert']",5,30,0.8,11,25,0.1,0.5,N-be75eec_150,436862,3439548,10.286867,
memetic,best,"['transpose', 'exchange', 'insert']",5,30,0.8,11,25,0.1,0.5,N-be75eec_150,436862,3441883,10.782446,
memetic,best,"['transpose', 'exchange', 'insert']",5,30,0.8,11,25,0.1,0.5,N-be75eec_150,436862,3443528,12.410452,
memetic,best,"['transpose', 'exchange', 'insert']",5,30,0.8,11,25,0.1,0.5,N-be75eec_150,436862,3443664,13.741661,
memetic,best,"['transpose', 'exchange', 'insert']",5,30,0.8,11,25,0.1,0.5,N-be75eec_150,436862,3446244,14.218571,
memetic,best,"['transpose', 'exchange', 'insert']",5,30,0.8,11,25,0.1,0.5,N-be75eec_150,436862,3446904,17.081747,
memetic,best,"['transpose', 'exchange', 'insert']",5,30,0.8,11,25,0.1,0.5,N-be75eec_150,436862,3449463,17.874828,
memetic,best,"['transpose', 'exchange', 'insert']",5,30,0.8,11,25,0.1,0.5,N-be75eec_150,436862,3450441,18.875095,
memetic,best,"['transpose', 'exchange', 'insert']",5,30,0.8,11,25,0.1,0.5,N-be75eec_150,436862,3450548,19.196686,
memetic,best,"['transpose', 'exchange', 'insert']",5,30,0.8,11,25,0.1,0.5,N-be75eec_150,436862,3451244,20.156275,
memetic,best,"['transpose', 'exchange', 'insert']",5,30,0.8,11,25,0.1,0.5,N-be75eec_150,436862,3451416,20.498644,
memetic,best,"['transpose', 'exchange', 'insert']",5,30,0.8,11,25,0.1,0.5,N-be75eec_150,436862,3451643,21.472275,
memetic,best,"['transpose', 'exchange', 'insert']",5,30,0.8,11,25,0.1,0.5,N-be75eec_150,436862,3453694,22.442785,
memetic,best,"['transpose', 'exchange', 'insert']",5,30,0.8,11,25,0.1,0.5,N-be75eec_150,436862,3454172,23.736748,
memetic,best,"['transpose', 'exchange', 'insert']",5,30,0.8,11,25,0.1,0.5,N-be75eec_150,436862,3454228,24.414259,
memetic,best,"['transpose', 'exchange', 'insert']",5,30,0.8,11,25,0.1,0.5,N-be75eec_150,436862,3454528,24.745029,
memetic,best,"['transpose', 'exchange', 'insert']",5,30,0.8,11,25,0.1,0.5,N-be75eec_150,436862,3454718,25.404797,
memetic,best,"['transpose', 'exchange', 'insert']",5,30,0.8,11,25,0.1,0.5,N-be75eec_150,436862,3455608,25.657911,
memetic,best,"['transpose', 'exchange', 'insert']",5,30,0.8,11,25,0.1,0.5,N-be75eec_150,436862,3455829,27.851799,
memetic,best,"['transpose', 'exchange', 'insert']",5,30,0.8,11,25,0.1,0.5,N-be75eec_150,436862,3456117,29.300587,
memetic,best,"['transpose', 'exchange', 'insert']",5,30,0.8,11,25,0.1,0.5,N-be75eec_150,436862,3456190,30.331141,
memetic,best,"['transpose', 'exchange', 'insert']",5,30,0.8,11,25,0.1,0.5,N-be75eec_150,436862,3456197,30.536671,
memetic,best,"['transpose', 'exchange', 'insert']",5,30,0.8,11,25,0.1,0.5,N-be75eec_150,436862,3457125,30.936068,
memetic,best,"['transpose', 'exchange', 'insert']",5,30,0.8,11,25,0.1,0.5,N-be75eec_150,436862,3458880,31.953459,
memetic,best,"['transpose', 'exchange', 'insert']",5,30,0.8,11,25,0.1,0.5,N-be75eec_150,436862,3459249,33.846893,
memetic,best,"['transpose', 'exchange', 'insert']",5,30,0.8,11,25,0.1,0.5,N-be75eec_150,436862,3459299,34.678909,
memetic,best,"['transpose', 'exchange', 'insert']",5,30,0.8,11,25,0.1,0.5,N-be75eec_150,436862,3459423,34.903038,
memetic,best,"['transpose', 'exchange', 'insert']",5,30,0.8,11,25,0.1,0.5,N-be75eec_150,436862,3459555,35.695675,
memetic,best,"['transpose', 'exchange', 'insert']",5,30,0.8,11,25,0.1,0.5,N-be75eec_150,436862,3459600,35.97147,
memetic,best,"['transpose', 'exchange', 'insert']",5,30,0.8,11,25,0.1,0.5,N-be75eec_150,436862,3459631,36.141769,
memetic,best,"['transpose', 'exchange', 'insert']",5,30,0.8,11,25,0.1,0.5,N-be75eec_150,436862,3459643,36.516224,
memetic,best,"['transpose', 'exchange', 'insert']",5,30,0.8,11,25,0.1,0.5,N-be75eec_150,436862,3459661,36.757061,
memetic,best,"['transpose', 'exchange', 'insert']",5,30,0.8,11,25,0.1,0.5,N-be75eec_150,436862,3459714,37.3479,
memetic,best,"['transpose', 'exchange', 'insert']",5,30,0.8,11,25,0.1,0.5,N-be75eec_150,436862,3459719,38.381004,
memetic,best,"['transpose', 'exchange', 'insert']",5,30,0.8,11,25,0.1,0.5,N-be75eec_150,436862,3459722,38.867355,
memetic,best,"['transpose', 'exchange', 'insert']",5,30,0.8,11,25,0.1,0.5,N-be75eec_150,436862,3459734,39.107792,
memetic,best,"['transpose', 'exchange', 'insert']",5,30,0.8,11,25,0.1,0.5,N-be75eec_150,436862,3459785,39.606651,
memetic,best,"['transpose', 'exchange', 'insert']",5,30,0.8,11,25,0.1,0.5,N-be75eec_150,436862,3459801,43.925526,
memetic,best,"['transpose', 'exchange', 'insert']",5,30,0.8,11,25,0.1,0.5,N-be75eec_150,436862,3459886,44.383526,
memetic,best,"['transpose', 'exchange', 'insert']",5,30,0.8,11,25,0.1,0.5,N-be75eec_150,436862,3459888,44.523594,
memetic,best,"['transpose', 'exchange', 'insert']",5,30,0.8,11,25,0.1,0.5,N-be75eec_150,436862,3459907,44.695545,
memetic,best,"['transpose', 'exchange', 'insert']",5,30,0.8,11,25,0.1,0.5,N-be75eec_150,436862,3459941,44.923916,
memetic,best,"['transpose', 'exchange', 'insert']",5,30,0.8,11,25,0.1,0.5,N-be75eec_150,436862,3459960,45.44883,
memetic,best,"['transpose', 'exchange', 'insert']",5,30,0.8,11,25,0.1,0.5,N-be75eec_150,436862,3460020,46.415215,
memetic,best,"['transpose', 'exchange', 'insert']",5,30,0.8,11,25,0.1,0.5,N-be75eec_150,436862,3460068,47.420238,
memetic,best,"['transpose', 'exchange', 'insert']",5,30,0.8,11,25,0.1,0.5,N-be75eec_150,436862,3460140,47.570484,
memetic,best,"['transpose', 'exchange', 'insert']",5,30,0.8,11,25,0.1,0.5,N-be75eec_150,436862,3460696,48.332012,
memetic,best,"['transpose', 'exchange', 'insert']",5,30,0.8,11,25,0.1,0.5,N-be75eec_150,436862,3460756,48.964367,
memetic,best,"['transpose', 'exchange', 'insert']",5,30,0.8,11,25,0.1,0.5,N-be75eec_150,436862,3460762,49.266457,
memetic,best,"['transpose', 'exchange', 'insert']",5,30,0.8,11,25,0.1,0.5,N-be75eec_150,436862,3460806,51.213402,
memetic,best,"['transpose', 'exchange', 'insert']",5,30,0.8,11,25,0.1,0.5,N-be75eec_150,436862,3460859,52.545063,
memetic,best,"['transpose', 'exchange', 'insert']",5,30,0.8,11,25,0.1,0.5,N-be75eec_150,436862,3460861,53.021225,
memetic,best,"['transpose', 'exchange', 'insert']",5,30,0.8,11,25,0.1,0.5,N-be75eec_150,436862,3460863,53.874821,
memetic,best,"['transpose', 'exchange', 'insert']",5,30,0.8,11,25,0.1,0.5,N-be75eec_150,436862,3460875,54.020584,
memetic,best,"['transpose', 'exchange', 'insert']",5,30,0.8,11,25,0.1,0.5,N-be75eec_150,436862,3460923,76.726189,
memetic,best,"['transpose', 'exchange', 'insert']",5,30,0.8,11,25,0.1,0.5,N-be75eec_150,436862,3460983,98.863678,
memetic,best,"['transpose', 'exchange', 'insert']",5,30,0.8,11,25,0.1,0.5,N-be75eec_150,436862,3461799,99.221512,
memetic,best,"['transpose', 'exchange', 'insert']",5,30,0.8,11,25,0.1,0.5,N-be75eec_150,436862,3462371,101.204208,
memetic,best,"['transpose', 'exchange', 'insert']",5,30,0.8,11,25,0.1,0.5,N-be75eec_150,436862,3462452,102.867729,
memetic,best,"['transpose', 'exchange', 'insert']",5,30,0.8,11,25,0.1,0.5,N-be75eec_150,436862,3463127,103.453232,
memetic,best,"['transpose', 'exchange', 'insert']",5,30,0.8,11,25,0.1,0.5,N-be75eec_150,436862,3463239,103.894691,
memetic,best,"['transpose', 'exchange', 'insert']",5,30,0.8,11,25,0.1,0.5,N-be75eec_150,436862,3463763,104.158623,
memetic,best,"['transpose', 'exchange', 'insert']",5,30,0.8,11,25,0.1,0.5,N-be75eec_150,436862,3464241,104.644112,
memetic,best,"['transpose', 'exchange', 'insert']",5,30,0.8,11,25,0.1,0.5,N-be75eec_150,436862,3464907,106.898613,
memetic,best,"['transpose', 'exchange', 'insert']",5,30,0.8,11,25,0.1,0.5,N-be75eec_150,436862,3465323,107.170822,
memetic,best,"['transpose', 'exchange', 'insert']",5,30,0.8,11,25,0.1,0.5,N-be75eec_150,436862,3465765,107.442017,
memetic,best,"['transpose', 'exchange', 'insert']",5,30,0.8,11,25,0.1,0.5,N-be75eec_150,436862,3465784,108.514542,
memetic,best,"['transpose', 'exchange', 'insert']",5,30,0.8,11,25,0.1,0.5,N-be75eec_150,436862,3465972,108.723145,
memetic,best,"['transpose', 'exchange', 'insert']",5,30,0.8,11,25,0.1,0.5,N-be75eec_150,436862,3466085,109.646217,
memetic,best,"['transpose', 'exchange', 'insert']",5,30,0.8,11,25,0.1,0.5,N-be75eec_150,436862,3466150,109.797546,
memetic,best,"['transpose', 'exchange', 'insert']",5,30,0.8,11,25,0.1,0.5,N-be75eec_150,436862,3466165,109.94873,
memetic,best,"['transpose', 'exchange', 'insert']",5,30,0.8,11,25,0.1,0.5,N-be75eec_150,436862,3466188,110.055695,
memetic,best,"['transpose', 'exchange', 'insert']",5,30,0.8,11,25,0.1,0.5,N-be75eec_150,436862,3466218,110.241783,
memetic,best,"['transpose', 'exchange', 'insert']",5,30,0.8,11,25,0.1,0.5,N-be75eec_150,436862,3466289,110.38176,
memetic,best,"['transpose', 'exchange', 'insert']",5,30,0.8,11,25,0.1,0.5,N-be75eec_150,436862,3466516,110.510056,
memetic,best,"['transpose', 'exchange', 'insert']",5,30,0.8,11,25,0.1,0.5,N-be75eec_150,436862,3466521,110.934929,
memetic,best,"['transpose', 'exchange', 'insert']",5,30,0.8,11,25,0.1,0.5,N-be75eec_150,436862,3466541,111.356529,
memetic,best,"['transpose', 'exchange', 'insert']",5,30,0.8,11,25,0.1,0.5,N-be75eec_150,436862,3466549,111.463577,
memetic,best,"['transpose', 'exchange', 'insert']",5,30,0.8,11,25,0.1,0.5,N-be75eec_150,436862,3466566,111.71196,
memetic,best,"['transpose', 'exchange', 'insert']",5,30,0.8,11,25,0.1,0.5,N-be75eec_150,436862,3466578,112.346352,
memetic,best,"['transpose', 'exchange', 'insert']",5,30,0.8,11,25,0.1,0.5,N-be75eec_150,436862,3466605,113.29998,
memetic,best,"['transpose', 'exchange', 'insert']",5,30,0.8,11,25,0.1,0.5,N-be75eec_150,436862,3466618,115.056839,
memetic,best,"['transpose', 'exchange', 'insert']",5,30,0.8,11,25,0.1,0.5,N-be75eec_150,436862,3466628,118.699875,
memetic,best,"['transpose', 'exchange', 'insert']",5,30,0.8,11,25,0.1,0.5,N-be75eec_150,436862,3466630,119.180908,
memetic,best,"['transpose', 'exchange', 'insert']",5,30,0.8,11,25,0.1,0.5,N-be75eec_150,436862,3466712,123.657715,
memetic,best,"['transpose', 'exchange', 'insert']",5,30,0.8,11,25,0.1,0.5,N-be75eec_150,436862,3466715,166.932098,
memetic,best,"['transpose', 'exchange', 'insert']",5,30,0.8,11,25,0.1,0.5,N-be75eec_150,436862,3466715,248.953049,
memetic,best,"['transpose', 'exchange', 'insert']",5,30,0.8,11,25,0.1,0.5,N-be75eec_150,948913,3415872,0.716343,
memetic,best,"['transpose', 'exchange', 'insert']",5,30,0.8,11,25,0.1,0.5,N-be75eec_150,948913,3423133,2.14617,
memetic,best,"['transpose', 'exchange', 'insert']",5,30,0.8,11,25,0.1,0.5,N-be75eec_150,948913,3426082,3.409993,
memetic,best,"['transpose', 'exchange', 'insert']",5,30,0.8,11,25,0.1,0.5,N-be75eec_150,948913,3426289,3.997616,
memetic,best,"['transpose', 'exchange', 'insert']",5,30,0.8,11,25,0.1,0.5,N-be75eec_150,948913,3427977,5.26236,
memetic,best,"['transpose', 'exchange', 'insert']",5,30,0.8,11,25,0.1,0.5,N-be75eec_150,948913,3428661,5.779975,
memetic,best,"['transpose', 'exchange', 'insert']",5,30,0.8,11,25,0.1,0.5,N-be75eec_150,948913,3433434,6.978059,
memetic,best,"['transpose', 'exchange', 'insert']",5,30,0.8,11,25,0.1,0.5,N-be75eec_150,948913,3434886,7.578746,
memetic,best,"['transpose', 'exchange', 'insert']",5,30,0.8,11,25,0.1,0.5,N-be75eec_150,948913,3435117,8.560673,
memetic,best,"['transpose', 'exchange', 'insert']",5,30,0.8,11,25,0.1,0.5,N-be75eec_150,948913,3439025,9.11072,
memetic,best,"['transpose', 'exchange', 'insert']",5,30,0.8,11,25,0.1,0.5,N-be75eec_150,948913,3439548,10.428776,
memetic,best,"['transpose', 'exchange', 'insert']",5,30,0.8,11,25,0.1,0.5,N-be75eec_150,948913,3441883,10.985636,
memetic,best,"['transpose', 'exchange', 'insert']",5,30,0.8,11,25,0.1,0.5,N-be75eec_150,948913,3443528,12.631945,
memetic,best,"['transpose', 'exchange', 'insert']",5,30,0.8,11,25,0.1,0.5,N-be75eec_150,948913,3443664,13.975261,
memetic,best,"['transpose', 'exchange', 'insert']",5,30,0.8,11,25,0.1,0.5,N-be75eec_150,948913,3446244,14.451643,
memetic,best,"['transpose', 'exchange', 'insert']",5,30,0.8,11,25,0.1,0.5,N-be75eec_150,948913,3446904,17.314079,
memetic,best,"['transpose', 'exchange', 'insert']",5,30,0.8,11,25,0.1,0.5,N-be75eec_150,948913,3449463,18.132391,
memetic,best,"['transpose', 'exchange', 'insert']",5,30,0.8,11,25,0.1,0.5,N-be75eec_150,948913,3450441,19.196604,
memetic,best,"['transpose', 'exchange', 'insert']",5,30,0.8,11,25,0.1,0.5,N-be75eec_150,948913,3450548,19.539545,
memetic,best,"['transpose', 'exchange', 'insert']",5,30,0.8,11,25,0.1,0.5,N-be75eec_150,948913,3451244,20.512346,
memetic,best,"['transpose', 'exchange', 'insert']",5,30,0.8,11,25,0.1,0.5,N-be75eec_150,948913,3451416,20.841547,
memetic,best,"['transpose', 'exchange', 'insert']",5,30,0.8,11,25,0.1,0.5,N-be75eec_150,948913,3451643,21.846394,
memetic,best,"['transpose', 'exchange', 'insert']",5,30,0.8,11,25,0.1,0.5,N-be75eec_150,948913,3453694,22.824596,
memetic,best,"['transpose', 'exchange', 'insert']",5,30,0.8,11,25,0.1,0.5,N-be75eec_150,948913,3454172,24.140095,
memetic,best,"['transpose', 'exchange', 'insert']",5,30,0.8,11,25,0.1,0.5,N-be75eec_150,948913,3454228,24.818956,
memetic,best,"['transpose', 'exchange', 'insert']",5,30,0.8,11,25,0.1,0.5,N-be75eec_150,948913,3454528,25.131887,
memetic,best,"['transpose', 'exchange', 'insert']",5,30,0.8,11,25,0.1,0.5,N-be75eec_150,948913,3454718,25.789377,
memetic,best,"['transpose', 'exchange', 'insert']",5,30,0.8,11,25,0.1,0.5,N-be75eec_150,948913,3455608,26.051643,
memetic,best,"['transpose', 'exchange', 'insert']",5,30,0.8,11,25,0.1,0.5,N-be75eec_150,948913,3455829,28.236712,
memetic,best,"['transpose', 'exchange', 'insert']",5,30,0.8,11,25,0.1,0.5,N-be75eec_150,948913,3456117,29.686871,
memetic,best,"['transpose', 'exchange', 'insert']",5,30,0.8,11,25,0.1,0.5,N-be75eec_150,948913,3456190,30.73974,
memetic,best,"['transpose', 'exchange', 'insert']",5,30,0.8,11,25,0.1,0.5,N-be75eec_150,948913,3456197,30.930986,
memetic,best,"['transpose', 'exchange', 'insert']",5,30,0.8,11,25,0.1,0.5,N-be75eec_150,948913,3457125,31.346258,
memetic,best,"['transpose', 'exchange', 'insert']",5,30,0.8,11,25,0.1,0.5,N-be75eec_150,948913,3458880,32.347172,
memetic,best,"['transpose', 'exchange', 'insert']",5,30,0.8,11,25,0.1,0.5,N-be75eec_150,948913,3459249,34.19537,
memetic,best,"['transpose', 'exchange', 'insert']",5,30,0.8,11,25,0.1,0.5,N-be75eec_150,948913,3459299,35.064529,
memetic,best,"['transpose', 'exchange', 'insert']",5,30,0.8,11,25,0.1,0.5,N-be75eec_150,948913,3459423,35.292377,
memetic,best,"['transpose', 'exchange', 'insert']",5,30,0.8,11,25,0.1,0.5,N-be75eec_150,948913,3459555,36.070766,
memetic,best,"['transpose', 'exchange', 'insert']",5,30,0.8,11,25,0.1,0.5,N-be75eec_150,948913,3459600,36.3382,
memetic,best,"['transpose', 'exchange', 'insert']",5,30,0.8,11,25,0.1,0.5,N-be75eec_150,948913,3459631,36.492077,
memetic,best,"['transpose', 'exchange', 'insert']",5,30,0.8,11,25,0.1,0.5,N-be75eec_150,948913,3459643,36.877861,
memetic,best,"['transpose', 'exchange', 'insert']",5,30,0.8,11,25,0.1,0.5,N-be75eec_150,948913,3459661,37.116558,
memetic,best,"['transpose', 'exchange', 'insert']",5,30,0.8,11,25,0.1,0.5,N-be75eec_150,948913,3459714,37.710854,
memetic,best,"['transpose', 'exchange', 'insert']",5,30,0.8,11,25,0.1,0.5,N-be75eec_150,948913,3459719,38.770699,
memetic,best,"['transpose', 'exchange', 'insert']",5,30,0.8,11,25,0.1,0.5,N-be75eec_150,948913,3459722,39.243694,
memetic,best,"['transpose', 'exchange', 'insert']",5,30,0.8,11,25,0.1,0.5,N-be75eec_150,948913,3459734,39.492023,
memetic,best,"['transpose', 'exchange', 'insert']",5,30,0.8,11,25,0.1,0.5,N-be75eec_150,948913,3459785,40.001152,
memetic,best,"['transpose', 'exchange', 'insert']",5,30,0.8,11,25,0.1,0.5,N-be75eec_150,948913,3459801,44.43869,
memetic,best,"['transpose', 'exchange', 'insert']",5,30,0.8,11,25,0.1,0.5,N-be75eec_150,948913,3459886,44.892143,
memetic,best,"['transpose', 'exchange', 'insert']",5,30,0.8,11,25,0.1,0.5,N-be75eec_150,948913,3459888,45.033993,
memetic,best,"['transpose', 'exchange', 'insert']",5,30,0.8,11,25,0.1,0.5,N-be75eec_150,948913,3459907,45.192993,
memetic,best,"['transpose', 'exchange', 'insert']",5,30,0.8,11,25,0.1,0.5,N-be75eec_150,948913,3459941,45.447693,
memetic,best,"['transpose', 'exchange', 'insert']",5,30,0.8,11,25,0.1,0.5,N-be75eec_150,948913,3459960,45.987926,
memetic,best,"['transpose', 'exchange', 'insert']",5,30,0.8,11,25,0.1,0.5,N-be75eec_150,948913,3460020,46.989922,
memetic,best,"['transpose', 'exchange', 'insert']",5,30,0.8,11,25,0.1,0.5,N-be75eec_150,948913,3460068,48.025146,
memetic,best,"['transpose', 'exchange', 'insert']",5,30,0.8,11,25,0.1,0.5,N-be75eec_150,948913,3460140,48.171719,
memetic,best,"['transpose', 'exchange', 'insert']",5,30,0.8,11,25,0.1,0.5,N-be75eec_150,948913,3460696,48.950516,
memetic,best,"['transpose', 'exchange', 'insert']",5,30,0.8,11,25,0.1,0.5,N-be75eec_150,948913,3460756,49.597752,
memetic,best,"['transpose', 'exchange', 'insert']",5,30,0.8,11,25,0.1,0.5,N-be75eec_150,948913,3460762,49.901215,
memetic,best,"['transpose', 'exchange', 'insert']",5,30,0.8,11,25,0.1,0.5,N-be75eec_150,948913,3460806,51.901386,
memetic,best,"['transpose', 'exchange', 'insert']",5,30,0.8,11,25,0.1,0.5,N-be75eec_150,948913,3460859,53.201977,
memetic,best,"['transpose', 'exchange', 'insert']",5,30,0.8,11,25,0.1,0.5,N-be75eec_150,948913,3460861,53.682774,
memetic,best,"['transpose', 'exchange', 'insert']",5,30,0.8,11,25,0.1,0.5,N-be75eec_150,948913,3460863,54.544617,
memetic,best,"['transpose', 'exchange', 'insert']",5,30,0.8,11,25,0.1,0.5,N-be75eec_150,948913,3460875,54.700153,
memetic,best,"['transpose', 'exchange', 'insert']",5,30,0.8,11,25,0.1,0.5,N-be75eec_150,948913,3460923,77.783821,
memetic,best,"['transpose', 'exchange', 'insert']",5,30,0.8,11,25,0.1,0.5,N-be75eec_150,948913,3460983,100.202263,
memetic,best,"['transpose', 'exchange', 'insert']",5,30,0.8,11,25,0.1,0.5,N-be75eec_150,948913,3461799,100.565392,
memetic,best,"['transpose', 'exchange', 'insert']",5,30,0.8,11,25,0.1,0.5,N-be75eec_150,948913,3462371,102.560226,
memetic,best,"['transpose', 'exchange', 'insert']",5,30,0.8,11,25,0.1,0.5,N-be75eec_150,948913,3462452,104.214127,
memetic,best,"['transpose', 'exchange', 'insert']",5,30,0.8,11,25,0.1,0.5,N-be75eec_150,948913,3463127,104.843193,
memetic,best,"['transpose', 'exchange', 'insert']",5,30,0.8,11,25,0.1,0.5,N-be75eec_150,948913,3463239,105.297081,
memetic,best,"['transpose', 'exchange', 'insert']",5,30,0.8,11,25,0.1,0.5,N-be75eec_150,948913,3463763,105.569733,
memetic,best,"['transpose', 'exchange', 'insert']",5,30,0.8,11,25,0.1,0.5,N-be75eec_150,948913,3464241,106.076302,
memetic,best,"['transpose', 'exchange', 'insert']",5,30,0.8,11,25,0.1,0.5,N-be75eec_150,948913,3464907,108.385048,
memetic,best,"['transpose', 'exchange', 'insert']",5,30,0.8,11,25,0.1,0.5,N-be75eec_150,948913,3465323,108.647278,
memetic,best,"['transpose', 'exchange', 'insert']",5,30,0.8,11,25,0.1,0.5,N-be75eec_150,948913,3465765,108.916809,
memetic,best,"['transpose', 'exchange', 'insert']",5,30,0.8,11,25,0.1,0.5,N-be75eec_150,948913,3465784,109.983749,
memetic,best,"['transpose', 'exchange', 'insert']",5,30,0.8,11,25,0.1,0.5,N-be75eec_150,948913,3465972,110.185425,
memetic,best,"['transpose', 'exchange', 'insert']",5,30,0.8,11,25,0.1,0.5,N-be75eec_150,948913,3466085,111.177467,
memetic,best,"['transpose', 'exchange', 'insert']",5,30,0.8,11,25,0.1,0.5,N-be75eec_150,948913,3466150,111.345085,
memetic,best,"['transpose', 'exchange', 'insert']",5,30,0.8,11,25,0.1,0.5,N-be75eec_150,948913,3466165,111.4963,
memetic,best,"['transpose', 'exchange', 'insert']",5,30,0.8,11,25,0.1,0.5,N-be75eec_150,948913,3466188,111.59462,
memetic,best,"['transpose', 'exchange', 'insert']",5,30,0.8,11,25,0.1,0.5,N-be75eec_150,948913,3466218,111.779221,
memetic,best,"['transpose', 'exchange', 'insert']",5,30,0.8,11,25,0.1,0.5,N-be75eec_150,948913,3466289,111.932785,
memetic,best,"['transpose', 'exchange', 'insert']",5,30,0.8,11,25,0.1,0.5,N-be75eec_150,948913,3466516,112.067001,
memetic,best,"['transpose', 'exchange', 'insert']",5,30,0.8,11,25,0.1,0.5,N-be75eec_150,948913,3466521,112.499672,
memetic,best,"['transpose', 'exchange', 'insert']",5,30,0.8,11,25,0.1,0.5,N-be75eec_150,948913,3466541,112.901375,
memetic,best,"['transpose', 'exchange', 'insert']",5,30,0.8,11,25,0.1,0.5,N-be75eec_150,948913,3466549,113.010742,
memetic,best,"['transpose', 'exchange', 'insert']",5,30,0.8,11,25,0.1,0.5,N-be75eec_150,948913,3466566,113.258362,
memetic,best,"['transpose', 'exchange', 'insert']",5,30,0.8,11,25,0.1,0.5,N-be75eec_150,948913,3466578,113.922668,
memetic,best,"['transpose', 'exchange', 'insert']",5,30,0.8,11,25,0.1,0.5,N-be75eec_150,948913,3466605,114.895355,
memetic,best,"['transpose', 'exchange', 'insert']",5,30,0.8,11,25,0.1,0.5,N-be75eec_150,948913,3466618,116.634117,
memetic,best,"['transpose', 'exchange', 'insert']",5,30,0.8,11,25,0.1,0.5,N-be75eec_150,948913,3466628,120.318146,
memetic,best,"['transpose', 'exchange', 'insert']",5,30,0.8,11,25,0.1,0.5,N-be75eec_150,948913,3466630,120.812546,
memetic,best,"['transpose', 'exchange', 'insert']",5,30,0.8,11,25,0.1,0.5,N-be75eec_150,948913,3466712,125.426552,
memetic,best,"['transpose', 'exchange', 'insert']",5,30,0.8,11,25,0.1,0.5,N-be75eec_150,948913,3466715,169.13829,
memetic,best,"['transpose', 'exchange', 'insert']",5,30,0.8,11,25,0.1,0.5,N-be75eec_150,948913,3466715,252.323395,
memetic,best,"['transpose', 'exchange', 'insert']",5,30,0.8,11,25,0.1,0.5,N-be75eec_150,9396044,3415872,0.73241,
memetic,best,"['transpose', 'exchange', 'insert']",5,30,0.8,11,25,0.1,0.5,N-be75eec_150,9396044,3423133,2.110215,
memetic,best,"['transpose', 'exchange', 'insert']",5,30,0.8,11,25,0.1,0.5,N-be75eec_150,9396044,3426082,3.335121,
memetic,best,"['transpose', 'exchange', 'insert']",5,30,0.8,11,25,0.1,0.5,N-be75eec_150,9396044,3426289,3.937767,
memetic,best,"['transpose', 'exchange', 'insert']",5,30,0.8,11,25,0.1,0.5,N-be75eec_150,9396044,3427977,5.182794,
memetic,best,"['transpose', 'exchange', 'insert']",5,30,0.8,11,25,0.1,0.5,N-be75eec_150,9396044,3428661,5.657401,
memetic,best,"['transpose', 'exchange', 'insert']",5,30,0.8,11,25,0.1,0.5,N-be75eec_150,9396044,3433434,6.79941,
memetic,best,"['transpose', 'exchange', 'insert']",5,30,0.8,11,25,0.1,0.5,N-be75eec_150,9396044,3434886,7.353198,
memetic,best,"['transpose', 'exchange', 'insert']",5,30,0.8,11,25,0.1,0.5,N-be75eec_150,9396044,3435117,8.347468,
memetic,best,"['transpose', 'exchange', 'insert']",5,30,0.8,11,25,0.1,0.5,N-be75eec_150,9396044,3439025,8.915413,
memetic,best,"['transpose', 'exchange', 'insert']",5,30,0.8,11,25,0.1,0.5,N-be75eec_150,9396044,3439548,10.304719,
memetic,best,"['transpose', 'exchange', 'insert']",5,30,0.8,11,25,0.1,0.5,N-be75eec_150,9396044,3441883,10.829619,
memetic,best,"['transpose', 'exchange', 'insert']",5,30,0.8,11,25,0.1,0.5,N-be75eec_150,9396044,3443528,12.485277,
memetic,best,"['transpose', 'exchange', 'insert']",5,30,0.8,11,25,0.1,0.5,N-be75eec_150,9396044,3443664,13.802372,
memetic,best,"['transpose', 'exchange', 'insert']",5,30,0.8,11,25,0.1,0.5,N-be75eec_150,9396044,3446244,14.298087,
memetic,best,"['transpose', 'exchange', 'insert']",5,30,0.8,11,25,0.1,0.5,N-be75eec_150,9396044,3446904,17.126041,
memetic,best,"['transpose', 'exchange', 'insert']",5,30,0.8,11,25,0.1,0.5,N-be75eec_150,9396044,3449463,17.912354,
memetic,best,"['transpose', 'exchange', 'insert']",5,30,0.8,11,25,0.1,0.5,N-be75eec_150,9396044,3450441,18.960941,
memetic,best,"['transpose', 'exchange', 'insert']",5,30,0.8,11,25,0.1,0.5,N-be75eec_150,9396044,3450548,19.29269,
memetic,best,"['transpose', 'exchange', 'insert']",5,30,0.8,11,25,0.1,0.5,N-be75eec_150,9396044,3451244,20.259224,
memetic,best,"['transpose', 'exchange', 'insert']",5,30,0.8,11,25,0.1,0.5,N-be75eec_150,9396044,3451416,20.582708,
memetic,best,"['transpose', 'exchange', 'insert']",5,30,0.8,11,25,0.1,0.5,N-be75eec_150,9396044,3451643,21.578218,
memetic,best,"['transpose', 'exchange', 'insert']",5,30,0.8,11,25,0.1,0.5,N-be75eec_150,9396044,3453694,22.511547,
memetic,best,"['transpose', 'exchange', 'insert']",5,30,0.8,11,25,0.1,0.5,N-be75eec_150,9396044,3454172,23.801693,
memetic,best,"['transpose', 'exchange', 'insert']",5,30,0.8,11,25,0.1,0.5,N-be75eec_150,9396044,3454228,24.478725,
memetic,best,"['transpose', 'exchange', 'insert']",5,30,0.8,11,25,0.1,0.5,N-be75eec_150,9396044,3454528,24.810677,
memetic,best,"['transpose', 'exchange', 'insert']",5,30,0.8,11,25,0.1,0.5,N-be75eec_150,9396044,3454718,25.481642,
memetic,best,"['transpose', 'exchange', 'insert']",5,30,0.8,11,25,0.1,0.5,N-be75eec_150,9396044,3455608,25.741648,
memetic,best,"['transpose', 'exchange', 'insert']",5,30,0.8,11,25,0.1,0.5,N-be75eec_150,9396044,3455829,27.947977,
memetic,best,"['transpose', 'exchange', 'insert']",5,30,0.8,11,25,0.1,0.5,N-be75eec_150,9396044,3456117,29.341593,
memetic,best,"['transpose', 'exchange', 'insert']",5,30,0.8,11,25,0.1,0.5,N-be75eec_150,9396044,3456190,30.32564,
memetic,best,"['transpose', 'exchange', 'insert']",5,30,0.8,11,25,0.1,0.5,N-be75eec_150,9396044,3456197,30.531525,
memetic,best,"['transpose', 'exchange', 'insert']",5,30,0.8,11,25,0.1,0.5,N-be75eec_150,9396044,3457125,30.953674,
memetic,best,"['transpose', 'exchange', 'insert']",5,30,0.8,11,25,0.1,0.5,N-be75eec_150,9396044,3458880,31.946222,
memetic,best,"['transpose', 'exchange', 'insert']",5,30,0.8,11,25,0.1,0.5,N-be75eec_150,9396044,3459249,33.828339,
memetic,best,"['transpose', 'exchange', 'insert']",5,30,0.8,11,25,0.1,0.5,N-be75eec_150,9396044,3459299,34.671833,
memetic,best,"['transpose', 'exchange', 'insert']",5,30,0.8,11,25,0.1,0.5,N-be75eec_150,9396044,3459423,34.891037,
memetic,best,"['transpose', 'exchange', 'insert']",5,30,0.8,11,25,0.1,0.5,N-be75eec_150,9396044,3459555,35.648445,
memetic,best,"['transpose', 'exchange', 'insert']",5,30,0.8,11,25,0.1,0.5,N-be75eec_150,9396044,3459600,35.928467,
memetic,best,"['transpose', 'exchange', 'insert']",5,30,0.8,11,25,0.1,0.5,N-be75eec_150,9396044,3459631,36.093685,
memetic,best,"['transpose', 'exchange', 'insert']",5,30,0.8,11,25,0.1,0.5,N-be75eec_150,9396044,3459643,36.466862,
memetic,best,"['transpose', 'exchange', 'insert']",5,30,0.8,11,25,0.1,0.5,N-be75eec_150,9396044,3459661,36.700375,
memetic,best,"['transpose', 'exchange', 'insert']",5,30,0.8,11,25,0.1,0.5,N-be75eec_150,9396044,3459714,37.300339,
memetic,best,"['transpose', 'exchange', 'insert']",5,30,0.8,11,25,0.1,0.5,N-be75eec_150,9396044,3459719,38.346138,
memetic,best,"['transpose', 'exchange', 'insert']",5,30,0.8,11,25,0.1,0.5,N-be75eec_150,9396044,3459722,38.808002,
memetic,best,"['transpose', 'exchange', 'insert']",5,30,0.8,11,25,0.1,0.5,N-be75eec_150,9396044,3459734,39.05975,
memetic,best,"['transpose', 'exchange', 'insert']",5,30,0.8,11,25,0.1,0.5,N-be75eec_150,9396044,3459785,39.552071,
memetic,best,"['transpose', 'exchange', 'insert']",5,30,0.8,11,25,0.1,0.5,N-be75eec_150,9396044,3459801,43.904797,
memetic,best,"['transpose', 'exchange', 'insert']",5,30,0.8,11,25,0.1,0.5,N-be75eec_150,9396044,3459886,44.334373,
memetic,best,"['transpose', 'exchange', 'insert']",5,30,0.8,11,25,0.1,0.5,N-be75eec_150,9396044,3459888,44.486126,
memetic,best,"['transpose', 'exchange', 'insert']",5,30,0.8,11,25,0.1,0.5,N-be75eec_150,9396044,3459907,44.663795,
memetic,best,"['transpose', 'exchange', 'insert']",5,30,0.8,11,25,0.1,0.5,N-be75eec_150,9396044,3459941,44.892109,
memetic,best,"['transpose', 'exchange', 'insert']",5,30,0.8,11,25,0.1,0.5,N-be75eec_150,9396044,3459960,45.431438,
memetic,best,"['transpose', 'exchange', 'insert']",5,30,0.8,11,25,0.1,0.5,N-be75eec_150,9396044,3460020,46.435627,
memetic,best,"['transpose', 'exchange', 'insert']",5,30,0.8,11,25,0.1,0.5,N-be75eec_150,9396044,3460068,47.482895,
memetic,best,"['transpose', 'exchange', 'insert']",5,30,0.8,11,25,0.1,0.5,N-be75eec_150,9396044,3460140,47.627064,
memetic,best,"['transpose', 'exchange', 'insert']",5,30,0.8,11,25,0.1,0.5,N-be75eec_150,9396044,3460696,48.379139,
memetic,best,"['transpose', 'exchange', 'insert']",5,30,0.8,11,25,0.1,0.5,N-be75eec_150,9396044,3460756,49.025406,
memetic,best,"['transpose', 'exchange', 'insert']",5,30,0.8,11,25,0.1,0.5,N-be75eec_150,9396044,3460762,49.334526,
memetic,best,"['transpose', 'exchange', 'insert']",5,30,0.8,11,25,0.1,0.5,N-be75eec_150,9396044,3460806,51.274277,
memetic,best,"['transpose', 'exchange', 'insert']",5,30,0.8,11,25,0.1,0.5,N-be75eec_150,9396044,3460859,52.571068,
memetic,best,"['transpose', 'exchange', 'insert']",5,30,0.8,11,25,0.1,0.5,N-be75eec_150,9396044,3460861,53.046619,
memetic,best,"['transpose', 'exchange', 'insert']",5,30,0.8,11,25,0.1,0.5,N-be75eec_150,9396044,3460863,53.908611,
memetic,best,"['transpose', 'exchange', 'insert']",5,30,0.8,11,25,0.1,0.5,N-be75eec_150,9396044,3460875,54.050228,
memetic,best,"['transpose', 'exchange', 'insert']",5,30,0.8,11,25,0.1,0.5,N-be75eec_150,9396044,3460923,76.695587,
memetic,best,"['transpose', 'exchange', 'insert']",5,30,0.8,11,25,0.1,0.5,N-be75eec_150,9396044,3460983,99.024673,
memetic,best,"['transpose', 'exchange', 'insert']",5,30,0.8,11,25,0.1,0.5,N-be75eec_150,9396044,3461799,99.37159,
memetic,best,"['transpose', 'exchange', 'insert']",5,30,0.8,11,25,0.1,0.5,N-be75eec_150,9396044,3462371,101.31781,
memetic,best,"['transpose', 'exchange', 'insert']",5,30,0.8,11,25,0.1,0.5,N-be75eec_150,9396044,3462452,102.947655,
memetic,best,"['transpose', 'exchange', 'insert']",5,30,0.8,11,25,0.1,0.5,N-be75eec_150,9396044,3463127,103.581116,
memetic,best,"['transpose', 'exchange', 'insert']",5,30,0.8,11,25,0.1,0.5,N-be75eec_150,9396044,3463239,104.033829,
memetic,best,"['transpose', 'exchange', 'insert']",5,30,0.8,11,25,0.1,0.5,N-be75eec_150,9396044,3463763,104.292595,
memetic,best,"['transpose', 'exchange', 'insert']",5,30,0.8,11,25,0.1,0.5,N-be75eec_150,9396044,3464241,104.774208,
memetic,best,"['transpose', 'exchange', 'insert']",5,30,0.8,11,25,0.1,0.5,N-be75eec_150,9396044,3464907,106.979912,
memetic,best,"['transpose', 'exchange', 'insert']",5,30,0.8,11,25,0.1,0.5,N-be75eec_150,9396044,3465323,107.23365,
memetic,best,"['transpose', 'exchange', 'insert']",5,30,0.8,11,25,0.1,0.5,N-be75eec_150,9396044,3465765,107.493309,
memetic,best,"['transpose', 'exchange', 'insert']",5,30,0.8,11,25,0.1,0.5,N-be75eec_150,9396044,3465784,108.531204,
memetic,best,"['transpose', 'exchange', 'insert']",5,30,0.8,11,25,0.1,0.5,N-be75eec_150,9396044,3465972,108.750046,
memetic,best,"['transpose', 'exchange', 'insert']",5,30,0.8,11,25,0.1,0.5,N-be75eec_150,9396044,3466085,109.687042,
memetic,best,"['transpose', 'exchange', 'insert']",5,30,0.8,11,25,0.1,0.5,N-be75eec_150,9396044,3466150,109.833496,
memetic,best,"['transpose', 'exchange', 'insert']",5,30,0.8,11,25,0.1,0.5,N-be75eec_150,9396044,3466165,109.977661,
memetic,best,"['transpose', 'exchange', 'insert']",5,30,0.8,11,25,0.1,0.5,N-be75eec_150,9396044,3466188,110.081284,
memetic,best,"['transpose', 'exchange', 'insert']",5,30,0.8,11,25,0.1,0.5,N-be75eec_150,9396044,3466218,110.245857,
memetic,best,"['transpose', 'exchange', 'insert']",5,30,0.8,11,25,0.1,0.5,N-be75eec_150,9396044,3466289,110.39389,
memetic,best,"['transpose', 'exchange', 'insert']",5,30,0.8,11,25,0.1,0.5,N-be75eec_150,9396044,3466516,110.530243,
memetic,best,"['transpose', 'exchange', 'insert']",5,30,0.8,11,25,0.1,0.5,N-be75eec_150,9396044,3466521,110.932533,
memetic,best,"['transpose', 'exchange', 'insert']",5,30,0.8,11,25,0.1,0.5,N-be75eec_150,9396044,3466541,111.315483,
memetic,best,"['transpose', 'exchange', 'insert']",5,30,0.8,11,25,0.1,0.5,N-be75eec_150,9396044,3466549,111.43441,
memetic,best,"['transpose', 'exchange', 'insert']",5,30,0.8,11,25,0.1,0.5,N-be75eec_150,9396044,3466566,111.695305,
memetic,best,"['transpose', 'exchange', 'insert']",5,30,0.8,11,25,0.1,0.5,N-be75eec_150,9396044,3466578,112.31366,
memetic,best,"['transpose', 'exchange', 'insert']",5,30,0.8,11,25,0.1,0.5,N-be75eec_150,9396044,3466605,113.298546,
memetic,best,"['transpose', 'exchange', 'insert']",5,30,0.8,11,25,0.1,0.5,N-be75eec_150,9396044,3466618,115.017303,
memetic,best,"['transpose', 'exchange', 'insert']",5,30,0.8,11,25,0.1,0.5,N-be75eec_150,9396044,3466628,118.6782,
memetic,best,"['transpose', 'exchange', 'insert']",5,30,0.8,11,25,0.1,0.5,N-be75eec_150,9396044,3466630,119.170258,
memetic,best,"['transpose', 'exchange', 'insert']",5,30,0.8,11,25,0.1,0.5,N-be75eec_150,9396044,3466712,123.715019,
memetic,best,"['transpose', 'exchange', 'insert']",5,30,0.8,11,25,0.1,0.5,N-be75eec_150,9396044,3466715,167.011642,
memetic,best,"['transpose', 'exchange', 'insert']",5,30,0.8,11,25,0.1,0.5,N-be75eec_150,9396044,3466715,249.456421,
memetic,best,"['transpose', 'exchange', 'insert']",5,30,0.8,11,25,0.1,0.5,N-be75eec_150,9642140,3415872,0.73834,
memetic,best,"['transpose', 'exchange', 'insert']",5,30,0.8,11,25,0.1,0.5,N-be75eec_150,9642140,3423133,2.159391,
memetic,best,"['transpose', 'exchange', 'insert']",5,30,0.8,11,25,0.1,0.5,N-be75eec_150,9642140,3426082,3.395167,
memetic,best,"['transpose', 'exchange', 'insert']",5,30,0.8,11,25,0.1,0.5,N-be75eec_150,9642140,3426289,4.01888,
memetic,best,"['transpose', 'exchange', 'insert']",5,30,0.8,11,25,0.1,0.5,N-be75eec_150,9642140,3427977,5.286302,
memetic,best,"['transpose', 'exchange', 'insert']",5,30,0.8,11,25,0.1,0.5,N-be75eec_150,9642140,3428661,5.770975,
memetic,best,"['transpose', 'exchange', 'insert']",5,30,0.8,11,25,0.1,0.5,N-be75eec_150,9642140,3433434,6.923897,
memetic,best,"['transpose', 'exchange', 'insert']",5,30,0.8,11,25,0.1,0.5,N-be75eec_150,9642140,3434886,7.47179,
memetic,best,"['transpose', 'exchange', 'insert']",5,30,0.8,11,25,0.1,0.5,N-be75eec_150,9642140,3435117,8.464503,
memetic,best,"['transpose', 'exchange', 'insert']",5,30,0.8,11,25,0.1,0.5,N-be75eec_150,9642140,3439025,9.020347,
memetic,best,"['transpose', 'exchange', 'insert']",5,30,0.8,11,25,0.1,0.5,N-be75eec_150,9642140,3439548,10.376472,
memetic,best,"['transpose', 'exchange', 'insert']",5,30,0.8,11,25,0.1,0.5,N-be75eec_150,9642140,3441883,10.895493,
memetic,best,"['transpose', 'exchange', 'insert']",5,30,0.8,11,25,0.1,0.5,N-be75eec_150,9642140,3443528,12.502573,
memetic,best,"['transpose', 'exchange', 'insert']",5,30,0.8,11,25,0.1,0.5,N-be75eec_150,9642140,3443664,13.852975,
memetic,best,"['transpose', 'exchange', 'insert']",5,30,0.8,11,25,0.1,0.5,N-be75eec_150,9642140,3446244,14.33295,
memetic,best,"['transpose', 'exchange', 'insert']",5,30,0.8,11,25,0.1,0.5,N-be75eec_150,9642140,3446904,17.266754,
memetic,best,"['transpose', 'exchange', 'insert']",5,30,0.8,11,25,0.1,0.5,N-be75eec_150,9642140,3449463,18.08149,
memetic,best,"['transpose', 'exchange', 'insert']",5,30,0.8,11,25,0.1,0.5,N-be75eec_150,9642140,3450441,19.153296,
memetic,best,"['transpose', 'exchange', 'insert']",5,30,0.8,11,25,0.1,0.5,N-be75eec_150,9642140,3450548,19.502312,
memetic,best,"['transpose', 'exchange', 'insert']",5,30,0.8,11,25,0.1,0.5,N-be75eec_150,9642140,3451244,20.470947,
memetic,best,"['transpose', 'exchange', 'insert']",5,30,0.8,11,25,0.1,0.5,N-be75eec_150,9642140,3451416,20.796045,
memetic,best,"['transpose', 'exchange', 'insert']",5,30,0.8,11,25,0.1,0.5,N-be75eec_150,9642140,3451643,21.800816,
memetic,best,"['transpose', 'exchange', 'insert']",5,30,0.8,11,25,0.1,0.5,N-be75eec_150,9642140,3453694,22.713417,
memetic,best,"['transpose', 'exchange', 'insert']",5,30,0.8,11,25,0.1,0.5,N-be75eec_150,9642140,3454172,23.98274,
memetic,best,"['transpose', 'exchange', 'insert']",5,30,0.8,11,25,0.1,0.5,N-be75eec_150,9642140,3454228,24.677259,
memetic,best,"['transpose', 'exchange', 'insert']",5,30,0.8,11,25,0.1,0.5,N-be75eec_150,9642140,3454528,24.997997,
memetic,best,"['transpose', 'exchange', 'insert']",5,30,0.8,11,25,0.1,0.5,N-be75eec_150,9642140,3454718,25.677734,
memetic,best,"['transpose', 'exchange', 'insert']",5,30,0.8,11,25,0.1,0.5,N-be75eec_150,9642140,3455608,25.950924,
memetic,best,"['transpose', 'exchange', 'insert']",5,30,0.8,11,25,0.1,0.5,N-be75eec_150,9642140,3455829,28.140636,
memetic,best,"['transpose', 'exchange', 'insert']",5,30,0.8,11,25,0.1,0.5,N-be75eec_150,9642140,3456117,29.577042,
memetic,best,"['transpose', 'exchange', 'insert']",5,30,0.8,11,25,0.1,0.5,N-be75eec_150,9642140,3456190,30.61285,
memetic,best,"['transpose', 'exchange', 'insert']",5,30,0.8,11,25,0.1,0.5,N-be75eec_150,9642140,3456197,30.819933,
memetic,best,"['transpose', 'exchange', 'insert']",5,30,0.8,11,25,0.1,0.5,N-be75eec_150,9642140,3457125,31.245329,
memetic,best,"['transpose', 'exchange', 'insert']",5,30,0.8,11,25,0.1,0.5,N-be75eec_150,9642140,3458880,32.253712,
memetic,best,"['transpose', 'exchange', 'insert']",5,30,0.8,11,25,0.1,0.5,N-be75eec_150,9642140,3459249,34.128918,
memetic,best,"['transpose', 'exchange', 'insert']",5,30,0.8,11,25,0.1,0.5,N-be75eec_150,9642140,3459299,34.973423,
memetic,best,"['transpose', 'exchange', 'insert']",5,30,0.8,11,25,0.1,0.5,N-be75eec_150,9642140,3459423,35.193485,
memetic,best,"['transpose', 'exchange', 'insert']",5,30,0.8,11,25,0.1,0.5,N-be75eec_150,9642140,3459555,36.012245,
memetic,best,"['transpose', 'exchange', 'insert']",5,30,0.8,11,25,0.1,0.5,N-be75eec_150,9642140,3459600,36.302345,
memetic,best,"['transpose', 'exchange', 'insert']",5,30,0.8,11,25,0.1,0.5,N-be75eec_150,9642140,3459631,36.468624,
memetic,best,"['transpose', 'exchange', 'insert']",5,30,0.8,11,25,0.1,0.5,N-be75eec_150,9642140,3459643,36.851814,
memetic,best,"['transpose', 'exchange', 'insert']",5,30,0.8,11,25,0.1,0.5,N-be75eec_150,9642140,3459661,37.094788,
memetic,best,"['transpose', 'exchange', 'insert']",5,30,0.8,11,25,0.1,0.5,N-be75eec_150,9642140,3459714,37.675999,
memetic,best,"['transpose', 'exchange', 'insert']",5,30,0.8,11,25,0.1,0.5,N-be75eec_150,9642140,3459719,38.714542,
memetic,best,"['transpose', 'exchange', 'insert']",5,30,0.8,11,25,0.1,0.5,N-be75eec_150,9642140,3459722,39.202061,
memetic,best,"['transpose', 'exchange', 'insert']",5,30,0.8,11,25,0.1,0.5,N-be75eec_150,9642140,3459734,39.450062,
memetic,best,"['transpose', 'exchange', 'insert']",5,30,0.8,11,25,0.1,0.5,N-be75eec_150,9642140,3459785,39.957222,
memetic,best,"['transpose', 'exchange', 'insert']",5,30,0.8,11,25,0.1,0.5,N-be75eec_150,9642140,3459801,44.260689,
memetic,best,"['transpose', 'exchange', 'insert']",5,30,0.8,11,25,0.1,0.5,N-be75eec_150,9642140,3459886,44.694439,
memetic,best,"['transpose', 'exchange', 'insert']",5,30,0.8,11,25,0.1,0.5,N-be75eec_150,9642140,3459888,44.835732,
memetic,best,"['transpose', 'exchange', 'insert']",5,30,0.8,11,25,0.1,0.5,N-be75eec_150,9642140,3459907,44.993328,
memetic,best,"['transpose', 'exchange', 'insert']",5,30,0.8,11,25,0.1,0.5,N-be75eec_150,9642140,3459941,45.23011,
memetic,best,"['transpose', 'exchange', 'insert']",5,30,0.8,11,25,0.1,0.5,N-be75eec_150,9642140,3459960,45.75267,
memetic,best,"['transpose', 'exchange', 'insert']",5,30,0.8,11,25,0.1,0.5,N-be75eec_150,9642140,3460020,46.781456,
memetic,best,"['transpose', 'exchange', 'insert']",5,30,0.8,11,25,0.1,0.5,N-be75eec_150,9642140,3460068,47.813889,
memetic,best,"['transpose', 'exchange', 'insert']",5,30,0.8,11,25,0.1,0.5,N-be75eec_150,9642140,3460140,47.948429,
memetic,best,"['transpose', 'exchange', 'insert']",5,30,0.8,11,25,0.1,0.5,N-be75eec_150,9642140,3460696,48.738605,
memetic,best,"['transpose', 'exchange', 'insert']",5,30,0.8,11,25,0.1,0.5,N-be75eec_150,9642140,3460756,49.37241,
memetic,best,"['transpose', 'exchange', 'insert']",5,30,0.8,11,25,0.1,0.5,N-be75eec_150,9642140,3460762,49.674492,
memetic,best,"['transpose', 'exchange', 'insert']",5,30,0.8,11,25,0.1,0.5,N-be75eec_150,9642140,3460806,51.653645,
memetic,best,"['transpose', 'exchange', 'insert']",5,30,0.8,11,25,0.1,0.5,N-be75eec_150,9642140,3460859,52.990162,
memetic,best,"['transpose', 'exchange', 'insert']",5,30,0.8,11,25,0.1,0.5,N-be75eec_150,9642140,3460861,53.446831,
memetic,best,"['transpose', 'exchange', 'insert']",5,30,0.8,11,25,0.1,0.5,N-be75eec_150,9642140,3460863,54.308037,
memetic,best,"['transpose', 'exchange', 'insert']",5,30,0.8,11,25,0.1,0.5,N-be75eec_150,9642140,3460875,54.451191,
memetic,best,"['transpose', 'exchange', 'insert']",5,30,0.8,11,25,0.1,0.5,N-be75eec_150,9642140,3460923,77.422089,
memetic,best,"['transpose', 'exchange', 'insert']",5,30,0.8,11,25,0.1,0.5,N-be75eec_150,9642140,3460983,99.859016,
memetic,best,"['transpose', 'exchange', 'insert']",5,30,0.8,11,25,0.1,0.5,N-be75eec_150,9642140,3461799,100.226158,
memetic,best,"['transpose', 'exchange', 'insert']",5,30,0.8,11,25,0.1,0.5,N-be75eec_150,9642140,3462371,102.195114,
memetic,best,"['transpose', 'exchange', 'insert']",5,30,0.8,11,25,0.1,0.5,N-be75eec_150,9642140,3462452,103.805901,
memetic,best,"['transpose', 'exchange', 'insert']",5,30,0.8,11,25,0.1,0.5,N-be75eec_150,9642140,3463127,104.419586,
memetic,best,"['transpose', 'exchange', 'insert']",5,30,0.8,11,25,0.1,0.5,N-be75eec_150,9642140,3463239,104.869949,
memetic,best,"['transpose', 'exchange', 'insert']",5,30,0.8,11,25,0.1,0.5,N-be75eec_150,9642140,3463763,105.130783,
memetic,best,"['transpose', 'exchange', 'insert']",5,30,0.8,11,25,0.1,0.5,N-be75eec_150,9642140,3464241,105.639076,
memetic,best,"['transpose', 'exchange', 'insert']",5,30,0.8,11,25,0.1,0.5,N-be75eec_150,9642140,3464907,107.898285,
memetic,best,"['transpose', 'exchange', 'insert']",5,30,0.8,11,25,0.1,0.5,N-be75eec_150,9642140,3465323,108.159096,
memetic,best,"['transpose', 'exchange', 'insert']",5,30,0.8,11,25,0.1,0.5,N-be75eec_150,9642140,3465765,108.437241,
memetic,best,"['transpose', 'exchange', 'insert']",5,30,0.8,11,25,0.1,0.5,N-be75eec_150,9642140,3465784,109.48703,
memetic,best,"['transpose', 'exchange', 'insert']",5,30,0.8,11,25,0.1,0.5,N-be75eec_150,9642140,3465972,109.728401,
memetic,best,"['transpose', 'exchange', 'insert']",5,30,0.8,11,25,0.1,0.5,N-be75eec_150,9642140,3466085,110.716171,
memetic,best,"['transpose', 'exchange', 'insert']",5,30,0.8,11,25,0.1,0.5,N-be75eec_150,9642140,3466150,110.858154,
memetic,best,"['transpose', 'exchange', 'insert']",5,30,0.8,11,25,0.1,0.5,N-be75eec_150,9642140,3466165,111.020111,
memetic,best,"['transpose', 'exchange', 'insert']",5,30,0.8,11,25,0.1,0.5,N-be75eec_150,9642140,3466188,111.127632,
memetic,best,"['transpose', 'exchange', 'insert']",5,30,0.8,11,25,0.1,0.5,N-be75eec_150,9642140,3466218,111.306923,
memetic,best,"['transpose', 'exchange', 'insert']",5,30,0.8,11,25,0.1,0.5,N-be75eec_150,9642140,3466289,111.449944,
memetic,best,"['transpose', 'exchange', 'insert']",5,30,0.8,11,25,0.1,0.5,N-be75eec_150,9642140,3466516,111.584335,
memetic,best,"['transpose', 'exchange', 'insert']",5,30,0.8,11,25,0.1,0.5,N-be75eec_150,9642140,3466521,112.011597,
memetic,best,"['transpose', 'exchange', 'insert']",5,30,0.8,11,25,0.1,0.5,N-be75eec_150,9642140,3466541,112.43158,
memetic,best,"['transpose', 'exchange', 'insert']",5,30,0.8,11,25,0.1,0.5,N-be75eec_150,9642140,3466549,112.560616,
memetic,best,"['transpose', 'exchange', 'insert']",5,30,0.8,11,25,0.1,0.5,N-be75eec_150,9642140,3466566,112.812592,
memetic,best,"['transpose', 'exchange', 'insert']",5,30,0.8,11,25,0.1,0.5,N-be75eec_150,9642140,3466578,113.429718,
memetic,best,"['transpose', 'exchange', 'insert']",5,30,0.8,11,25,0.1,0.5,N-be75eec_150,9642140,3466605,114.416092,
memetic,best,"['transpose', 'exchange', 'insert']",5,30,0.8,11,25,0.1,0.5,N-be75eec_150,9642140,3466618,116.090462,
memetic,best,"['transpose', 'exchange', 'insert']",5,30,0.8,11,25,0.1,0.5,N-be75eec_150,9642140,3466628,119.75518,
memetic,best,"['transpose', 'exchange', 'insert']",5,30,0.8,11,25,0.1,0.5,N-be75eec_150,9642140,3466630,120.257629,
memetic,best,"['transpose', 'exchange', 'insert']",5,30,0.8,11,25,0.1,0.5,N-be75eec_150,9642140,3466712,124.777573,
memetic,best,"['transpose', 'exchange', 'insert']",5,30,0.8,11,25,0.1,0.5,N-be75eec_150,9642140,3466715,168.572601,
memetic,best,"['transpose', 'exchange', 'insert']",5,30,0.8,11,25,0.1,0.5,N-be75eec_150,9642140,3466715,251.269302,
memetic,best,"['transpose', 'exchange', 'insert']",5,30,0.8,11,25,0.1,0.5,N-be75eec_150,41570193,3415872,0.708629,
memetic,best,"['transpose', 'exchange', 'insert']",5,30,0.8,11,25,0.1,0.5,N-be75eec_150,41570193,3423133,2.175927,
memetic,best,"['transpose', 'exchange', 'insert']",5,30,0.8,11,25,0.1,0.5,N-be75eec_150,41570193,3426082,3.401505,
memetic,best,"['transpose', 'exchange', 'insert']",5,30,0.8,11,25,0.1,0.5,N-be75eec_150,41570193,3426289,4.012437,
memetic,best,"['transpose', 'exchange', 'insert']",5,30,0.8,11,25,0.1,0.5,N-be75eec_150,41570193,3427977,5.268758,
memetic,best,"['transpose', 'exchange', 'insert']",5,30,0.8,11,25,0.1,0.5,N-be75eec_150,41570193,3428661,5.759021,
memetic,best,"['transpose', 'exchange', 'insert']",5,30,0.8,11,25,0.1,0.5,N-be75eec_150,41570193,3433434,6.914446,
memetic,best,"['transpose', 'exchange', 'insert']",5,30,0.8,11,25,0.1,0.5,N-be75eec_150,41570193,3434886,7.487626,
memetic,best,"['transpose', 'exchange', 'insert']",5,30,0.8,11,25,0.1,0.5,N-be75eec_150,41570193,3435117,8.489998,
memetic,best,"['transpose', 'exchange', 'insert']",5,30,0.8,11,25,0.1,0.5,N-be75eec_150,41570193,3439025,9.018871,
memetic,best,"['transpose', 'exchange', 'insert']",5,30,0.8,11,25,0.1,0.5,N-be75eec_150,41570193,3439548,10.319603,
memetic,best,"['transpose', 'exchange', 'insert']",5,30,0.8,11,25,0.1,0.5,N-be75eec_150,41570193,3441883,10.827729,
memetic,best,"['transpose', 'exchange', 'insert']",5,30,0.8,11,25,0.1,0.5,N-be75eec_150,41570193,3443528,12.460388,
memetic,best,"['transpose', 'exchange', 'insert']",5,30,0.8,11,25,0.1,0.5,N-be75eec_150,41570193,3443664,13.768406,
memetic,best,"['transpose', 'exchange', 'insert']",5,30,0.8,11,25,0.1,0.5,N-be75eec_150,41570193,3446244,14.253433,
memetic,best,"['transpose', 'exchange', 'insert']",5,30,0.8,11,25,0.1,0.5,N-be75eec_150,41570193,3446904,17.077494,
memetic,best,"['transpose', 'exchange', 'insert']",5,30,0.8,11,25,0.1,0.5,N-be75eec_150,41570193,3449463,17.870966,
memetic,best,"['transpose', 'exchange', 'insert']",5,30,0.8,11,25,0.1,0.5,N-be75eec_150,41570193,3450441,18.914057,
memetic,best,"['transpose', 'exchange', 'insert']",5,30,0.8,11,25,0.1,0.5,N-be75eec_150,41570193,3450548,19.256193,
memetic,best,"['transpose', 'exchange', 'insert']",5,30,0.8,11,25,0.1,0.5,N-be75eec_150,41570193,3451244,20.232128,
memetic,best,"['transpose', 'exchange', 'insert']",5,30,0.8,11,25,0.1,0.5,N-be75eec_150,41570193,3451416,20.565401,
memetic,best,"['transpose', 'exchange', 'insert']",5,30,0.8,11,25,0.1,0.5,N-be75eec_150,41570193,3451643,21.54921,
memetic,best,"['transpose', 'exchange', 'insert']",5,30,0.8,11,25,0.1,0.5,N-be75eec_150,41570193,3453694,22.448288,
memetic,best,"['transpose', 'exchange', 'insert']",5,30,0.8,11,25,0.1,0.5,N-be75eec_150,41570193,3454172,23.728142,
memetic,best,"['transpose', 'exchange', 'insert']",5,30,0.8,11,25,0.1,0.5,N-be75eec_150,41570193,3454228,24.377611,
memetic,best,"['transpose', 'exchange', 'insert']",5,30,0.8,11,25,0.1,0.5,N-be75eec_150,41570193,3454528,24.709469,
memetic,best,"['transpose', 'exchange', 'insert']",5,30,0.8,11,25,0.1,0.5,N-be75eec_150,41570193,3454718,25.380907,
memetic,best,"['transpose', 'exchange', 'insert']",5,30,0.8,11,25,0.1,0.5,N-be75eec_150,41570193,3455608,25.631451,
memetic,best,"['transpose', 'exchange', 'insert']",5,30,0.8,11,25,0.1,0.5,N-be75eec_150,41570193,3455829,27.794853,
memetic,best,"['transpose', 'exchange', 'insert']",5,30,0.8,11,25,0.1,0.5,N-be75eec_150,41570193,3456117,29.223722,
memetic,best,"['transpose', 'exchange', 'insert']",5,30,0.8,11,25,0.1,0.5,N-be75eec_150,41570193,3456190,30.246513,
memetic,best,"['transpose', 'exchange', 'insert']",5,30,0.8,11,25,0.1,0.5,N-be75eec_150,41570193,3456197,30.435228,
memetic,best,"['transpose', 'exchange', 'insert']",5,30,0.8,11,25,0.1,0.5,N-be75eec_150,41570193,3457125,30.86515,
memetic,best,"['transpose', 'exchange', 'insert']",5,30,0.8,11,25,0.1,0.5,N-be75eec_150,41570193,3458880,31.867113,
memetic,best,"['transpose', 'exchange', 'insert']",5,30,0.8,11,25,0.1,0.5,N-be75eec_150,41570193,3459249,33.734554,
memetic,best,"['transpose', 'exchange', 'insert']",5,30,0.8,11,25,0.1,0.5,N-be75eec_150,41570193,3459299,34.579292,
memetic,best,"['transpose', 'exchange', 'insert']",5,30,0.8,11,25,0.1,0.5,N-be75eec_150,41570193,3459423,34.808346,
memetic,best,"['transpose', 'exchange', 'insert']",5,30,0.8,11,25,0.1,0.5,N-be75eec_150,41570193,3459555,35.593155,
memetic,best,"['transpose', 'exchange', 'insert']",5,30,0.8,11,25,0.1,0.5,N-be75eec_150,41570193,3459600,35.863171,
memetic,best,"['transpose', 'exchange', 'insert']",5,30,0.8,11,25,0.1,0.5,N-be75eec_150,41570193,3459631,36.016819,
memetic,best,"['transpose', 'exchange', 'insert']",5,30,0.8,11,25,0.1,0.5,N-be75eec_150,41570193,3459643,36.393082,
memetic,best,"['transpose', 'exchange', 'insert']",5,30,0.8,11,25,0.1,0.5,N-be75eec_150,41570193,3459661,36.628143,
memetic,best,"['transpose', 'exchange', 'insert']",5,30,0.8,11,25,0.1,0.5,N-be75eec_150,41570193,3459714,37.216366,
memetic,best,"['transpose', 'exchange', 'insert']",5,30,0.8,11,25,0.1,0.5,N-be75eec_150,41570193,3459719,38.25581,
memetic,best,"['transpose', 'exchange', 'insert']",5,30,0.8,11,25,0.1,0.5,N-be75eec_150,41570193,3459722,38.749462,
memetic,best,"['transpose', 'exchange', 'insert']",5,30,0.8,11,25,0.1,0.5,N-be75eec_150,41570193,3459734,38.991676,
memetic,best,"['transpose', 'exchange', 'insert']",5,30,0.8,11,25,0.1,0.5,N-be75eec_150,41570193,3459785,39.484371,
memetic,best,"['transpose', 'exchange', 'insert']",5,30,0.8,11,25,0.1,0.5,N-be75eec_150,41570193,3459801,43.863449,
memetic,best,"['transpose', 'exchange', 'insert']",5,30,0.8,11,25,0.1,0.5,N-be75eec_150,41570193,3459886,44.320564,
memetic,best,"['transpose', 'exchange', 'insert']",5,30,0.8,11,25,0.1,0.5,N-be75eec_150,41570193,3459888,44.460541,
memetic,best,"['transpose', 'exchange', 'insert']",5,30,0.8,11,25,0.1,0.5,N-be75eec_150,41570193,3459907,44.61533,
memetic,best,"['transpose', 'exchange', 'insert']",5,30,0.8,11,25,0.1,0.5,N-be75eec_150,41570193,3459941,44.838127,
memetic,best,"['transpose', 'exchange', 'insert']",5,30,0.8,11,25,0.1,0.5,N-be75eec_150,41570193,3459960,45.352039,
memetic,best,"['transpose', 'exchange', 'insert']",5,30,0.8,11,25,0.1,0.5,N-be75eec_150,41570193,3460020,46.367321,
memetic,best,"['transpose', 'exchange', 'insert']",5,30,0.8,11,25,0.1,0.5,N-be75eec_150,41570193,3460068,47.400284,
memetic,best,"['transpose', 'exchange', 'insert']",5,30,0.8,11,25,0.1,0.5,N-be75eec_150,41570193,3460140,47.533924,
memetic,best,"['transpose', 'exchange', 'insert']",5,30,0.8,11,25,0.1,0.5,N-be75eec_150,41570193,3460696,48.2869,
memetic,best,"['transpose', 'exchange', 'insert']",5,30,0.8,11,25,0.1,0.5,N-be75eec_150,41570193,3460756,48.900841,
memetic,best,"['transpose', 'exchange', 'insert']",5,30,0.8,11,25,0.1,0.5,N-be75eec_150,41570193,3460762,49.213608,
memetic,best,"['transpose', 'exchange', 'insert']",5,30,0.8,11,25,0.1,0.5,N-be75eec_150,41570193,3460806,51.210686,
memetic,best,"['transpose', 'exchange', 'insert']",5,30,0.8,11,25,0.1,0.5,N-be75eec_150,41570193,3460859,52.536793,
memetic,best,"['transpose', 'exchange', 'insert']",5,30,0.8,11,25,0.1,0.5,N-be75eec_150,41570193,3460861,52.993755,
memetic,best,"['transpose', 'exchange', 'insert']",5,30,0.8,11,25,0.1,0.5,N-be75eec_150,41570193,3460863,53.859486,
memetic,best,"['transpose', 'exchange', 'insert']",5,30,0.8,11,25,0.1,0.5,N-be75eec_150,41570193,3460875,54.00148,
memetic,best,"['transpose', 'exchange', 'insert']",5,30,0.8,11,25,0.1,0.5,N-be75eec_150,41570193,3460923,77.014091,
memetic,best,"['transpose', 'exchange', 'insert']",5,30,0.8,11,25,0.1,0.5,N-be75eec_150,41570193,3460983,99.369774,
memetic,best,"['transpose', 'exchange', 'insert']",5,30,0.8,11,25,0.1,0.5,N-be75eec_150,41570193,3461799,99.729759,
memetic,best,"['transpose', 'exchange', 'insert']",5,30,0.8,11,25,0.1,0.5,N-be75eec_150,41570193,3462371,101.693863,
memetic,best,"['transpose', 'exchange', 'insert']",5,30,0.8,11,25,0.1,0.5,N-be75eec_150,41570193,3462452,103.3284,
memetic,best,"['transpose', 'exchange', 'insert']",5,30,0.8,11,25,0.1,0.5,N-be75eec_150,41570193,3463127,103.929268,
memetic,best,"['transpose', 'exchange', 'insert']",5,30,0.8,11,25,0.1,0.5,N-be75eec_150,41570193,3463239,104.378075,
memetic,best,"['transpose', 'exchange', 'insert']",5,30,0.8,11,25,0.1,0.5,N-be75eec_150,41570193,3463763,104.63813,
memetic,best,"['transpose', 'exchange', 'insert']",5,30,0.8,11,25,0.1,0.5,N-be75eec_150,41570193,3464241,105.126755,
memetic,best,"['transpose', 'exchange', 'insert']",5,30,0.8,11,25,0.1,0.5,N-be75eec_150,41570193,3464907,107.376488,
memetic,best,"['transpose', 'exchange', 'insert']",5,30,0.8,11,25,0.1,0.5,N-be75eec_150,41570193,3465323,107.620987,
memetic,best,"['transpose', 'exchange', 'insert']",5,30,0.8,11,25,0.1,0.5,N-be75eec_150,41570193,3465765,107.875031,
memetic,best,"['transpose', 'exchange', 'insert']",5,30,0.8,11,25,0.1,0.5,N-be75eec_150,41570193,3465784,108.95536,
memetic,best,"['transpose', 'exchange', 'insert']",5,30,0.8,11,25,0.1,0.5,N-be75eec_150,41570193,3465972,109.167915,
memetic,best,"['transpose', 'exchange', 'insert']",5,30,0.8,11,25,0.1,0.5,N-be75eec_150,41570193,3466085,110.111565,
memetic,best,"['transpose', 'exchange', 'insert']",5,30,0.8,11,25,0.1,0.5,N-be75eec_150,41570193,3466150,110.258575,
memetic,best,"['transpose', 'exchange', 'insert']",5,30,0.8,11,25,0.1,0.5,N-be75eec_150,41570193,3466165,110.415512,
memetic,best,"['transpose', 'exchange', 'insert']",5,30,0.8,11,25,0.1,0.5,N-be75eec_150,41570193,3466188,110.524376,
memetic,best,"['transpose', 'exchange', 'insert']",5,30,0.8,11,25,0.1,0.5,N-be75eec_150,41570193,3466218,110.684227,
memetic,best,"['transpose', 'exchange', 'insert']",5,30,0.8,11,25,0.1,0.5,N-be75eec_150,41570193,3466289,110.829208,
memetic,best,"['transpose', 'exchange', 'insert']",5,30,0.8,11,25,0.1,0.5,N-be75eec_150,41570193,3466516,110.956673,
memetic,best,"['transpose', 'exchange', 'insert']",5,30,0.8,11,25,0.1,0.5,N-be75eec_150,41570193,3466521,111.378914,
memetic,best,"['transpose', 'exchange', 'insert']",5,30,0.8,11,25,0.1,0.5,N-be75eec_150,41570193,3466541,111.789673,
memetic,best,"['transpose', 'exchange', 'insert']",5,30,0.8,11,25,0.1,0.5,N-be75eec_150,41570193,3466549,111.898605,
memetic,best,"['transpose', 'exchange', 'insert']",5,30,0.8,11,25,0.1,0.5,N-be75eec_150,41570193,3466566,112.146194,
memetic,best,"['transpose', 'exchange', 'insert']",5,30,0.8,11,25,0.1,0.5,N-be75eec_150,41570193,3466578,112.743988,
memetic,best,"['transpose', 'exchange', 'insert']",5,30,0.8,11,25,0.1,0.5,N-be75eec_150,41570193,3466605,113.730942,
memetic,best,"['transpose', 'exchange', 'insert']",5,30,0.8,11,25,0.1,0.5,N-be75eec_150,41570193,3466618,115.47052,
memetic,best,"['transpose', 'exchange', 'insert']",5,30,0.8,11,25,0.1,0.5,N-be75eec_150,41570193,3466628,119.187851,
memetic,best,"['transpose', 'exchange', 'insert']",5,30,0.8,11,25,0.1,0.5,N-be75eec_150,41570193,3466630,119.684181,
memetic,best,"['transpose', 'exchange', 'insert']",5,30,0.8,11,25,0.1,0.5,N-be75eec_150,41570193,3466712,124.221428,
memetic,best,"['transpose', 'exchange', 'insert']",5,30,0.8,11,25,0.1,0.5,N-be75eec_150,41570193,3466715,167.612061,
memetic,best,"['transpose', 'exchange', 'insert']",5,30,0.8,11,25,0.1,0.5,N-be75eec_150,41570193,3466715,250.195709,
memetic,best,"['transpose', 'exchange', 'insert']",5,30,0.8,11,25,0.1,0.5,N-be75eec_150,1541596,3415872,0.691532,
memetic,best,"['transpose', 'exchange', 'insert']",5,30,0.8,11,25,0.1,0.5,N-be75eec_150,1541596,3423133,2.117638,
memetic,best,"['transpose', 'exchange', 'insert']",5,30,0.8,11,25,0.1,0.5,N-be75eec_150,1541596,3426082,3.350438,
memetic,best,"['transpose', 'exchange', 'insert']",5,30,0.8,11,25,0.1,0.5,N-be75eec_150,1541596,3426289,3.933797,
memetic,best,"['transpose', 'exchange', 'insert']",5,30,0.8,11,25,0.1,0.5,N-be75eec_150,1541596,3427977,5.150926,
memetic,best,"['transpose', 'exchange', 'insert']",5,30,0.8,11,25,0.1,0.5,N-be75eec_150,1541596,3428661,5.655911,
memetic,best,"['transpose', 'exchange', 'insert']",5,30,0.8,11,25,0.1,0.5,N-be75eec_150,1541596,3433434,6.78754,
memetic,best,"['transpose', 'exchange', 'insert']",5,30,0.8,11,25,0.1,0.5,N-be75eec_150,1541596,3434886,7.357216,
memetic,best,"['transpose', 'exchange', 'insert']",5,30,0.8,11,25,0.1,0.5,N-be75eec_150,1541596,3435117,8.34967,
memetic,best,"['transpose', 'exchange', 'insert']",5,30,0.8,11,25,0.1,0.5,N-be75eec_150,1541596,3439025,8.941277,
memetic,best,"['transpose', 'exchange', 'insert']",5,30,0.8,11,25,0.1,0.5,N-be75eec_150,1541596,3439548,10.290539,
memetic,best,"['transpose', 'exchange', 'insert']",5,30,0.8,11,25,0.1,0.5,N-be75eec_150,1541596,3441883,10.807091,
memetic,best,"['transpose', 'exchange', 'insert']",5,30,0.8,11,25,0.1,0.5,N-be75eec_150,1541596,3443528,12.404994,
memetic,best,"['transpose', 'exchange', 'insert']",5,30,0.8,11,25,0.1,0.5,N-be75eec_150,1541596,3443664,13.72803,
memetic,best,"['transpose', 'exchange', 'insert']",5,30,0.8,11,25,0.1,0.5,N-be75eec_150,1541596,3446244,14.194965,
memetic,best,"['transpose', 'exchange', 'insert']",5,30,0.8,11,25,0.1,0.5,N-be75eec_150,1541596,3446904,17.008131,
memetic,best,"['transpose', 'exchange', 'insert']",5,30,0.8,11,25,0.1,0.5,N-be75eec_150,1541596,3449463,17.800098,
memetic,best,"['transpose', 'exchange', 'insert']",5,30,0.8,11,25,0.1,0.5,N-be75eec_150,1541596,3450441,18.861151,
memetic,best,"['transpose', 'exchange', 'insert']",5,30,0.8,11,25,0.1,0.5,N-be75eec_150,1541596,3450548,19.185213,
memetic,best,"['transpose', 'exchange', 'insert']",5,30,0.8,11,25,0.1,0.5,N-be75eec_150,1541596,3451244,20.16361,
memetic,best,"['transpose', 'exchange', 'insert']",5,30,0.8,11,25,0.1,0.5,N-be75eec_150,1541596,3451416,20.503878,
memetic,best,"['transpose', 'exchange', 'insert']",5,30,0.8,11,25,0.1,0.5,N-be75eec_150,1541596,3451643,21.460278,
memetic,best,"['transpose', 'exchange', 'insert']",5,30,0.8,11,25,0.1,0.5,N-be75eec_150,1541596,3453694,22.380598,
memetic,best,"['transpose', 'exchange', 'insert']",5,30,0.8,11,25,0.1,0.5,N-be75eec_150,1541596,3454172,23.690899,
memetic,best,"['transpose', 'exchange', 'insert']",5,30,0.8,11,25,0.1,0.5,N-be75eec_150,1541596,3454228,24.356956,
memetic,best,"['transpose', 'exchange', 'insert']",5,30,0.8,11,25,0.1,0.5,N-be75eec_150,1541596,3454528,24.691153,
memetic,best,"['transpose', 'exchange', 'insert']",5,30,0.8,11,25,0.1,0.5,N-be75eec_150,1541596,3454718,25.347645,
memetic,best,"['transpose', 'exchange', 'insert']",5,30,0.8,11,25,0.1,0.5,N-be75eec_150,1541596,3455608,25.622269,
memetic,best,"['transpose', 'exchange', 'insert']",5,30,0.8,11,25,0.1,0.5,N-be75eec_150,1541596,3455829,27.865158,
memetic,best,"['transpose', 'exchange', 'insert']",5,30,0.8,11,25,0.1,0.5,N-be75eec_150,1541596,3456117,29.270382,
memetic,best,"['transpose', 'exchange', 'insert']",5,30,0.8,11,25,0.1,0.5,N-be75eec_150,1541596,3456190,30.328142,
memetic,best,"['transpose', 'exchange', 'insert']",5,30,0.8,11,25,0.1,0.5,N-be75eec_150,1541596,3456197,30.528734,
memetic,best,"['transpose', 'exchange', 'insert']",5,30,0.8,11,25,0.1,0.5,N-be75eec_150,1541596,3457125,30.935642,
memetic,best,"['transpose', 'exchange', 'insert']",5,30,0.8,11,25,0.1,0.5,N-be75eec_150,1541596,3458880,31.933651,
memetic,best,"['transpose', 'exchange', 'insert']",5,30,0.8,11,25,0.1,0.5,N-be75eec_150,1541596,3459249,33.7827,
memetic,best,"['transpose', 'exchange', 'insert']",5,30,0.8,11,25,0.1,0.5,N-be75eec_150,1541596,3459299,34.625977,
memetic,best,"['transpose', 'exchange', 'insert']",5,30,0.8,11,25,0.1,0.5,N-be75eec_150,1541596,3459423,34.840645,
memetic,best,"['transpose', 'exchange', 'insert']",5,30,0.8,11,25,0.1,0.5,N-be75eec_150,1541596,3459555,35.615734,
memetic,best,"['transpose', 'exchange', 'insert']",5,30,0.8,11,25,0.1,0.5,N-be75eec_150,1541596,3459600,35.88728,
memetic,best,"['transpose', 'exchange', 'insert']",5,30,0.8,11,25,0.1,0.5,N-be75eec_150,1541596,3459631,36.046597,
memetic,best,"['transpose', 'exchange', 'insert']",5,30,0.8,11,25,0.1,0.5,N-be75eec_150,1541596,3459643,36.429714,
memetic,best,"['transpose', 'exchange', 'insert']",5,30,0.8,11,25,0.1,0.5,N-be75eec_150,1541596,3459661,36.660675,
memetic,best,"['transpose', 'exchange', 'insert']",5,30,0.8,11,25,0.1,0.5,N-be75eec_150,1541596,3459714,37.263435,
memetic,best,"['transpose', 'exchange', 'insert']",5,30,0.8,11,25,0.1,0.5,N-be75eec_150,1541596,3459719,38.311947,
memetic,best,"['transpose', 'exchange', 'insert']",5,30,0.8,11,25,0.1,0.5,N-be75eec_150,1541596,3459722,38.777321,
memetic,best,"['transpose', 'exchange', 'insert']",5,30,0.8,11,25,0.1,0.5,N-be75eec_150,1541596,3459734,39.013126,
memetic,best,"['transpose', 'exchange', 'insert']",5,30,0.8,11,25,0.1,0.5,N-be75eec_150,1541596,3459785,39.515415,
memetic,best,"['transpose', 'exchange', 'insert']",5,30,0.8,11,25,0.1,0.5,N-be75eec_150,1541596,3459801,43.86797,
memetic,best,"['transpose', 'exchange', 'insert']",5,30,0.8,11,25,0.1,0.5,N-be75eec_150,1541596,3459886,44.2967,
memetic,best,"['transpose', 'exchange', 'insert']",5,30,0.8,11,25,0.1,0.5,N-be75eec_150,1541596,3459888,44.437843,
memetic,best,"['transpose', 'exchange', 'insert']",5,30,0.8,11,25,0.1,0.5,N-be75eec_150,1541596,3459907,44.601089,
memetic,best,"['transpose', 'exchange', 'insert']",5,30,0.8,11,25,0.1,0.5,N-be75eec_150,1541596,3459941,44.838776,
memetic,best,"['transpose', 'exchange', 'insert']",5,30,0.8,11,25,0.1,0.5,N-be75eec_150,1541596,3459960,45.35767,
memetic,best,"['transpose', 'exchange', 'insert']",5,30,0.8,11,25,0.1,0.5,N-be75eec_150,1541596,3460020,46.360474,
memetic,best,"['transpose', 'exchange', 'insert']",5,30,0.8,11,25,0.1,0.5,N-be75eec_150,1541596,3460068,47.395336,
memetic,best,"['transpose', 'exchange', 'insert']",5,30,0.8,11,25,0.1,0.5,N-be75eec_150,1541596,3460140,47.540859,
memetic,best,"['transpose', 'exchange', 'insert']",5,30,0.8,11,25,0.1,0.5,N-be75eec_150,1541596,3460696,48.308693,
memetic,best,"['transpose', 'exchange', 'insert']",5,30,0.8,11,25,0.1,0.5,N-be75eec_150,1541596,3460756,48.953537,
memetic,best,"['transpose', 'exchange', 'insert']",5,30,0.8,11,25,0.1,0.5,N-be75eec_150,1541596,3460762,49.262592,
memetic,best,"['transpose', 'exchange', 'insert']",5,30,0.8,11,25,0.1,0.5,N-be75eec_150,1541596,3460806,51.263111,
memetic,best,"['transpose', 'exchange', 'insert']",5,30,0.8,11,25,0.1,0.5,N-be75eec_150,1541596,3460859,52.588703,
memetic,best,"['transpose', 'exchange', 'insert']",5,30,0.8,11,25,0.1,0.5,N-be75eec_150,1541596,3460861,53.055195,
memetic,best,"['transpose', 'exchange', 'insert']",5,30,0.8,11,25,0.1,0.5,N-be75eec_150,1541596,3460863,53.921291,
memetic,best,"['transpose', 'exchange', 'insert']",5,30,0.8,11,25,0.1,0.5,N-be75eec_150,1541596,3460875,54.072655,
memetic,best,"['transpose', 'exchange', 'insert']",5,30,0.8,11,25,0.1,0.5,N-be75eec_150,1541596,3460923,77.150055,
memetic,best,"['transpose', 'exchange', 'insert']",5,30,0.8,11,25,0.1,0.5,N-be75eec_150,1541596,3460983,99.569221,
memetic,best,"['transpose', 'exchange', 'insert']",5,30,0.8,11,25,0.1,0.5,N-be75eec_150,1541596,3461799,99.942917,
memetic,best,"['transpose', 'exchange', 'insert']",5,30,0.8,11,25,0.1,0.5,N-be75eec_150,1541596,3462371,101.904526,
memetic,best,"['transpose', 'exchange', 'insert']",5,30,0.8,11,25,0.1,0.5,N-be75eec_150,1541596,3462452,103.574333,
memetic,best,"['transpose', 'exchange', 'insert']",5,30,0.8,11,25,0.1,0.5,N-be75eec_150,1541596,3463127,104.188309,
memetic,best,"['transpose', 'exchange', 'insert']",5,30,0.8,11,25,0.1,0.5,N-be75eec_150,1541596,3463239,104.636864,
memetic,best,"['transpose', 'exchange', 'insert']",5,30,0.8,11,25,0.1,0.5,N-be75eec_150,1541596,3463763,104.89164,
memetic,best,"['transpose', 'exchange', 'insert']",5,30,0.8,11,25,0.1,0.5,N-be75eec_150,1541596,3464241,105.378647,
memetic,best,"['transpose', 'exchange', 'insert']",5,30,0.8,11,25,0.1,0.5,N-be75eec_150,1541596,3464907,107.69072,
memetic,best,"['transpose', 'exchange', 'insert']",5,30,0.8,11,25,0.1,0.5,N-be75eec_150,1541596,3465323,107.932533,
memetic,best,"['transpose', 'exchange', 'insert']",5,30,0.8,11,25,0.1,0.5,N-be75eec_150,1541596,3465765,108.188133,
memetic,best,"['transpose', 'exchange', 'insert']",5,30,0.8,11,25,0.1,0.5,N-be75eec_150,1541596,3465784,109.243179,
memetic,best,"['transpose', 'exchange', 'insert']",5,30,0.8,11,25,0.1,0.5,N-be75eec_150,1541596,3465972,109.460701,
memetic,best,"['transpose', 'exchange', 'insert']",5,30,0.8,11,25,0.1,0.5,N-be75eec_150,1541596,3466085,110.419006,
memetic,best,"['transpose', 'exchange', 'insert']",5,30,0.8,11,25,0.1,0.5,N-be75eec_150,1541596,3466150,110.56179,
memetic,best,"['transpose', 'exchange', 'insert']",5,30,0.8,11,25,0.1,0.5,N-be75eec_150,1541596,3466165,110.720581,
memetic,best,"['transpose', 'exchange', 'insert']",5,30,0.8,11,25,0.1,0.5,N-be75eec_150,1541596,3466188,110.831078,
memetic,best,"['transpose', 'exchange', 'insert']",5,30,0.8,11,25,0.1,0.5,N-be75eec_150,1541596,3466218,111.005745,
memetic,best,"['transpose', 'exchange', 'insert']",5,30,0.8,11,25,0.1,0.5,N-be75eec_150,1541596,3466289,111.137306,
memetic,best,"['transpose', 'exchange', 'insert']",5,30,0.8,11,25,0.1,0.5,N-be75eec_150,1541596,3466516,111.270119,
memetic,best,"['transpose', 'exchange', 'insert']",5,30,0.8,11,25,0.1,0.5,N-be75eec_150,1541596,3466521,111.699707,
memetic,best,"['transpose', 'exchange', 'insert']",5,30,0.8,11,25,0.1,0.5,N-be75eec_150,1541596,3466541,112.111572,
memetic,best,"['transpose', 'exchange', 'insert']",5,30,0.8,11,25,0.1,0.5,N-be75eec_150,1541596,3466549,112.233307,
memetic,best,"['transpose', 'exchange', 'insert']",5,30,0.8,11,25,0.1,0.5,N-be75eec_150,1541596,3466566,112.48275,
memetic,best,"['transpose', 'exchange', 'insert']",5,30,0.8,11,25,0.1,0.5,N-be75eec_150,1541596,3466578,113.115379,
memetic,best,"['transpose', 'exchange', 'insert']",5,30,0.8,11,25,0.1,0.5,N-be75eec_150,1541596,3466605,114.067245,
memetic,best,"['transpose', 'exchange', 'insert']",5,30,0.8,11,25,0.1,0.5,N-be75eec_150,1541596,3466618,115.823257,
memetic,best,"['transpose', 'exchange', 'insert']",5,30,0.8,11,25,0.1,0.5,N-be75eec_150,1541596,3466628,119.50956,
memetic,best,"['transpose', 'exchange', 'insert']",5,30,0.8,11,25,0.1,0.5,N-be75eec_150,1541596,3466630,119.984207,
memetic,best,"['transpose', 'exchange', 'insert']",5,30,0.8,11,25,0.1,0.5,N-be75eec_150,1541596,3466712,124.534264,
memetic,best,"['transpose', 'exchange', 'insert']",5,30,0.8,11,25,0.1,0.5,N-be75eec_150,1541596,3466715,167.879745,
memetic,best,"['transpose', 'exchange', 'insert']",5,30,0.8,11,25,0.1,0.5,N-be75eec_150,1541596,3466715,250.630554,
memetic,best,"['transpose', 'exchange', 'insert']",5,30,0.8,11,25,0.1,0.5,N-be75eec_150,1743094,3415872,0.693444,
memetic,best,"['transpose', 'exchange', 'insert']",5,30,0.8,11,25,0.1,0.5,N-be75eec_150,1743094,3423133,2.127285,
memetic,best,"['transpose', 'exchange', 'insert']",5,30,0.8,11,25,0.1,0.5,N-be75eec_150,1743094,3426082,3.404016,
memetic,best,"['transpose', 'exchange', 'insert']",5,30,0.8,11,25,0.1,0.5,N-be75eec_150,1743094,3426289,3.988256,
memetic,best,"['transpose', 'exchange', 'insert']",5,30,0.8,11,25,0.1,0.5,N-be75eec_150,1743094,3427977,5.231533,
memetic,best,"['transpose', 'exchange', 'insert']",5,30,0.8,11,25,0.1,0.5,N-be75eec_150,1743094,3428661,5.771999,
memetic,best,"['transpose', 'exchange', 'insert']",5,30,0.8,11,25,0.1,0.5,N-be75eec_150,1743094,3433434,6.908634,
memetic,best,"['transpose', 'exchange', 'insert']",5,30,0.8,11,25,0.1,0.5,N-be75eec_150,1743094,3434886,7.498735,
memetic,best,"['transpose', 'exchange', 'insert']",5,30,0.8,11,25,0.1,0.5,N-be75eec_150,1743094,3435117,8.479305,
memetic,best,"['transpose', 'exchange', 'insert']",5,30,0.8,11,25,0.1,0.5,N-be75eec_150,1743094,3439025,9.042965,
memetic,best,"['transpose', 'exchange', 'insert']",5,30,0.8,11,25,0.1,0.5,N-be75eec_150,1743094,3439548,10.364764,
memetic,best,"['transpose', 'exchange', 'insert']",5,30,0.8,11,25,0.1,0.5,N-be75eec_150,1743094,3441883,10.903744,
memetic,best,"['transpose', 'exchange', 'insert']",5,30,0.8,11,25,0.1,0.5,N-be75eec_150,1743094,3443528,12.565164,
memetic,best,"['transpose', 'exchange', 'insert']",5,30,0.8,11,25,0.1,0.5,N-be75eec_150,1743094,3443664,13.903633,
memetic,best,"['transpose', 'exchange', 'insert']",5,30,0.8,11,25,0.1,0.5,N-be75eec_150,1743094,3446244,14.382277,
memetic,best,"['transpose', 'exchange', 'insert']",5,30,0.8,11,25,0.1,0.5,N-be75eec_150,1743094,3446904,17.244099,
memetic,best,"['transpose', 'exchange', 'insert']",5,30,0.8,11,25,0.1,0.5,N-be75eec_150,1743094,3449463,18.064531,
memetic,best,"['transpose', 'exchange', 'insert']",5,30,0.8,11,25,0.1,0.5,N-be75eec_150,1743094,3450441,19.144182,
memetic,best,"['transpose', 'exchange', 'insert']",5,30,0.8,11,25,0.1,0.5,N-be75eec_150,1743094,3450548,19.490479,
memetic,best,"['transpose', 'exchange', 'insert']",5,30,0.8,11,25,0.1,0.5,N-be75eec_150,1743094,3451244,20.445463,
memetic,best,"['transpose', 'exchange', 'insert']",5,30,0.8,11,25,0.1,0.5,N-be75eec_150,1743094,3451416,20.775042,
memetic,best,"['transpose', 'exchange', 'insert']",5,30,0.8,11,25,0.1,0.5,N-be75eec_150,1743094,3451643,21.751341,
memetic,best,"['transpose', 'exchange', 'insert']",5,30,0.8,11,25,0.1,0.5,N-be75eec_150,1743094,3453694,22.689981,
memetic,best,"['transpose', 'exchange', 'insert']",5,30,0.8,11,25,0.1,0.5,N-be75eec_150,1743094,3454172,23.957771,
memetic,best,"['transpose', 'exchange', 'insert']",5,30,0.8,11,25,0.1,0.5,N-be75eec_150,1743094,3454228,24.645882,
memetic,best,"['transpose', 'exchange', 'insert']",5,30,0.8,11,25,0.1,0.5,N-be75eec_150,1743094,3454528,24.969248,
memetic,best,"['transpose', 'exchange', 'insert']",5,30,0.8,11,25,0.1,0.5,N-be75eec_150,1743094,3454718,25.633698,
memetic,best,"['transpose', 'exchange', 'insert']",5,30,0.8,11,25,0.1,0.5,N-be75eec_150,1743094,3455608,25.889174,
memetic,best,"['transpose', 'exchange', 'insert']",5,30,0.8,11,25,0.1,0.5,N-be75eec_150,1743094,3455829,28.120741,
memetic,best,"['transpose', 'exchange', 'insert']",5,30,0.8,11,25,0.1,0.5,N-be75eec_150,1743094,3456117,29.579,
memetic,best,"['transpose', 'exchange', 'insert']",5,30,0.8,11,25,0.1,0.5,N-be75eec_150,1743094,3456190,30.629669,
memetic,best,"['transpose', 'exchange', 'insert']",5,30,0.8,11,25,0.1,0.5,N-be75eec_150,1743094,3456197,30.824179,
memetic,best,"['transpose', 'exchange', 'insert']",5,30,0.8,11,25,0.1,0.5,N-be75eec_150,1743094,3457125,31.240652,
memetic,best,"['transpose', 'exchange', 'insert']",5,30,0.8,11,25,0.1,0.5,N-be75eec_150,1743094,3458880,32.282455,
memetic,best,"['transpose', 'exchange', 'insert']",5,30,0.8,11,25,0.1,0.5,N-be75eec_150,1743094,3459249,34.173893,
memetic,best,"['transpose', 'exchange', 'insert']",5,30,0.8,11,25,0.1,0.5,N-be75eec_150,1743094,3459299,35.0126,
memetic,best,"['transpose', 'exchange', 'insert']",5,30,0.8,11,25,0.1,0.5,N-be75eec_150,1743094,3459423,35.234226,
memetic,best,"['transpose', 'exchange', 'insert']",5,30,0.8,11,25,0.1,0.5,N-be75eec_150,1743094,3459555,36.021107,
memetic,best,"['transpose', 'exchange', 'insert']",5,30,0.8,11,25,0.1,0.5,N-be75eec_150,1743094,3459600,36.295345,
memetic,best,"['transpose', 'exchange', 'insert']",5,30,0.8,11,25,0.1,0.5,N-be75eec_150,1743094,3459631,36.462727,
memetic,best,"['transpose', 'exchange', 'insert']",5,30,0.8,11,25,0.1,0.5,N-be75eec_150,1743094,3459643,36.841301,
memetic,best,"['transpose', 'exchange', 'insert']",5,30,0.8,11,25,0.1,0.5,N-be75eec_150,1743094,3459661,37.07724,
memetic,best,"['transpose', 'exchange', 'insert']",5,30,0.8,11,25,0.1,0.5,N-be75eec_150,1743094,3459714,37.685982,
memetic,best,"['transpose', 'exchange', 'insert']",5,30,0.8,11,25,0.1,0.5,N-be75eec_150,1743094,3459719,38.733196,
memetic,best,"['transpose', 'exchange', 'insert']",5,30,0.8,11,25,0.1,0.5,N-be75eec_150,1743094,3459722,39.213398,
memetic,best,"['transpose', 'exchange', 'insert']",5,30,0.8,11,25,0.1,0.5,N-be75eec_150,1743094,3459734,39.463512,
memetic,best,"['transpose', 'exchange', 'insert']",5,30,0.8,11,25,0.1,0.5,N-be75eec_150,1743094,3459785,39.978703,
memetic,best,"['transpose', 'exchange', 'insert']",5,30,0.8,11,25,0.1,0.5,N-be75eec_150,1743094,3459801,44.370148,
memetic,best,"['transpose', 'exchange', 'insert']",5,30,0.8,11,25,0.1,0.5,N-be75eec_150,1743094,3459886,44.81118,
memetic,best,"['transpose', 'exchange', 'insert']",5,30,0.8,11,25,0.1,0.5,N-be75eec_150,1743094,3459888,44.945168,
memetic,best,"['transpose', 'exchange', 'insert']",5,30,0.8,11,25,0.1,0.5,N-be75eec_150,1743094,3459907,45.115406,
memetic,best,"['transpose', 'exchange', 'insert']",5,30,0.8,11,25,0.1,0.5,N-be75eec_150,1743094,3459941,45.359459,
memetic,best,"['transpose', 'exchange', 'insert']",5,30,0.8,11,25,0.1,0.5,N-be75eec_150,1743094,3459960,45.893879,
memetic,best,"['transpose', 'exchange', 'insert']",5,30,0.8,11,25,0.1,0.5,N-be75eec_150,1743094,3460020,46.901695,
memetic,best,"['transpose', 'exchange', 'insert']",5,30,0.8,11,25,0.1,0.5,N-be75eec_150,1743094,3460068,47.959335,
memetic,best,"['transpose', 'exchange', 'insert']",5,30,0.8,11,25,0.1,0.5,N-be75eec_150,1743094,3460140,48.091679,
memetic,best,"['transpose', 'exchange', 'insert']",5,30,0.8,11,25,0.1,0.5,N-be75eec_150,1743094,3460696,48.859383,
memetic,best,"['transpose', 'exchange', 'insert']",5,30,0.8,11,25,0.1,0.5,N-be75eec_150,1743094,3460756,49.515213,
memetic,best,"['transpose', 'exchange', 'insert']",5,30,0.8,11,25,0.1,0.5,N-be75eec_150,1743094,3460762,49.836437,
memetic,best,"['transpose', 'exchange', 'insert']",5,30,0.8,11,25,0.1,0.5,N-be75eec_150,1743094,3460806,51.820076,
memetic,best,"['transpose', 'exchange', 'insert']",5,30,0.8,11,25,0.1,0.5,N-be75eec_150,1743094,3460859,53.150723,
memetic,best,"['transpose', 'exchange', 'insert']",5,30,0.8,11,25,0.1,0.5,N-be75eec_150,1743094,3460861,53.626221,
memetic,best,"['transpose', 'exchange', 'insert']",5,30,0.8,11,25,0.1,0.5,N-be75eec_150,1743094,3460863,54.517044,
memetic,best,"['transpose', 'exchange', 'insert']",5,30,0.8,11,25,0.1,0.5,N-be75eec_150,1743094,3460875,54.668671,
memetic,best,"['transpose', 'exchange', 'insert']",5,30,0.8,11,25,0.1,0.5,N-be75eec_150,1743094,3460923,77.659149,
memetic,best,"['transpose', 'exchange', 'insert']",5,30,0.8,11,25,0.1,0.5,N-be75eec_150,1743094,3460983,100.306129,
memetic,best,"['transpose', 'exchange', 'insert']",5,30,0.8,11,25,0.1,0.5,N-be75eec_150,1743094,3461799,100.675652,
memetic,best,"['transpose', 'exchange', 'insert']",5,30,0.8,11,25,0.1,0.5,N-be75eec_150,1743094,3462371,102.668808,
memetic,best,"['transpose', 'exchange', 'insert']",5,30,0.8,11,25,0.1,0.5,N-be75eec_150,1743094,3462452,104.31472,
memetic,best,"['transpose', 'exchange', 'insert']",5,30,0.8,11,25,0.1,0.5,N-be75eec_150,1743094,3463127,104.926819,
memetic,best,"['transpose', 'exchange', 'insert']",5,30,0.8,11,25,0.1,0.5,N-be75eec_150,1743094,3463239,105.3918,
memetic,best,"['transpose', 'exchange', 'insert']",5,30,0.8,11,25,0.1,0.5,N-be75eec_150,1743094,3463763,105.672005,
memetic,best,"['transpose', 'exchange', 'insert']",5,30,0.8,11,25,0.1,0.5,N-be75eec_150,1743094,3464241,106.178635,
memetic,best,"['transpose', 'exchange', 'insert']",5,30,0.8,11,25,0.1,0.5,N-be75eec_150,1743094,3464907,108.495415,
memetic,best,"['transpose', 'exchange', 'insert']",5,30,0.8,11,25,0.1,0.5,N-be75eec_150,1743094,3465323,108.737923,
memetic,best,"['transpose', 'exchange', 'insert']",5,30,0.8,11,25,0.1,0.5,N-be75eec_150,1743094,3465765,108.989532,
memetic,best,"['transpose', 'exchange', 'insert']",5,30,0.8,11,25,0.1,0.5,N-be75eec_150,1743094,3465784,110.067337,
memetic,best,"['transpose', 'exchange', 'insert']",5,30,0.8,11,25,0.1,0.5,N-be75eec_150,1743094,3465972,110.281815,
memetic,best,"['transpose', 'exchange', 'insert']",5,30,0.8,11,25,0.1,0.5,N-be75eec_150,1743094,3466085,111.240891,
memetic,best,"['transpose', 'exchange', 'insert']",5,30,0.8,11,25,0.1,0.5,N-be75eec_150,1743094,3466150,111.390671,
memetic,best,"['transpose', 'exchange', 'insert']",5,30,0.8,11,25,0.1,0.5,N-be75eec_150,1743094,3466165,111.551094,
memetic,best,"['transpose', 'exchange', 'insert']",5,30,0.8,11,25,0.1,0.5,N-be75eec_150,1743094,3466188,111.656204,
memetic,best,"['transpose', 'exchange', 'insert']",5,30,0.8,11,25,0.1,0.5,N-be75eec_150,1743094,3466218,111.840446,
memetic,best,"['transpose', 'exchange', 'insert']",5,30,0.8,11,25,0.1,0.5,N-be75eec_150,1743094,3466289,111.991005,
memetic,best,"['transpose', 'exchange', 'insert']",5,30,0.8,11,25,0.1,0.5,N-be75eec_150,1743094,3466516,112.131325,
memetic,best,"['transpose', 'exchange', 'insert']",5,30,0.8,11,25,0.1,0.5,N-be75eec_150,1743094,3466521,112.550232,
memetic,best,"['transpose', 'exchange', 'insert']",5,30,0.8,11,25,0.1,0.5,N-be75eec_150,1743094,3466541,112.956696,
memetic,best,"['transpose', 'exchange', 'insert']",5,30,0.8,11,25,0.1,0.5,N-be75eec_150,1743094,3466549,113.062958,
memetic,best,"['transpose', 'exchange', 'insert']",5,30,0.8,11,25,0.1,0.5,N-be75eec_150,1743094,3466566,113.322205,
memetic,best,"['transpose', 'exchange', 'insert']",5,30,0.8,11,25,0.1,0.5,N-be75eec_150,1743094,3466578,113.940704,
memetic,best,"['transpose', 'exchange', 'insert']",5,30,0.8,11,25,0.1,0.5,N-be75eec_150,1743094,3466605,114.92749,
memetic,best,"['transpose', 'exchange', 'insert']",5,30,0.8,11,25,0.1,0.5,N-be75eec_150,1743094,3466618,116.679108,
memetic,best,"['transpose', 'exchange', 'insert']",5,30,0.8,11,25,0.1,0.5,N-be75eec_150,1743094,3466628,120.421021,
memetic,best,"['transpose', 'exchange', 'insert']",5,30,0.8,11,25,0.1,0.5,N-be75eec_150,1743094,3466630,120.932823,
memetic,best,"['transpose', 'exchange', 'insert']",5,30,0.8,11,25,0.1,0.5,N-be75eec_150,1743094,3466712,125.584442,
memetic,best,"['transpose', 'exchange', 'insert']",5,30,0.8,11,25,0.1,0.5,N-be75eec_150,1743094,3466715,169.434158,
memetic,best,"['transpose', 'exchange', 'insert']",5,30,0.8,11,25,0.1,0.5,N-be75eec_150,1743094,3466715,252.314682,
memetic,best,"['transpose', 'exchange', 'insert']",5,30,0.8,11,25,0.1,0.5,N-be75eec_150,837945,3415872,0.732213,
memetic,best,"['transpose', 'exchange', 'insert']",5,30,0.8,11,25,0.1,0.5,N-be75eec_150,837945,3423133,2.168679,
memetic,best,"['transpose', 'exchange', 'insert']",5,30,0.8,11,25,0.1,0.5,N-be75eec_150,837945,3426082,3.380763,
memetic,best,"['transpose', 'exchange', 'insert']",5,30,0.8,11,25,0.1,0.5,N-be75eec_150,837945,3426289,4.003484,
memetic,best,"['transpose', 'exchange', 'insert']",5,30,0.8,11,25,0.1,0.5,N-be75eec_150,837945,3427977,5.237476,
memetic,best,"['transpose', 'exchange', 'insert']",5,30,0.8,11,25,0.1,0.5,N-be75eec_150,837945,3428661,5.723558,
memetic,best,"['transpose', 'exchange', 'insert']",5,30,0.8,11,25,0.1,0.5,N-be75eec_150,837945,3433434,6.852211,
memetic,best,"['transpose', 'exchange', 'insert']",5,30,0.8,11,25,0.1,0.5,N-be75eec_150,837945,3434886,7.437244,
memetic,best,"['transpose', 'exchange', 'insert']",5,30,0.8,11,25,0.1,0.5,N-be75eec_150,837945,3435117,8.420506,
memetic,best,"['transpose', 'exchange', 'insert']",5,30,0.8,11,25,0.1,0.5,N-be75eec_150,837945,3439025,8.984932,
memetic,best,"['transpose', 'exchange', 'insert']",5,30,0.8,11,25,0.1,0.5,N-be75eec_150,837945,3439548,10.301903,
memetic,best,"['transpose', 'exchange', 'insert']",5,30,0.8,11,25,0.1,0.5,N-be75eec_150,837945,3441883,10.823524,
memetic,best,"['transpose', 'exchange', 'insert']",5,30,0.8,11,25,0.1,0.5,N-be75eec_150,837945,3443528,12.418365,
memetic,best,"['transpose', 'exchange', 'insert']",5,30,0.8,11,25,0.1,0.5,N-be75eec_150,837945,3443664,13.776675,
memetic,best,"['transpose', 'exchange', 'insert']",5,30,0.8,11,25,0.1,0.5,N-be75eec_150,837945,3446244,14.267077,
memetic,best,"['transpose', 'exchange', 'insert']",5,30,0.8,11,25,0.1,0.5,N-be75eec_150,837945,3446904,17.104792,
memetic,best,"['transpose', 'exchange', 'insert']",5,30,0.8,11,25,0.1,0.5,N-be75eec_150,837945,3449463,17.897547,
memetic,best,"['transpose', 'exchange', 'insert']",5,30,0.8,11,25,0.1,0.5,N-be75eec_150,837945,3450441,18.895517,
memetic,best,"['transpose', 'exchange', 'insert']",5,30,0.8,11,25,0.1,0.5,N-be75eec_150,837945,3450548,19.231569,
memetic,best,"['transpose', 'exchange', 'insert']",5,30,0.8,11,25,0.1,0.5,N-be75eec_150,837945,3451244,20.189859,
memetic,best,"['transpose', 'exchange', 'insert']",5,30,0.8,11,25,0.1,0.5,N-be75eec_150,837945,3451416,20.516584,
memetic,best,"['transpose', 'exchange', 'insert']",5,30,0.8,11,25,0.1,0.5,N-be75eec_150,837945,3451643,21.51181,
memetic,best,"['transpose', 'exchange', 'insert']",5,30,0.8,11,25,0.1,0.5,N-be75eec_150,837945,3453694,22.460175,
memetic,best,"['transpose', 'exchange', 'insert']",5,30,0.8,11,25,0.1,0.5,N-be75eec_150,837945,3454172,23.762911,
memetic,best,"['transpose', 'exchange', 'insert']",5,30,0.8,11,25,0.1,0.5,N-be75eec_150,837945,3454228,24.443747,
memetic,best,"['transpose', 'exchange', 'insert']",5,30,0.8,11,25,0.1,0.5,N-be75eec_150,837945,3454528,24.764645,
memetic,best,"['transpose', 'exchange', 'insert']",5,30,0.8,11,25,0.1,0.5,N-be75eec_150,837945,3454718,25.405325,
memetic,best,"['transpose', 'exchange', 'insert']",5,30,0.8,11,25,0.1,0.5,N-be75eec_150,837945,3455608,25.676506,
memetic,best,"['transpose', 'exchange', 'insert']",5,30,0.8,11,25,0.1,0.5,N-be75eec_150,837945,3455829,27.925062,
memetic,best,"['transpose', 'exchange', 'insert']",5,30,0.8,11,25,0.1,0.5,N-be75eec_150,837945,3456117,29.387646,
memetic,best,"['transpose', 'exchange', 'insert']",5,30,0.8,11,25,0.1,0.5,N-be75eec_150,837945,3456190,30.481813,
memetic,best,"['transpose', 'exchange', 'insert']",5,30,0.8,11,25,0.1,0.5,N-be75eec_150,837945,3456197,30.677191,
memetic,best,"['transpose', 'exchange', 'insert']",5,30,0.8,11,25,0.1,0.5,N-be75eec_150,837945,3457125,31.091389,
memetic,best,"['transpose', 'exchange', 'insert']",5,30,0.8,11,25,0.1,0.5,N-be75eec_150,837945,3458880,32.085979,
memetic,best,"['transpose', 'exchange', 'insert']",5,30,0.8,11,25,0.1,0.5,N-be75eec_150,837945,3459249,33.928329,
memetic,best,"['transpose', 'exchange', 'insert']",5,30,0.8,11,25,0.1,0.5,N-be75eec_150,837945,3459299,34.795898,
memetic,best,"['transpose', 'exchange', 'insert']",5,30,0.8,11,25,0.1,0.5,N-be75eec_150,837945,3459423,35.020325,
memetic,best,"['transpose', 'exchange', 'insert']",5,30,0.8,11,25,0.1,0.5,N-be75eec_150,837945,3459555,35.838448,
memetic,best,"['transpose', 'exchange', 'insert']",5,30,0.8,11,25,0.1,0.5,N-be75eec_150,837945,3459600,36.10191,
memetic,best,"['transpose', 'exchange', 'insert']",5,30,0.8,11,25,0.1,0.5,N-be75eec_150,837945,3459631,36.261181,
memetic,best,"['transpose', 'exchange', 'insert']",5,30,0.8,11,25,0.1,0.5,N-be75eec_150,837945,3459643,36.634449,
memetic,best,"['transpose', 'exchange', 'insert']",5,30,0.8,11,25,0.1,0.5,N-be75eec_150,837945,3459661,36.867176,
memetic,best,"['transpose', 'exchange', 'insert']",5,30,0.8,11,25,0.1,0.5,N-be75eec_150,837945,3459714,37.448757,
memetic,best,"['transpose', 'exchange', 'insert']",5,30,0.8,11,25,0.1,0.5,N-be75eec_150,837945,3459719,38.480587,
memetic,best,"['transpose', 'exchange', 'insert']",5,30,0.8,11,25,0.1,0.5,N-be75eec_150,837945,3459722,38.934822,
memetic,best,"['transpose', 'exchange', 'insert']",5,30,0.8,11,25,0.1,0.5,N-be75eec_150,837945,3459734,39.185276,
memetic,best,"['transpose', 'exchange', 'insert']",5,30,0.8,11,25,0.1,0.5,N-be75eec_150,837945,3459785,39.681278,
memetic,best,"['transpose', 'exchange', 'insert']",5,30,0.8,11,25,0.1,0.5,N-be75eec_150,837945,3459801,44.002735,
memetic,best,"['transpose', 'exchange', 'insert']",5,30,0.8,11,25,0.1,0.5,N-be75eec_150,837945,3459886,44.457809,
memetic,best,"['transpose', 'exchange', 'insert']",5,30,0.8,11,25,0.1,0.5,N-be75eec_150,837945,3459888,44.597977,
memetic,best,"['transpose', 'exchange', 'insert']",5,30,0.8,11,25,0.1,0.5,N-be75eec_150,837945,3459907,44.756561,
memetic,best,"['transpose', 'exchange', 'insert']",5,30,0.8,11,25,0.1,0.5,N-be75eec_150,837945,3459941,44.989723,
memetic,best,"['transpose', 'exchange', 'insert']",5,30,0.8,11,25,0.1,0.5,N-be75eec_150,837945,3459960,45.525513,
memetic,best,"['transpose', 'exchange', 'insert']",5,30,0.8,11,25,0.1,0.5,N-be75eec_150,837945,3460020,46.515961,
memetic,best,"['transpose', 'exchange', 'insert']",5,30,0.8,11,25,0.1,0.5,N-be75eec_150,837945,3460068,47.521683,
memetic,best,"['transpose', 'exchange', 'insert']",5,30,0.8,11,25,0.1,0.5,N-be75eec_150,837945,3460140,47.653687,
memetic,best,"['transpose', 'exchange', 'insert']",5,30,0.8,11,25,0.1,0.5,N-be75eec_150,837945,3460696,48.41785,
memetic,best,"['transpose', 'exchange', 'insert']",5,30,0.8,11,25,0.1,0.5,N-be75eec_150,837945,3460756,49.042854,
memetic,best,"['transpose', 'exchange', 'insert']",5,30,0.8,11,25,0.1,0.5,N-be75eec_150,837945,3460762,49.346516,
memetic,best,"['transpose', 'exchange', 'insert']",5,30,0.8,11,25,0.1,0.5,N-be75eec_150,837945,3460806,51.286964,
memetic,best,"['transpose', 'exchange', 'insert']",5,30,0.8,11,25,0.1,0.5,N-be75eec_150,837945,3460859,52.600323,
memetic,best,"['transpose', 'exchange', 'insert']",5,30,0.8,11,25,0.1,0.5,N-be75eec_150,837945,3460861,53.065605,
memetic,best,"['transpose', 'exchange', 'insert']",5,30,0.8,11,25,0.1,0.5,N-be75eec_150,837945,3460863,53.973724,
memetic,best,"['transpose', 'exchange', 'insert']",5,30,0.8,11,25,0.1,0.5,N-be75eec_150,837945,3460875,54.121651,
memetic,best,"['transpose', 'exchange', 'insert']",5,30,0.8,11,25,0.1,0.5,N-be75eec_150,837945,3460923,76.906479,
memetic,best,"['transpose', 'exchange', 'insert']",5,30,0.8,11,25,0.1,0.5,N-be75eec_150,837945,3460983,99.000153,
memetic,best,"['transpose', 'exchange', 'insert']",5,30,0.8,11,25,0.1,0.5,N-be75eec_150,837945,3461799,99.358597,
memetic,best,"['transpose', 'exchange', 'insert']",5,30,0.8,11,25,0.1,0.5,N-be75eec_150,837945,3462371,101.3106,
memetic,best,"['transpose', 'exchange', 'insert']",5,30,0.8,11,25,0.1,0.5,N-be75eec_150,837945,3462452,102.950211,
memetic,best,"['transpose', 'exchange', 'insert']",5,30,0.8,11,25,0.1,0.5,N-be75eec_150,837945,3463127,103.565987,
memetic,best,"['transpose', 'exchange', 'insert']",5,30,0.8,11,25,0.1,0.5,N-be75eec_150,837945,3463239,104.031296,
memetic,best,"['transpose', 'exchange', 'insert']",5,30,0.8,11,25,0.1,0.5,N-be75eec_150,837945,3463763,104.283348,
memetic,best,"['transpose', 'exchange', 'insert']",5,30,0.8,11,25,0.1,0.5,N-be75eec_150,837945,3464241,104.772865,
memetic,best,"['transpose', 'exchange', 'insert']",5,30,0.8,11,25,0.1,0.5,N-be75eec_150,837945,3464907,107.059334,
memetic,best,"['transpose', 'exchange', 'insert']",5,30,0.8,11,25,0.1,0.5,N-be75eec_150,837945,3465323,107.315346,
memetic,best,"['transpose', 'exchange', 'insert']",5,30,0.8,11,25,0.1,0.5,N-be75eec_150,837945,3465765,107.596771,
memetic,best,"['transpose', 'exchange', 'insert']",5,30,0.8,11,25,0.1,0.5,N-be75eec_150,837945,3465784,108.649323,
memetic,best,"['transpose', 'exchange', 'insert']",5,30,0.8,11,25,0.1,0.5,N-be75eec_150,837945,3465972,108.857414,
memetic,best,"['transpose', 'exchange', 'insert']",5,30,0.8,11,25,0.1,0.5,N-be75eec_150,837945,3466085,109.806061,
memetic,best,"['transpose', 'exchange', 'insert']",5,30,0.8,11,25,0.1,0.5,N-be75eec_150,837945,3466150,109.949677,
memetic,best,"['transpose', 'exchange', 'insert']",5,30,0.8,11,25,0.1,0.5,N-be75eec_150,837945,3466165,110.111488,
memetic,best,"['transpose', 'exchange', 'insert']",5,30,0.8,11,25,0.1,0.5,N-be75eec_150,837945,3466188,110.212898,
memetic,best,"['transpose', 'exchange', 'insert']",5,30,0.8,11,25,0.1,0.5,N-be75eec_150,837945,3466218,110.379929,
memetic,best,"['transpose', 'exchange', 'insert']",5,30,0.8,11,25,0.1,0.5,N-be75eec_150,837945,3466289,110.524567,
memetic,best,"['transpose', 'exchange', 'insert']",5,30,0.8,11,25,0.1,0.5,N-be75eec_150,837945,3466516,110.660675,
memetic,best,"['transpose', 'exchange', 'insert']",5,30,0.8,11,25,0.1,0.5,N-be75eec_150,837945,3466521,111.092407,
memetic,best,"['transpose', 'exchange', 'insert']",5,30,0.8,11,25,0.1,0.5,N-be75eec_150,837945,3466541,111.518547,
memetic,best,"['transpose', 'exchange', 'insert']",5,30,0.8,11,25,0.1,0.5,N-be75eec_150,837945,3466549,111.622208,
memetic,best,"['transpose', 'exchange', 'insert']",5,30,0.8,11,25,0.1,0.5,N-be75eec_150,837945,3466566,111.865601,
memetic,best,"['transpose', 'exchange', 'insert']",5,30,0.8,11,25,0.1,0.5,N-be75eec_150,837945,3466578,112.467529,
memetic,best,"['transpose', 'exchange', 'insert']",5,30,0.8,11,25,0.1,0.5,N-be75eec_150,837945,3466605,113.462799,
memetic,best,"['transpose', 'exchange', 'insert']",5,30,0.8,11,25,0.1,0.5,N-be75eec_150,837945,3466618,115.183044,
memetic,best,"['transpose', 'exchange', 'insert']",5,30,0.8,11,25,0.1,0.5,N-be75eec_150,837945,3466628,118.910156,
memetic,best,"['transpose', 'exchange', 'insert']",5,30,0.8,11,25,0.1,0.5,N-be75eec_150,837945,3466630,119.414146,
memetic,best,"['transpose', 'exchange', 'insert']",5,30,0.8,11,25,0.1,0.5,N-be75eec_150,837945,3466712,124.021561,
memetic,best,"['transpose', 'exchange', 'insert']",5,30,0.8,11,25,0.1,0.5,N-be75eec_150,837945,3466715,167.288681,
memetic,best,"['transpose', 'exchange', 'insert']",5,30,0.8,11,25,0.1,0.5,N-be75eec_150,837945,3466715,249.348831,
memetic,best,"['transpose', 'exchange', 'insert']",5,30,0.8,11,25,0.1,0.5,N-be75eec_150,1155392,3415872,0.680022,
memetic,best,"['transpose', 'exchange', 'insert']",5,30,0.8,11,25,0.1,0.5,N-be75eec_150,1155392,3423133,2.131065,
memetic,best,"['transpose', 'exchange', 'insert']",5,30,0.8,11,25,0.1,0.5,N-be75eec_150,1155392,3426082,3.342626,
memetic,best,"['transpose', 'exchange', 'insert']",5,30,0.8,11,25,0.1,0.5,N-be75eec_150,1155392,3426289,3.930595,
memetic,best,"['transpose', 'exchange', 'insert']",5,30,0.8,11,25,0.1,0.5,N-be75eec_150,1155392,3427977,5.172585,
memetic,best,"['transpose', 'exchange', 'insert']",5,30,0.8,11,25,0.1,0.5,N-be75eec_150,1155392,3428661,5.661537,
memetic,best,"['transpose', 'exchange', 'insert']",5,30,0.8,11,25,0.1,0.5,N-be75eec_150,1155392,3433434,6.82449,
memetic,best,"['transpose', 'exchange', 'insert']",5,30,0.8,11,25,0.1,0.5,N-be75eec_150,1155392,3434886,7.398466,
memetic,best,"['transpose', 'exchange', 'insert']",5,30,0.8,11,25,0.1,0.5,N-be75eec_150,1155392,3435117,8.413206,
memetic,best,"['transpose', 'exchange', 'insert']",5,30,0.8,11,25,0.1,0.5,N-be75eec_150,1155392,3439025,8.970213,
memetic,best,"['transpose', 'exchange', 'insert']",5,30,0.8,11,25,0.1,0.5,N-be75eec_150,1155392,3439548,10.311899,
memetic,best,"['transpose', 'exchange', 'insert']",5,30,0.8,11,25,0.1,0.5,N-be75eec_150,1155392,3441883,10.821626,
memetic,best,"['transpose', 'exchange', 'insert']",5,30,0.8,11,25,0.1,0.5,N-be75eec_150,1155392,3443528,12.45583,
memetic,best,"['transpose', 'exchange', 'insert']",5,30,0.8,11,25,0.1,0.5,N-be75eec_150,1155392,3443664,13.801022,
memetic,best,"['transpose', 'exchange', 'insert']",5,30,0.8,11,25,0.1,0.5,N-be75eec_150,1155392,3446244,14.283065,
memetic,best,"['transpose', 'exchange', 'insert']",5,30,0.8,11,25,0.1,0.5,N-be75eec_150,1155392,3446904,17.117449,
memetic,best,"['transpose', 'exchange', 'insert']",5,30,0.8,11,25,0.1,0.5,N-be75eec_150,1155392,3449463,17.900007,
memetic,best,"['transpose', 'exchange', 'insert']",5,30,0.8,11,25,0.1,0.5,N-be75eec_150,1155392,3450441,18.967283,
memetic,best,"['transpose', 'exchange', 'insert']",5,30,0.8,11,25,0.1,0.5,N-be75eec_150,1155392,3450548,19.319496,
memetic,best,"['transpose', 'exchange', 'insert']",5,30,0.8,11,25,0.1,0.5,N-be75eec_150,1155392,3451244,20.2596,
memetic,best,"['transpose', 'exchange', 'insert']",5,30,0.8,11,25,0.1,0.5,N-be75eec_150,1155392,3451416,20.579367,
memetic,best,"['transpose', 'exchange', 'insert']",5,30,0.8,11,25,0.1,0.5,N-be75eec_150,1155392,3451643,21.579554,
memetic,best,"['transpose', 'exchange', 'insert']",5,30,0.8,11,25,0.1,0.5,N-be75eec_150,1155392,3453694,22.521687,
memetic,best,"['transpose', 'exchange', 'insert']",5,30,0.8,11,25,0.1,0.5,N-be75eec_150,1155392,3454172,23.821499,
memetic,best,"['transpose', 'exchange', 'insert']",5,30,0.8,11,25,0.1,0.5,N-be75eec_150,1155392,3454228,24.520372,
memetic,best,"['transpose', 'exchange', 'insert']",5,30,0.8,11,25,0.1,0.5,N-be75eec_150,1155392,3454528,24.842201,
memetic,best,"['transpose', 'exchange', 'insert']",5,30,0.8,11,25,0.1,0.5,N-be75eec_150,1155392,3454718,25.511261,
memetic,best,"['transpose', 'exchange', 'insert']",5,30,0.8,11,25,0.1,0.5,N-be75eec_150,1155392,3455608,25.780767,
memetic,best,"['transpose', 'exchange', 'insert']",5,30,0.8,11,25,0.1,0.5,N-be75eec_150,1155392,3455829,27.961493,
memetic,best,"['transpose', 'exchange', 'insert']",5,30,0.8,11,25,0.1,0.5,N-be75eec_150,1155392,3456117,29.405157,
memetic,best,"['transpose', 'exchange', 'insert']",5,30,0.8,11,25,0.1,0.5,N-be75eec_150,1155392,3456190,30.454655,
memetic,best,"['transpose', 'exchange', 'insert']",5,30,0.8,11,25,0.1,0.5,N-be75eec_150,1155392,3456197,30.652554,
memetic,best,"['transpose', 'exchange', 'insert']",5,30,0.8,11,25,0.1,0.5,N-be75eec_150,1155392,3457125,31.080805,
memetic,best,"['transpose', 'exchange', 'insert']",5,30,0.8,11,25,0.1,0.5,N-be75eec_150,1155392,3458880,32.107021,
memetic,best,"['transpose', 'exchange', 'insert']",5,30,0.8,11,25,0.1,0.5,N-be75eec_150,1155392,3459249,33.994339,
memetic,best,"['transpose', 'exchange', 'insert']",5,30,0.8,11,25,0.1,0.5,N-be75eec_150,1155392,3459299,34.850811,
memetic,best,"['transpose', 'exchange', 'insert']",5,30,0.8,11,25,0.1,0.5,N-be75eec_150,1155392,3459423,35.071335,
memetic,best,"['transpose', 'exchange', 'insert']",5,30,0.8,11,25,0.1,0.5,N-be75eec_150,1155392,3459555,35.855145,
memetic,best,"['transpose', 'exchange', 'insert']",5,30,0.8,11,25,0.1,0.5,N-be75eec_150,1155392,3459600,36.126869,
memetic,best,"['transpose', 'exchange', 'insert']",5,30,0.8,11,25,0.1,0.5,N-be75eec_150,1155392,3459631,36.281693,
memetic,best,"['transpose', 'exchange', 'insert']",5,30,0.8,11,25,0.1,0.5,N-be75eec_150,1155392,3459643,36.687218,
memetic,best,"['transpose', 'exchange', 'insert']",5,30,0.8,11,25,0.1,0.5,N-be75eec_150,1155392,3459661,36.929478,
memetic,best,"['transpose', 'exchange', 'insert']",5,30,0.8,11,25,0.1,0.5,N-be75eec_150,1155392,3459714,37.520065,
memetic,best,"['transpose', 'exchange', 'insert']",5,30,0.8,11,25,0.1,0.5,N-be75eec_150,1155392,3459719,38.59285,
memetic,best,"['transpose', 'exchange', 'insert']",5,30,0.8,11,25,0.1,0.5,N-be75eec_150,1155392,3459722,39.071392,
memetic,best,"['transpose', 'exchange', 'insert']",5,30,0.8,11,25,0.1,0.5,N-be75eec_150,1155392,3459734,39.312881,
memetic,best,"['transpose', 'exchange', 'insert']",5,30,0.8,11,25,0.1,0.5,N-be75eec_150,1155392,3459785,39.809464,
memetic,best,"['transpose', 'exchange', 'insert']",5,30,0.8,11,25,0.1,0.5,N-be75eec_150,1155392,3459801,44.100719,
memetic,best,"['transpose', 'exchange', 'insert']",5,30,0.8,11,25,0.1,0.5,N-be75eec_150,1155392,3459886,44.5368,
memetic,best,"['transpose', 'exchange', 'insert']",5,30,0.8,11,25,0.1,0.5,N-be75eec_150,1155392,3459888,44.67598,
memetic,best,"['transpose', 'exchange', 'insert']",5,30,0.8,11,25,0.1,0.5,N-be75eec_150,1155392,3459907,44.839027,
memetic,best,"['transpose', 'exchange', 'insert']",5,30,0.8,11,25,0.1,0.5,N-be75eec_150,1155392,3459941,45.064281,
memetic,best,"['transpose', 'exchange', 'insert']",5,30,0.8,11,25,0.1,0.5,N-be75eec_150,1155392,3459960,45.583973,
memetic,best,"['transpose', 'exchange', 'insert']",5,30,0.8,11,25,0.1,0.5,N-be75eec_150,1155392,3460020,46.589741,
memetic,best,"['transpose', 'exchange', 'insert']",5,30,0.8,11,25,0.1,0.5,N-be75eec_150,1155392,3460068,47.633411,
memetic,best,"['transpose', 'exchange', 'insert']",5,30,0.8,11,25,0.1,0.5,N-be75eec_150,1155392,3460140,47.774799,
memetic,best,"['transpose', 'exchange', 'insert']",5,30,0.8,11,25,0.1,0.5,N-be75eec_150,1155392,3460696,48.509869,
memetic,best,"['transpose', 'exchange', 'insert']",5,30,0.8,11,25,0.1,0.5,N-be75eec_150,1155392,3460756,49.142056,
memetic,best,"['transpose', 'exchange', 'insert']",5,30,0.8,11,25,0.1,0.5,N-be75eec_150,1155392,3460762,49.4874,
memetic,best,"['transpose', 'exchange', 'insert']",5,30,0.8,11,25,0.1,0.5,N-be75eec_150,1155392,3460806,51.455219,
memetic,best,"['transpose', 'exchange', 'insert']",5,30,0.8,11,25,0.1,0.5,N-be75eec_150,1155392,3460859,52.783634,
memetic,best,"['transpose', 'exchange', 'insert']",5,30,0.8,11,25,0.1,0.5,N-be75eec_150,1155392,3460861,53.275421,
memetic,best,"['transpose', 'exchange', 'insert']",5,30,0.8,11,25,0.1,0.5,N-be75eec_150,1155392,3460863,54.14325,
memetic,best,"['transpose', 'exchange', 'insert']",5,30,0.8,11,25,0.1,0.5,N-be75eec_150,1155392,3460875,54.293301,
memetic,best,"['transpose', 'exchange', 'insert']",5,30,0.8,11,25,0.1,0.5,N-be75eec_150,1155392,3460923,77.340889,
memetic,best,"['transpose', 'exchange', 'insert']",5,30,0.8,11,25,0.1,0.5,N-be75eec_150,1155392,3460983,99.969948,
memetic,best,"['transpose', 'exchange', 'insert']",5,30,0.8,11,25,0.1,0.5,N-be75eec_150,1155392,3461799,100.330307,
memetic,best,"['transpose', 'exchange', 'insert']",5,30,0.8,11,25,0.1,0.5,N-be75eec_150,1155392,3462371,102.284431,
memetic,best,"['transpose', 'exchange', 'insert']",5,30,0.8,11,25,0.1,0.5,N-be75eec_150,1155392,3462452,103.963127,
memetic,best,"['transpose', 'exchange', 'insert']",5,30,0.8,11,25,0.1,0.5,N-be75eec_150,1155392,3463127,104.572205,
memetic,best,"['transpose', 'exchange', 'insert']",5,30,0.8,11,25,0.1,0.5,N-be75eec_150,1155392,3463239,105.043976,
memetic,best,"['transpose', 'exchange', 'insert']",5,30,0.8,11,25,0.1,0.5,N-be75eec_150,1155392,3463763,105.309273,
memetic,best,"['transpose', 'exchange', 'insert']",5,30,0.8,11,25,0.1,0.5,N-be75eec_150,1155392,3464241,105.80703,
memetic,best,"['transpose', 'exchange', 'insert']",5,30,0.8,11,25,0.1,0.5,N-be75eec_150,1155392,3464907,108.101547,
memetic,best,"['transpose', 'exchange', 'insert']",5,30,0.8,11,25,0.1,0.5,N-be75eec_150,1155392,3465323,108.357567,
memetic,best,"['transpose', 'exchange', 'insert']",5,30,0.8,11,25,0.1,0.5,N-be75eec_150,1155392,3465765,108.64959,
memetic,best,"['transpose', 'exchange', 'insert']",5,30,0.8,11,25,0.1,0.5,N-be75eec_150,1155392,3465784,109.713524,
memetic,best,"['transpose', 'exchange', 'insert']",5,30,0.8,11,25,0.1,0.5,N-be75eec_150,1155392,3465972,109.951981,
memetic,best,"['transpose', 'exchange', 'insert']",5,30,0.8,11,25,0.1,0.5,N-be75eec_150,1155392,3466085,110.90406,
memetic,best,"['transpose', 'exchange', 'insert']",5,30,0.8,11,25,0.1,0.5,N-be75eec_150,1155392,3466150,111.047905,
memetic,best,"['transpose', 'exchange', 'insert']",5,30,0.8,11,25,0.1,0.5,N-be75eec_150,1155392,3466165,111.199463,
memetic,best,"['transpose', 'exchange', 'insert']",5,30,0.8,11,25,0.1,0.5,N-be75eec_150,1155392,3466188,111.302078,
memetic,best,"['transpose', 'exchange', 'insert']",5,30,0.8,11,25,0.1,0.5,N-be75eec_150,1155392,3466218,111.478706,
memetic,best,"['transpose', 'exchange', 'insert']",5,30,0.8,11,25,0.1,0.5,N-be75eec_150,1155392,3466289,111.614716,
memetic,best,"['transpose', 'exchange', 'insert']",5,30,0.8,11,25,0.1,0.5,N-be75eec_150,1155392,3466516,111.749809,
memetic,best,"['transpose', 'exchange', 'insert']",5,30,0.8,11,25,0.1,0.5,N-be75eec_150,1155392,3466521,112.178123,
memetic,best,"['transpose', 'exchange', 'insert']",5,30,0.8,11,25,0.1,0.5,N-be75eec_150,1155392,3466541,112.578865,
memetic,best,"['transpose', 'exchange', 'insert']",5,30,0.8,11,25,0.1,0.5,N-be75eec_150,1155392,3466549,112.684158,
memetic,best,"['transpose', 'exchange', 'insert']",5,30,0.8,11,25,0.1,0.5,N-be75eec_150,1155392,3466566,112.946617,
memetic,best,"['transpose', 'exchange', 'insert']",5,30,0.8,11,25,0.1,0.5,N-be75eec_150,1155392,3466578,113.564888,
memetic,best,"['transpose', 'exchange', 'insert']",5,30,0.8,11,25,0.1,0.5,N-be75eec_150,1155392,3466605,114.596283,
memetic,best,"['transpose', 'exchange', 'insert']",5,30,0.8,11,25,0.1,0.5,N-be75eec_150,1155392,3466618,116.302711,
memetic,best,"['transpose', 'exchange', 'insert']",5,30,0.8,11,25,0.1,0.5,N-be75eec_150,1155392,3466628,119.987755,
memetic,best,"['transpose', 'exchange', 'insert']",5,30,0.8,11,25,0.1,0.5,N-be75eec_150,1155392,3466630,120.490181,
memetic,best,"['transpose', 'exchange', 'insert']",5,30,0.8,11,25,0.1,0.5,N-be75eec_150,1155392,3466712,125.146721,
memetic,best,"['transpose', 'exchange', 'insert']",5,30,0.8,11,25,0.1,0.5,N-be75eec_150,1155392,3466715,168.801773,
memetic,best,"['transpose', 'exchange', 'insert']",5,30,0.8,11,25,0.1,0.5,N-be75eec_150,1155392,3466715,251.445709,
memetic,best,"['transpose', 'exchange', 'insert']",5,30,0.8,11,25,0.1,0.5,N-be75eec_150,1626921,3415872,0.73287,
memetic,best,"['transpose', 'exchange', 'insert']",5,30,0.8,11,25,0.1,0.5,N-be75eec_150,1626921,3423133,2.176161,
memetic,best,"['transpose', 'exchange', 'insert']",5,30,0.8,11,25,0.1,0.5,N-be75eec_150,1626921,3426082,3.396711,
memetic,best,"['transpose', 'exchange', 'insert']",5,30,0.8,11,25,0.1,0.5,N-be75eec_150,1626921,3426289,3.99999,
memetic,best,"['transpose', 'exchange', 'insert']",5,30,0.8,11,25,0.1,0.5,N-be75eec_150,1626921,3427977,5.255345,
memetic,best,"['transpose', 'exchange', 'insert']",5,30,0.8,11,25,0.1,0.5,N-be75eec_150,1626921,3428661,5.744793,
memetic,best,"['transpose', 'exchange', 'insert']",5,30,0.8,11,25,0.1,0.5,N-be75eec_150,1626921,3433434,6.886831,
memetic,best,"['transpose', 'exchange', 'insert']",5,30,0.8,11,25,0.1,0.5,N-be75eec_150,1626921,3434886,7.464211,
memetic,best,"['transpose', 'exchange', 'insert']",5,30,0.8,11,25,0.1,0.5,N-be75eec_150,1626921,3435117,8.465812,
memetic,best,"['transpose', 'exchange', 'insert']",5,30,0.8,11,25,0.1,0.5,N-be75eec_150,1626921,3439025,9.026927,
memetic,best,"['transpose', 'exchange', 'insert']",5,30,0.8,11,25,0.1,0.5,N-be75eec_150,1626921,3439548,10.34707,
memetic,best,"['transpose', 'exchange', 'insert']",5,30,0.8,11,25,0.1,0.5,N-be75eec_150,1626921,3441883,10.860433,
memetic,best,"['transpose', 'exchange', 'insert']",5,30,0.8,11,25,0.1,0.5,N-be75eec_150,1626921,3443528,12.477712,
memetic,best,"['transpose', 'exchange', 'insert']",5,30,0.8,11,25,0.1,0.5,N-be75eec_150,1626921,3443664,13.79595,
memetic,best,"['transpose', 'exchange', 'insert']",5,30,0.8,11,25,0.1,0.5,N-be75eec_150,1626921,3446244,14.254952,
memetic,best,"['transpose', 'exchange', 'insert']",5,30,0.8,11,25,0.1,0.5,N-be75eec_150,1626921,3446904,17.105536,
memetic,best,"['transpose', 'exchange', 'insert']",5,30,0.8,11,25,0.1,0.5,N-be75eec_150,1626921,3449463,17.879139,
memetic,best,"['transpose', 'exchange', 'insert']",5,30,0.8,11,25,0.1,0.5,N-be75eec_150,1626921,3450441,18.913818,
memetic,best,"['transpose', 'exchange', 'insert']",5,30,0.8,11,25,0.1,0.5,N-be75eec_150,1626921,3450548,19.235151,
memetic,best,"['transpose', 'exchange', 'insert']",5,30,0.8,11,25,0.1,0.5,N-be75eec_150,1626921,3451244,20.17551,
memetic,best,"['transpose', 'exchange', 'insert']",5,30,0.8,11,25,0.1,0.5,N-be75eec_150,1626921,3451416,20.533243,
memetic,best,"['transpose', 'exchange', 'insert']",5,30,0.8,11,25,0.1,0.5,N-be75eec_150,1626921,3451643,21.523321,
memetic,best,"['transpose', 'exchange', 'insert']",5,30,0.8,11,25,0.1,0.5,N-be75eec_150,1626921,3453694,22.438194,
memetic,best,"['transpose', 'exchange', 'insert']",5,30,0.8,11,25,0.1,0.5,N-be75eec_150,1626921,3454172,23.740295,
memetic,best,"['transpose', 'exchange', 'insert']",5,30,0.8,11,25,0.1,0.5,N-be75eec_150,1626921,3454228,24.410868,
memetic,best,"['transpose', 'exchange', 'insert']",5,30,0.8,11,25,0.1,0.5,N-be75eec_150,1626921,3454528,24.739876,
memetic,best,"['transpose', 'exchange', 'insert']",5,30,0.8,11,25,0.1,0.5,N-be75eec_150,1626921,3454718,25.395723,
memetic,best,"['transpose', 'exchange', 'insert']",5,30,0.8,11,25,0.1,0.5,N-be75eec_150,1626921,3455608,25.649265,
memetic,best,"['transpose', 'exchange', 'insert']",5,30,0.8,11,25,0.1,0.5,N-be75eec_150,1626921,3455829,27.831276,
memetic,best,"['transpose', 'exchange', 'insert']",5,30,0.8,11,25,0.1,0.5,N-be75eec_150,1626921,3456117,29.277821,
memetic,best,"['transpose', 'exchange', 'insert']",5,30,0.8,11,25,0.1,0.5,N-be75eec_150,1626921,3456190,30.311386,
memetic,best,"['transpose', 'exchange', 'insert']",5,30,0.8,11,25,0.1,0.5,N-be75eec_150,1626921,3456197,30.513191,
memetic,best,"['transpose', 'exchange', 'insert']",5,30,0.8,11,25,0.1,0.5,N-be75eec_150,1626921,3457125,30.925066,
memetic,best,"['transpose', 'exchange', 'insert']",5,30,0.8,11,25,0.1,0.5,N-be75eec_150,1626921,3458880,31.93326,
memetic,best,"['transpose', 'exchange', 'insert']",5,30,0.8,11,25,0.1,0.5,N-be75eec_150,1626921,3459249,33.80397,
memetic,best,"['transpose', 'exchange', 'insert']",5,30,0.8,11,25,0.1,0.5,N-be75eec_150,1626921,3459299,34.640915,
memetic,best,"['transpose', 'exchange', 'insert']",5,30,0.8,11,25,0.1,0.5,N-be75eec_150,1626921,3459423,34.855644,
memetic,best,"['transpose', 'exchange', 'insert']",5,30,0.8,11,25,0.1,0.5,N-be75eec_150,1626921,3459555,35.621372,
memetic,best,"['transpose', 'exchange', 'insert']",5,30,0.8,11,25,0.1,0.5,N-be75eec_150,1626921,3459600,35.905674,
memetic,best,"['transpose', 'exchange', 'insert']",5,30,0.8,11,25,0.1,0.5,N-be75eec_150,1626921,3459631,36.059593,
memetic,best,"['transpose', 'exchange', 'insert']",5,30,0.8,11,25,0.1,0.5,N-be75eec_150,1626921,3459643,36.424152,
memetic,best,"['transpose', 'exchange', 'insert']",5,30,0.8,11,25,0.1,0.5,N-be75eec_150,1626921,3459661,36.654606,
memetic,best,"['transpose', 'exchange', 'insert']",5,30,0.8,11,25,0.1,0.5,N-be75eec_150,1626921,3459714,37.244904,
memetic,best,"['transpose', 'exchange', 'insert']",5,30,0.8,11,25,0.1,0.5,N-be75eec_150,1626921,3459719,38.298367,
memetic,best,"['transpose', 'exchange', 'insert']",5,30,0.8,11,25,0.1,0.5,N-be75eec_150,1626921,3459722,38.775501,
memetic,best,"['transpose', 'exchange', 'insert']",5,30,0.8,11,25,0.1,0.5,N-be75eec_150,1626921,3459734,39.017277,
memetic,best,"['transpose', 'exchange', 'insert']",5,30,0.8,11,25,0.1,0.5,N-be75eec_150,1626921,3459785,39.554878,
memetic,best,"['transpose', 'exchange', 'insert']",5,30,0.8,11,25,0.1,0.5,N-be75eec_150,1626921,3459801,43.88739,
memetic,best,"['transpose', 'exchange', 'insert']",5,30,0.8,11,25,0.1,0.5,N-be75eec_150,1626921,3459886,44.312592,
memetic,best,"['transpose', 'exchange', 'insert']",5,30,0.8,11,25,0.1,0.5,N-be75eec_150,1626921,3459888,44.448841,
memetic,best,"['transpose', 'exchange', 'insert']",5,30,0.8,11,25,0.1,0.5,N-be75eec_150,1626921,3459907,44.61618,
memetic,best,"['transpose', 'exchange', 'insert']",5,30,0.8,11,25,0.1,0.5,N-be75eec_150,1626921,3459941,44.835617,
memetic,best,"['transpose', 'exchange', 'insert']",5,30,0.8,11,25,0.1,0.5,N-be75eec_150,1626921,3459960,45.374645,
memetic,best,"['transpose', 'exchange', 'insert']",5,30,0.8,11,25,0.1,0.5,N-be75eec_150,1626921,3460020,46.351105,
memetic,best,"['transpose', 'exchange', 'insert']",5,30,0.8,11,25,0.1,0.5,N-be75eec_150,1626921,3460068,47.391129,
memetic,best,"['transpose', 'exchange', 'insert']",5,30,0.8,11,25,0.1,0.5,N-be75eec_150,1626921,3460140,47.527367,
memetic,best,"['transpose', 'exchange', 'insert']",5,30,0.8,11,25,0.1,0.5,N-be75eec_150,1626921,3460696,48.285492,
memetic,best,"['transpose', 'exchange', 'insert']",5,30,0.8,11,25,0.1,0.5,N-be75eec_150,1626921,3460756,48.971104,
memetic,best,"['transpose', 'exchange', 'insert']",5,30,0.8,11,25,0.1,0.5,N-be75eec_150,1626921,3460762,49.270416,
memetic,best,"['transpose', 'exchange', 'insert']",5,30,0.8,11,25,0.1,0.5,N-be75eec_150,1626921,3460806,51.280281,
memetic,best,"['transpose', 'exchange', 'insert']",5,30,0.8,11,25,0.1,0.5,N-be75eec_150,1626921,3460859,52.564125,
memetic,best,"['transpose', 'exchange', 'insert']",5,30,0.8,11,25,0.1,0.5,N-be75eec_150,1626921,3460861,53.024464,
memetic,best,"['transpose', 'exchange', 'insert']",5,30,0.8,11,25,0.1,0.5,N-be75eec_150,1626921,3460863,53.888279,
memetic,best,"['transpose', 'exchange', 'insert']",5,30,0.8,11,25,0.1,0.5,N-be75eec_150,1626921,3460875,54.0425,
memetic,best,"['transpose', 'exchange', 'insert']",5,30,0.8,11,25,0.1,0.5,N-be75eec_150,1626921,3460923,76.95343,
memetic,best,"['transpose', 'exchange', 'insert']",5,30,0.8,11,25,0.1,0.5,N-be75eec_150,1626921,3460983,99.44384,
memetic,best,"['transpose', 'exchange', 'insert']",5,30,0.8,11,25,0.1,0.5,N-be75eec_150,1626921,3461799,99.820442,
memetic,best,"['transpose', 'exchange', 'insert']",5,30,0.8,11,25,0.1,0.5,N-be75eec_150,1626921,3462371,101.781326,
memetic,best,"['transpose', 'exchange', 'insert']",5,30,0.8,11,25,0.1,0.5,N-be75eec_150,1626921,3462452,103.446404,
memetic,best,"['transpose', 'exchange', 'insert']",5,30,0.8,11,25,0.1,0.5,N-be75eec_150,1626921,3463127,104.055206,
memetic,best,"['transpose', 'exchange', 'insert']",5,30,0.8,11,25,0.1,0.5,N-be75eec_150,1626921,3463239,104.523117,
memetic,best,"['transpose', 'exchange', 'insert']",5,30,0.8,11,25,0.1,0.5,N-be75eec_150,1626921,3463763,104.781639,
memetic,best,"['transpose', 'exchange', 'insert']",5,30,0.8,11,25,0.1,0.5,N-be75eec_150,1626921,3464241,105.294395,
memetic,best,"['transpose', 'exchange', 'insert']",5,30,0.8,11,25,0.1,0.5,N-be75eec_150,1626921,3464907,107.557587,
memetic,best,"['transpose', 'exchange', 'insert']",5,30,0.8,11,25,0.1,0.5,N-be75eec_150,1626921,3465323,107.814735,
memetic,best,"['transpose', 'exchange', 'insert']",5,30,0.8,11,25,0.1,0.5,N-be75eec_150,1626921,3465765,108.085915,
memetic,best,"['transpose', 'exchange', 'insert']",5,30,0.8,11,25,0.1,0.5,N-be75eec_150,1626921,3465784,109.148705,
memetic,best,"['transpose', 'exchange', 'insert']",5,30,0.8,11,25,0.1,0.5,N-be75eec_150,1626921,3465972,109.371941,
memetic,best,"['transpose', 'exchange', 'insert']",5,30,0.8,11,25,0.1,0.5,N-be75eec_150,1626921,3466085,110.322456,
memetic,best,"['transpose', 'exchange', 'insert']",5,30,0.8,11,25,0.1,0.5,N-be75eec_150,1626921,3466150,110.461868,
memetic,best,"['transpose', 'exchange', 'insert']",5,30,0.8,11,25,0.1,0.5,N-be75eec_150,1626921,3466165,110.606544,
memetic,best,"['transpose', 'exchange', 'insert']",5,30,0.8,11,25,0.1,0.5,N-be75eec_150,1626921,3466188,110.718842,
memetic,best,"['transpose', 'exchange', 'insert']",5,30,0.8,11,25,0.1,0.5,N-be75eec_150,1626921,3466218,110.893356,
memetic,best,"['transpose', 'exchange', 'insert']",5,30,0.8,11,25,0.1,0.5,N-be75eec_150,1626921,3466289,111.025208,
memetic,best,"['transpose', 'exchange', 'insert']",5,30,0.8,11,25,0.1,0.5,N-be75eec_150,1626921,3466516,111.161163,
memetic,best,"['transpose', 'exchange', 'insert']",5,30,0.8,11,25,0.1,0.5,N-be75eec_150,1626921,3466521,111.59642,
memetic,best,"['transpose', 'exchange', 'insert']",5,30,0.8,11,25,0.1,0.5,N-be75eec_150,1626921,3466541,112.009918,
memetic,best,"['transpose', 'exchange', 'insert']",5,30,0.8,11,25,0.1,0.5,N-be75eec_150,1626921,3466549,112.123718,
memetic,best,"['transpose', 'exchange', 'insert']",5,30,0.8,11,25,0.1,0.5,N-be75eec_150,1626921,3466566,112.383675,
memetic,best,"['transpose', 'exchange', 'insert']",5,30,0.8,11,25,0.1,0.5,N-be75eec_150,1626921,3466578,113.022537,
memetic,best,"['transpose', 'exchange', 'insert']",5,30,0.8,11,25,0.1,0.5,N-be75eec_150,1626921,3466605,113.990768,
memetic,best,"['transpose', 'exchange', 'insert']",5,30,0.8,11,25,0.1,0.5,N-be75eec_150,1626921,3466618,115.725647,
memetic,best,"['transpose', 'exchange', 'insert']",5,30,0.8,11,25,0.1,0.5,N-be75eec_150,1626921,3466628,119.420334,
memetic,best,"['transpose', 'exchange', 'insert']",5,30,0.8,11,25,0.1,0.5,N-be75eec_150,1626921,3466630,119.927238,
memetic,best,"['transpose', 'exchange', 'insert']",5,30,0.8,11,25,0.1,0.5,N-be75eec_150,1626921,3466712,124.563179,
memetic,best,"['transpose', 'exchange', 'insert']",5,30,0.8,11,25,0.1,0.5,N-be75eec_150,1626921,3466715,168.091171,
memetic,best,"['transpose', 'exchange', 'insert']",5,30,0.8,11,25,0.1,0.5,N-be75eec_150,1626921,3466715,250.799393,
memetic,best,"['transpose', 'exchange', 'insert']",5,30,0.8,11,25,0.1,0.5,N-be75eec_150,2107619,3415872,0.705085,
memetic,best,"['transpose', 'exchange', 'insert']",5,30,0.8,11,25,0.1,0.5,N-be75eec_150,2107619,3423133,2.084162,
memetic,best,"['transpose', 'exchange', 'insert']",5,30,0.8,11,25,0.1,0.5,N-be75eec_150,2107619,3426082,3.295463,
memetic,best,"['transpose', 'exchange', 'insert']",5,30,0.8,11,25,0.1,0.5,N-be75eec_150,2107619,3426289,3.865693,
memetic,best,"['transpose', 'exchange', 'insert']",5,30,0.8,11,25,0.1,0.5,N-be75eec_150,2107619,3427977,5.047929,
memetic,best,"['transpose', 'exchange', 'insert']",5,30,0.8,11,25,0.1,0.5,N-be75eec_150,2107619,3428661,5.531167,
memetic,best,"['transpose', 'exchange', 'insert']",5,30,0.8,11,25,0.1,0.5,N-be75eec_150,2107619,3433434,6.662688,
memetic,best,"['transpose', 'exchange', 'insert']",5,30,0.8,11,25,0.1,0.5,N-be75eec_150,2107619,3434886,7.220057,
memetic,best,"['transpose', 'exchange', 'insert']",5,30,0.8,11,25,0.1,0.5,N-be75eec_150,2107619,3435117,8.204781,
memetic,best,"['transpose', 'exchange', 'insert']",5,30,0.8,11,25,0.1,0.5,N-be75eec_150,2107619,3439025,8.78741,
memetic,best,"['transpose', 'exchange', 'insert']",5,30,0.8,11,25,0.1,0.5,N-be75eec_150,2107619,3439548,10.100174,
memetic,best,"['transpose', 'exchange', 'insert']",5,30,0.8,11,25,0.1,0.5,N-be75eec_150,2107619,3441883,10.623783,
memetic,best,"['transpose', 'exchange', 'insert']",5,30,0.8,11,25,0.1,0.5,N-be75eec_150,2107619,3443528,12.214697,
memetic,best,"['transpose', 'exchange', 'insert']",5,30,0.8,11,25,0.1,0.5,N-be75eec_150,2107619,3443664,13.527761,
memetic,best,"['transpose', 'exchange', 'insert']",5,30,0.8,11,25,0.1,0.5,N-be75eec_150,2107619,3446244,14.012629,
memetic,best,"['transpose', 'exchange', 'insert']",5,30,0.8,11,25,0.1,0.5,N-be75eec_150,2107619,3446904,16.840303,
memetic,best,"['transpose', 'exchange', 'insert']",5,30,0.8,11,25,0.1,0.5,N-be75eec_150,2107619,3449463,17.616121,
memetic,best,"['transpose', 'exchange', 'insert']",5,30,0.8,11,25,0.1,0.5,N-be75eec_150,2107619,3450441,18.646124,
memetic,best,"['transpose', 'exchange', 'insert']",5,30,0.8,11,25,0.1,0.5,N-be75eec_150,2107619,3450548,19.000463,
memetic,best,"['transpose', 'exchange', 'insert']",5,30,0.8,11,25,0.1,0.5,N-be75eec_150,2107619,3451244,19.942791,
memetic,best,"['transpose', 'exchange', 'insert']",5,30,0.8,11,25,0.1,0.5,N-be75eec_150,2107619,3451416,20.259995,
memetic,best,"['transpose', 'exchange', 'insert']",5,30,0.8,11,25,0.1,0.5,N-be75eec_150,2107619,3451643,21.219976,
memetic,best,"['transpose', 'exchange', 'insert']",5,30,0.8,11,25,0.1,0.5,N-be75eec_150,2107619,3453694,22.175196,
memetic,best,"['transpose', 'exchange', 'insert']",5,30,0.8,11,25,0.1,0.5,N-be75eec_150,2107619,3454172,23.487942,
memetic,best,"['transpose', 'exchange', 'insert']",5,30,0.8,11,25,0.1,0.5,N-be75eec_150,2107619,3454228,24.158653,
memetic,best,"['transpose', 'exchange', 'insert']",5,30,0.8,11,25,0.1,0.5,N-be75eec_150,2107619,3454528,24.492901,
memetic,best,"['transpose', 'exchange', 'insert']",5,30,0.8,11,25,0.1,0.5,N-be75eec_150,2107619,3454718,25.152664,
memetic,best,"['transpose', 'exchange', 'insert']",5,30,0.8,11,25,0.1,0.5,N-be75eec_150,2107619,3455608,25.398792,
memetic,best,"['transpose', 'exchange', 'insert']",5,30,0.8,11,25,0.1,0.5,N-be75eec_150,2107619,3455829,27.608717,
memetic,best,"['transpose', 'exchange', 'insert']",5,30,0.8,11,25,0.1,0.5,N-be75eec_150,2107619,3456117,29.040085,
memetic,best,"['transpose', 'exchange', 'insert']",5,30,0.8,11,25,0.1,0.5,N-be75eec_150,2107619,3456190,30.073498,
memetic,best,"['transpose', 'exchange', 'insert']",5,30,0.8,11,25,0.1,0.5,N-be75eec_150,2107619,3456197,30.280121,
memetic,best,"['transpose', 'exchange', 'insert']",5,30,0.8,11,25,0.1,0.5,N-be75eec_150,2107619,3457125,30.689234,
memetic,best,"['transpose', 'exchange', 'insert']",5,30,0.8,11,25,0.1,0.5,N-be75eec_150,2107619,3458880,31.689226,
memetic,best,"['transpose', 'exchange', 'insert']",5,30,0.8,11,25,0.1,0.5,N-be75eec_150,2107619,3459249,33.531406,
memetic,best,"['transpose', 'exchange', 'insert']",5,30,0.8,11,25,0.1,0.5,N-be75eec_150,2107619,3459299,34.367371,
memetic,best,"['transpose', 'exchange', 'insert']",5,30,0.8,11,25,0.1,0.5,N-be75eec_150,2107619,3459423,34.586315,
memetic,best,"['transpose', 'exchange', 'insert']",5,30,0.8,11,25,0.1,0.5,N-be75eec_150,2107619,3459555,35.358444,
memetic,best,"['transpose', 'exchange', 'insert']",5,30,0.8,11,25,0.1,0.5,N-be75eec_150,2107619,3459600,35.633793,
memetic,best,"['transpose', 'exchange', 'insert']",5,30,0.8,11,25,0.1,0.5,N-be75eec_150,2107619,3459631,35.785957,
memetic,best,"['transpose', 'exchange', 'insert']",5,30,0.8,11,25,0.1,0.5,N-be75eec_150,2107619,3459643,36.150402,
memetic,best,"['transpose', 'exchange', 'insert']",5,30,0.8,11,25,0.1,0.5,N-be75eec_150,2107619,3459661,36.389423,
memetic,best,"['transpose', 'exchange', 'insert']",5,30,0.8,11,25,0.1,0.5,N-be75eec_150,2107619,3459714,36.970509,
memetic,best,"['transpose', 'exchange', 'insert']",5,30,0.8,11,25,0.1,0.5,N-be75eec_150,2107619,3459719,38.011719,
memetic,best,"['transpose', 'exchange', 'insert']",5,30,0.8,11,25,0.1,0.5,N-be75eec_150,2107619,3459722,38.479019,
memetic,best,"['transpose', 'exchange', 'insert']",5,30,0.8,11,25,0.1,0.5,N-be75eec_150,2107619,3459734,38.7132,
memetic,best,"['transpose', 'exchange', 'insert']",5,30,0.8,11,25,0.1,0.5,N-be75eec_150,2107619,3459785,39.197872,
memetic,best,"['transpose', 'exchange', 'insert']",5,30,0.8,11,25,0.1,0.5,N-be75eec_150,2107619,3459801,43.436268,
memetic,best,"['transpose', 'exchange', 'insert']",5,30,0.8,11,25,0.1,0.5,N-be75eec_150,2107619,3459886,43.862228,
memetic,best,"['transpose', 'exchange', 'insert']",5,30,0.8,11,25,0.1,0.5,N-be75eec_150,2107619,3459888,44.012566,
memetic,best,"['transpose', 'exchange', 'insert']",5,30,0.8,11,25,0.1,0.5,N-be75eec_150,2107619,3459907,44.172092,
memetic,best,"['transpose', 'exchange', 'insert']",5,30,0.8,11,25,0.1,0.5,N-be75eec_150,2107619,3459941,44.400108,
memetic,best,"['transpose', 'exchange', 'insert']",5,30,0.8,11,25,0.1,0.5,N-be75eec_150,2107619,3459960,44.948063,
memetic,best,"['transpose', 'exchange', 'insert']",5,30,0.8,11,25,0.1,0.5,N-be75eec_150,2107619,3460020,45.950035,
memetic,best,"['transpose', 'exchange', 'insert']",5,30,0.8,11,25,0.1,0.5,N-be75eec_150,2107619,3460068,46.941368,
memetic,best,"['transpose', 'exchange', 'insert']",5,30,0.8,11,25,0.1,0.5,N-be75eec_150,2107619,3460140,47.08083,
memetic,best,"['transpose', 'exchange', 'insert']",5,30,0.8,11,25,0.1,0.5,N-be75eec_150,2107619,3460696,47.873219,
memetic,best,"['transpose', 'exchange', 'insert']",5,30,0.8,11,25,0.1,0.5,N-be75eec_150,2107619,3460756,48.500954,
memetic,best,"['transpose', 'exchange', 'insert']",5,30,0.8,11,25,0.1,0.5,N-be75eec_150,2107619,3460762,48.797977,
memetic,best,"['transpose', 'exchange', 'insert']",5,30,0.8,11,25,0.1,0.5,N-be75eec_150,2107619,3460806,50.708939,
memetic,best,"['transpose', 'exchange', 'insert']",5,30,0.8,11,25,0.1,0.5,N-be75eec_150,2107619,3460859,52.002426,
memetic,best,"['transpose', 'exchange', 'insert']",5,30,0.8,11,25,0.1,0.5,N-be75eec_150,2107619,3460861,52.450668,
memetic,best,"['transpose', 'exchange', 'insert']",5,30,0.8,11,25,0.1,0.5,N-be75eec_150,2107619,3460863,53.279877,
memetic,best,"['transpose', 'exchange', 'insert']",5,30,0.8,11,25,0.1,0.5,N-be75eec_150,2107619,3460875,53.420784,
memetic,best,"['transpose', 'exchange', 'insert']",5,30,0.8,11,25,0.1,0.5,N-be75eec_150,2107619,3460923,76.108864,
memetic,best,"['transpose', 'exchange', 'insert']",5,30,0.8,11,25,0.1,0.5,N-be75eec_150,2107619,3460983,98.172035,
memetic,best,"['transpose', 'exchange', 'insert']",5,30,0.8,11,25,0.1,0.5,N-be75eec_150,2107619,3461799,98.534019,
memetic,best,"['transpose', 'exchange', 'insert']",5,30,0.8,11,25,0.1,0.5,N-be75eec_150,2107619,3462371,100.460861,
memetic,best,"['transpose', 'exchange', 'insert']",5,30,0.8,11,25,0.1,0.5,N-be75eec_150,2107619,3462452,102.070549,
memetic,best,"['transpose', 'exchange', 'insert']",5,30,0.8,11,25,0.1,0.5,N-be75eec_150,2107619,3463127,102.689804,
memetic,best,"['transpose', 'exchange', 'insert']",5,30,0.8,11,25,0.1,0.5,N-be75eec_150,2107619,3463239,103.141731,
memetic,best,"['transpose', 'exchange', 'insert']",5,30,0.8,11,25,0.1,0.5,N-be75eec_150,2107619,3463763,103.416191,
memetic,best,"['transpose', 'exchange', 'insert']",5,30,0.8,11,25,0.1,0.5,N-be75eec_150,2107619,3464241,103.911819,
memetic,best,"['transpose', 'exchange', 'insert']",5,30,0.8,11,25,0.1,0.5,N-be75eec_150,2107619,3464907,106.226616,
memetic,best,"['transpose', 'exchange', 'insert']",5,30,0.8,11,25,0.1,0.5,N-be75eec_150,2107619,3465323,106.488373,
memetic,best,"['transpose', 'exchange', 'insert']",5,30,0.8,11,25,0.1,0.5,N-be75eec_150,2107619,3465765,106.752357,
memetic,best,"['transpose', 'exchange', 'insert']",5,30,0.8,11,25,0.1,0.5,N-be75eec_150,2107619,3465784,107.762222,
memetic,best,"['transpose', 'exchange', 'insert']",5,30,0.8,11,25,0.1,0.5,N-be75eec_150,2107619,3465972,107.968285,
memetic,best,"['transpose', 'exchange', 'insert']",5,30,0.8,11,25,0.1,0.5,N-be75eec_150,2107619,3466085,108.958542,
memetic,best,"['transpose', 'exchange', 'insert']",5,30,0.8,11,25,0.1,0.5,N-be75eec_150,2107619,3466150,109.116234,
memetic,best,"['transpose', 'exchange', 'insert']",5,30,0.8,11,25,0.1,0.5,N-be75eec_150,2107619,3466165,109.272095,
memetic,best,"['transpose', 'exchange', 'insert']",5,30,0.8,11,25,0.1,0.5,N-be75eec_150,2107619,3466188,109.371773,
memetic,best,"['transpose', 'exchange', 'insert']",5,30,0.8,11,25,0.1,0.5,N-be75eec_150,2107619,3466218,109.562721,
memetic,best,"['transpose', 'exchange', 'insert']",5,30,0.8,11,25,0.1,0.5,N-be75eec_150,2107619,3466289,109.706619,
memetic,best,"['transpose', 'exchange', 'insert']",5,30,0.8,11,25,0.1,0.5,N-be75eec_150,2107619,3466516,109.834877,
memetic,best,"['transpose', 'exchange', 'insert']",5,30,0.8,11,25,0.1,0.5,N-be75eec_150,2107619,3466521,110.25219,
memetic,best,"['transpose', 'exchange', 'insert']",5,30,0.8,11,25,0.1,0.5,N-be75eec_150,2107619,3466541,110.644463,
memetic,best,"['transpose', 'exchange', 'insert']",5,30,0.8,11,25,0.1,0.5,N-be75eec_150,2107619,3466549,110.763809,
memetic,best,"['transpose', 'exchange', 'insert']",5,30,0.8,11,25,0.1,0.5,N-be75eec_150,2107619,3466566,111.019173,
memetic,best,"['transpose', 'exchange', 'insert']",5,30,0.8,11,25,0.1,0.5,N-be75eec_150,2107619,3466578,111.646072,
memetic,best,"['transpose', 'exchange', 'insert']",5,30,0.8,11,25,0.1,0.5,N-be75eec_150,2107619,3466605,112.622124,
memetic,best,"['transpose', 'exchange', 'insert']",5,30,0.8,11,25,0.1,0.5,N-be75eec_150,2107619,3466618,114.354187,
memetic,best,"['transpose', 'exchange', 'insert']",5,30,0.8,11,25,0.1,0.5,N-be75eec_150,2107619,3466628,117.996643,
memetic,best,"['transpose', 'exchange', 'insert']",5,30,0.8,11,25,0.1,0.5,N-be75eec_150,2107619,3466630,118.486008,
memetic,best,"['transpose', 'exchange', 'insert']",5,30,0.8,11,25,0.1,0.5,N-be75eec_150,2107619,3466712,123.115738,
memetic,best,"['transpose', 'exchange', 'insert']",5,30,0.8,11,25,0.1,0.5,N-be75eec_150,2107619,3466715,166.002762,
memetic,best,"['transpose', 'exchange', 'insert']",5,30,0.8,11,25,0.1,0.5,N-be75eec_150,2107619,3466715,247.813232,
memetic,best,"['transpose', 'exchange', 'insert']",5,30,0.8,11,25,0.1,0.5,N-be75eec_150,2372926,3415872,0.644685,
memetic,best,"['transpose', 'exchange', 'insert']",5,30,0.8,11,25,0.1,0.5,N-be75eec_150,2372926,3423133,1.822537,
memetic,best,"['transpose', 'exchange', 'insert']",5,30,0.8,11,25,0.1,0.5,N-be75eec_150,2372926,3426082,2.75425,
memetic,best,"['transpose', 'exchange', 'insert']",5,30,0.8,11,25,0.1,0.5,N-be75eec_150,2372926,3426289,3.202199,
memetic,best,"['transpose', 'exchange', 'insert']",5,30,0.8,11,25,0.1,0.5,N-be75eec_150,2372926,3427977,4.116134,
memetic,best,"['transpose', 'exchange', 'insert']",5,30,0.8,11,25,0.1,0.5,N-be75eec_150,2372926,3428661,4.485187,
memetic,best,"['transpose', 'exchange', 'insert']",5,30,0.8,11,25,0.1,0.5,N-be75eec_150,2372926,3433434,5.336984,
memetic,best,"['transpose', 'exchange', 'insert']",5,30,0.8,11,25,0.1,0.5,N-be75eec_150,2372926,3434886,5.769942,
memetic,best,"['transpose', 'exchange', 'insert']",5,30,0.8,11,25,0.1,0.5,N-be75eec_150,2372926,3435117,6.50768,
memetic,best,"['transpose', 'exchange', 'insert']",5,30,0.8,11,25,0.1,0.5,N-be75eec_150,2372926,3439025,6.921989,
memetic,best,"['transpose', 'exchange', 'insert']",5,30,0.8,11,25,0.1,0.5,N-be75eec_150,2372926,3439548,7.91913,
memetic,best,"['transpose', 'exchange', 'insert']",5,30,0.8,11,25,0.1,0.5,N-be75eec_150,2372926,3441883,8.305963,
memetic,best,"['transpose', 'exchange', 'insert']",5,30,0.8,11,25,0.1,0.5,N-be75eec_150,2372926,3443528,9.513293,
memetic,best,"['transpose', 'exchange', 'insert']",5,30,0.8,11,25,0.1,0.5,N-be75eec_150,2372926,3443664,10.496444,
memetic,best,"['transpose', 'exchange', 'insert']",5,30,0.8,11,25,0.1,0.5,N-be75eec_150,2372926,3446244,10.857507,
memetic,best,"['transpose', 'exchange', 'insert']",5,30,0.8,11,25,0.1,0.5,N-be75eec_150,2372926,3446904,12.975865,
memetic,best,"['transpose', 'exchange', 'insert']",5,30,0.8,11,25,0.1,0.5,N-be75eec_150,2372926,3449463,13.561311,
memetic,best,"['transpose', 'exchange', 'insert']",5,30,0.8,11,25,0.1,0.5,N-be75eec_150,2372926,3450441,14.332906,
memetic,best,"['transpose', 'exchange', 'insert']",5,30,0.8,11,25,0.1,0.5,N-be75eec_150,2372926,3450548,14.580621,
memetic,best,"['transpose', 'exchange', 'insert']",5,30,0.8,11,25,0.1,0.5,N-be75eec_150,2372926,3451244,15.29918,
memetic,best,"['transpose', 'exchange', 'insert']",5,30,0.8,11,25,0.1,0.5,N-be75eec_150,2372926,3451416,15.545437,
memetic,best,"['transpose', 'exchange', 'insert']",5,30,0.8,11,25,0.1,0.5,N-be75eec_150,2372926,3451643,16.270834,
memetic,best,"['transpose', 'exchange', 'insert']",5,30,0.8,11,25,0.1,0.5,N-be75eec_150,2372926,3453694,16.968361,
memetic,best,"['transpose', 'exchange', 'insert']",5,30,0.8,11,25,0.1,0.5,N-be75eec_150,2372926,3454172,17.929283,
memetic,best,"['transpose', 'exchange', 'insert']",5,30,0.8,11,25,0.1,0.5,N-be75eec_150,2372926,3454228,18.434671,
memetic,best,"['transpose', 'exchange', 'insert']",5,30,0.8,11,25,0.1,0.5,N-be75eec_150,2372926,3454528,18.67914,
memetic,best,"['transpose', 'exchange', 'insert']",5,30,0.8,11,25,0.1,0.5,N-be75eec_150,2372926,3454718,19.175224,
memetic,best,"['transpose', 'exchange', 'insert']",5,30,0.8,11,25,0.1,0.5,N-be75eec_150,2372926,3455608,19.36825,
memetic,best,"['transpose', 'exchange', 'insert']",5,30,0.8,11,25,0.1,0.5,N-be75eec_150,2372926,3455829,21.010714,
memetic,best,"['transpose', 'exchange', 'insert']",5,30,0.8,11,25,0.1,0.5,N-be75eec_150,2372926,3456117,22.083134,
memetic,best,"['transpose', 'exchange', 'insert']",5,30,0.8,11,25,0.1,0.5,N-be75eec_150,2372926,3456190,22.865126,
memetic,best,"['transpose', 'exchange', 'insert']",5,30,0.8,11,25,0.1,0.5,N-be75eec_150,2372926,3456197,23.012987,
memetic,best,"['transpose', 'exchange', 'insert']",5,30,0.8,11,25,0.1,0.5,N-be75eec_150,2372926,3457125,23.323425,
memetic,best,"['transpose', 'exchange', 'insert']",5,30,0.8,11,25,0.1,0.5,N-be75eec_150,2372926,3458880,24.083305,
memetic,best,"['transpose', 'exchange', 'insert']",5,30,0.8,11,25,0.1,0.5,N-be75eec_150,2372926,3459249,25.468346,
memetic,best,"['transpose', 'exchange', 'insert']",5,30,0.8,11,25,0.1,0.5,N-be75eec_150,2372926,3459299,26.100323,
memetic,best,"['transpose', 'exchange', 'insert']",5,30,0.8,11,25,0.1,0.5,N-be75eec_150,2372926,3459423,26.262556,
memetic,best,"['transpose', 'exchange', 'insert']",5,30,0.8,11,25,0.1,0.5,N-be75eec_150,2372926,3459555,26.841412,
memetic,best,"['transpose', 'exchange', 'insert']",5,30,0.8,11,25,0.1,0.5,N-be75eec_150,2372926,3459600,27.046247,
memetic,best,"['transpose', 'exchange', 'insert']",5,30,0.8,11,25,0.1,0.5,N-be75eec_150,2372926,3459631,27.163851,
memetic,best,"['transpose', 'exchange', 'insert']",5,30,0.8,11,25,0.1,0.5,N-be75eec_150,2372926,3459643,27.440868,
memetic,best,"['transpose', 'exchange', 'insert']",5,30,0.8,11,25,0.1,0.5,N-be75eec_150,2372926,3459661,27.619083,
memetic,best,"['transpose', 'exchange', 'insert']",5,30,0.8,11,25,0.1,0.5,N-be75eec_150,2372926,3459714,28.060471,
memetic,best,"['transpose', 'exchange', 'insert']",5,30,0.8,11,25,0.1,0.5,N-be75eec_150,2372926,3459719,28.831869,
memetic,best,"['transpose', 'exchange', 'insert']",5,30,0.8,11,25,0.1,0.5,N-be75eec_150,2372926,3459722,29.181971,
memetic,best,"['transpose', 'exchange', 'insert']",5,30,0.8,11,25,0.1,0.5,N-be75eec_150,2372926,3459734,29.364141,
memetic,best,"['transpose', 'exchange', 'insert']",5,30,0.8,11,25,0.1,0.5,N-be75eec_150,2372926,3459785,29.737177,
memetic,best,"['transpose', 'exchange', 'insert']",5,30,0.8,11,25,0.1,0.5,N-be75eec_150,2372926,3459801,32.974922,
memetic,best,"['transpose', 'exchange', 'insert']",5,30,0.8,11,25,0.1,0.5,N-be75eec_150,2372926,3459886,33.30529,
memetic,best,"['transpose', 'exchange', 'insert']",5,30,0.8,11,25,0.1,0.5,N-be75eec_150,2372926,3459888,33.411667,
memetic,best,"['transpose', 'exchange', 'insert']",5,30,0.8,11,25,0.1,0.5,N-be75eec_150,2372926,3459907,33.534443,
memetic,best,"['transpose', 'exchange', 'insert']",5,30,0.8,11,25,0.1,0.5,N-be75eec_150,2372926,3459941,33.713699,
memetic,best,"['transpose', 'exchange', 'insert']",5,30,0.8,11,25,0.1,0.5,N-be75eec_150,2372926,3459960,34.114792,
memetic,best,"['transpose', 'exchange', 'insert']",5,30,0.8,11,25,0.1,0.5,N-be75eec_150,2372926,3460020,34.86797,
memetic,best,"['transpose', 'exchange', 'insert']",5,30,0.8,11,25,0.1,0.5,N-be75eec_150,2372926,3460068,35.635391,
memetic,best,"['transpose', 'exchange', 'insert']",5,30,0.8,11,25,0.1,0.5,N-be75eec_150,2372926,3460140,35.740017,
memetic,best,"['transpose', 'exchange', 'insert']",5,30,0.8,11,25,0.1,0.5,N-be75eec_150,2372926,3460696,36.314518,
memetic,best,"['transpose', 'exchange', 'insert']",5,30,0.8,11,25,0.1,0.5,N-be75eec_150,2372926,3460756,36.78931,
memetic,best,"['transpose', 'exchange', 'insert']",5,30,0.8,11,25,0.1,0.5,N-be75eec_150,2372926,3460762,37.020016,
memetic,best,"['transpose', 'exchange', 'insert']",5,30,0.8,11,25,0.1,0.5,N-be75eec_150,2372926,3460806,38.48489,
memetic,best,"['transpose', 'exchange', 'insert']",5,30,0.8,11,25,0.1,0.5,N-be75eec_150,2372926,3460859,39.471432,
memetic,best,"['transpose', 'exchange', 'insert']",5,30,0.8,11,25,0.1,0.5,N-be75eec_150,2372926,3460861,39.817287,
memetic,best,"['transpose', 'exchange', 'insert']",5,30,0.8,11,25,0.1,0.5,N-be75eec_150,2372926,3460863,40.465096,
memetic,best,"['transpose', 'exchange', 'insert']",5,30,0.8,11,25,0.1,0.5,N-be75eec_150,2372926,3460875,40.578579,
memetic,best,"['transpose', 'exchange', 'insert']",5,30,0.8,11,25,0.1,0.5,N-be75eec_150,2372926,3460923,57.67371,
memetic,best,"['transpose', 'exchange', 'insert']",5,30,0.8,11,25,0.1,0.5,N-be75eec_150,2372926,3460983,74.356445,
memetic,best,"['transpose', 'exchange', 'insert']",5,30,0.8,11,25,0.1,0.5,N-be75eec_150,2372926,3461799,74.625443,
memetic,best,"['transpose', 'exchange', 'insert']",5,30,0.8,11,25,0.1,0.5,N-be75eec_150,2372926,3462371,76.088852,
memetic,best,"['transpose', 'exchange', 'insert']",5,30,0.8,11,25,0.1,0.5,N-be75eec_150,2372926,3462452,77.313019,
memetic,best,"['transpose', 'exchange', 'insert']",5,30,0.8,11,25,0.1,0.5,N-be75eec_150,2372926,3463127,77.772041,
memetic,best,"['transpose', 'exchange', 'insert']",5,30,0.8,11,25,0.1,0.5,N-be75eec_150,2372926,3463239,78.109573,
memetic,best,"['transpose', 'exchange', 'insert']",5,30,0.8,11,25,0.1,0.5,N-be75eec_150,2372926,3463763,78.304054,
memetic,best,"['transpose', 'exchange', 'insert']",5,30,0.8,11,25,0.1,0.5,N-be75eec_150,2372926,3464241,78.671249,
memetic,best,"['transpose', 'exchange', 'insert']",5,30,0.8,11,25,0.1,0.5,N-be75eec_150,2372926,3464907,80.353836,
memetic,best,"['transpose', 'exchange', 'insert']",5,30,0.8,11,25,0.1,0.5,N-be75eec_150,2372926,3465323,80.544754,
memetic,best,"['transpose', 'exchange', 'insert']",5,30,0.8,11,25,0.1,0.5,N-be75eec_150,2372926,3465765,80.744263,
memetic,best,"['transpose', 'exchange', 'insert']",5,30,0.8,11,25,0.1,0.5,N-be75eec_150,2372926,3465784,81.521629,
memetic,best,"['transpose', 'exchange', 'insert']",5,30,0.8,11,25,0.1,0.5,N-be75eec_150,2372926,3465972,81.681625,
memetic,best,"['transpose', 'exchange', 'insert']",5,30,0.8,11,25,0.1,0.5,N-be75eec_150,2372926,3466085,82.402313,
memetic,best,"['transpose', 'exchange', 'insert']",5,30,0.8,11,25,0.1,0.5,N-be75eec_150,2372926,3466150,82.513245,
memetic,best,"['transpose', 'exchange', 'insert']",5,30,0.8,11,25,0.1,0.5,N-be75eec_150,2372926,3466165,82.629005,
memetic,best,"['transpose', 'exchange', 'insert']",5,30,0.8,11,25,0.1,0.5,N-be75eec_150,2372926,3466188,82.706795,
memetic,best,"['transpose', 'exchange', 'insert']",5,30,0.8,11,25,0.1,0.5,N-be75eec_150,2372926,3466218,82.83609,
memetic,best,"['transpose', 'exchange', 'insert']",5,30,0.8,11,25,0.1,0.5,N-be75eec_150,2372926,3466289,82.944443,
memetic,best,"['transpose', 'exchange', 'insert']",5,30,0.8,11,25,0.1,0.5,N-be75eec_150,2372926,3466516,83.046677,
memetic,best,"['transpose', 'exchange', 'insert']",5,30,0.8,11,25,0.1,0.5,N-be75eec_150,2372926,3466521,83.364166,
memetic,best,"['transpose', 'exchange', 'insert']",5,30,0.8,11,25,0.1,0.5,N-be75eec_150,2372926,3466541,83.671814,
memetic,best,"['transpose', 'exchange', 'insert']",5,30,0.8,11,25,0.1,0.5,N-be75eec_150,2372926,3466549,83.75473,
memetic,best,"['transpose', 'exchange', 'insert']",5,30,0.8,11,25,0.1,0.5,N-be75eec_150,2372926,3466566,83.948433,
memetic,best,"['transpose', 'exchange', 'insert']",5,30,0.8,11,25,0.1,0.5,N-be75eec_150,2372926,3466578,84.412033,
memetic,best,"['transpose', 'exchange', 'insert']",5,30,0.8,11,25,0.1,0.5,N-be75eec_150,2372926,3466605,85.142334,
memetic,best,"['transpose', 'exchange', 'insert']",5,30,0.8,11,25,0.1,0.5,N-be75eec_150,2372926,3466618,86.444443,
memetic,best,"['transpose', 'exchange', 'insert']",5,30,0.8,11,25,0.1,0.5,N-be75eec_150,2372926,3466628,89.208496,
memetic,best,"['transpose', 'exchange', 'insert']",5,30,0.8,11,25,0.1,0.5,N-be75eec_150,2372926,3466630,89.582718,
memetic,best,"['transpose', 'exchange', 'insert']",5,30,0.8,11,25,0.1,0.5,N-be75eec_150,2372926,3466712,93.016182,
memetic,best,"['transpose', 'exchange', 'insert']",5,30,0.8,11,25,0.1,0.5,N-be75eec_150,2372926,3466715,125.398308,
memetic,best,"['transpose', 'exchange', 'insert']",5,30,0.8,11,25,0.1,0.5,N-be75eec_150,2372926,3466715,187.012848,
memetic,best,"['transpose', 'exchange', 'insert']",5,30,0.8,11,25,0.1,0.5,N-be75eec_150,4135907,3415872,0.617104,
memetic,best,"['transpose', 'exchange', 'insert']",5,30,0.8,11,25,0.1,0.5,N-be75eec_150,4135907,3423133,1.729611,
memetic,best,"['transpose', 'exchange', 'insert']",5,30,0.8,11,25,0.1,0.5,N-be75eec_150,4135907,3426082,2.658955,
memetic,best,"['transpose', 'exchange', 'insert']",5,30,0.8,11,25,0.1,0.5,N-be75eec_150,4135907,3426289,3.105444,
memetic,best,"['transpose', 'exchange', 'insert']",5,30,0.8,11,25,0.1,0.5,N-be75eec_150,4135907,3427977,4.027445,
memetic,best,"['transpose', 'exchange', 'insert']",5,30,0.8,11,25,0.1,0.5,N-be75eec_150,4135907,3428661,4.397207,
memetic,best,"['transpose', 'exchange', 'insert']",5,30,0.8,11,25,0.1,0.5,N-be75eec_150,4135907,3433434,5.256435,
memetic,best,"['transpose', 'exchange', 'insert']",5,30,0.8,11,25,0.1,0.5,N-be75eec_150,4135907,3434886,5.687602,
memetic,best,"['transpose', 'exchange', 'insert']",5,30,0.8,11,25,0.1,0.5,N-be75eec_150,4135907,3435117,6.427034,
memetic,best,"['transpose', 'exchange', 'insert']",5,30,0.8,11,25,0.1,0.5,N-be75eec_150,4135907,3439025,6.843201,
memetic,best,"['transpose', 'exchange', 'insert']",5,30,0.8,11,25,0.1,0.5,N-be75eec_150,4135907,3439548,7.846475,
memetic,best,"['transpose', 'exchange', 'insert']",5,30,0.8,11,25,0.1,0.5,N-be75eec_150,4135907,3441883,8.235663,
memetic,best,"['transpose', 'exchange', 'insert']",5,30,0.8,11,25,0.1,0.5,N-be75eec_150,4135907,3443528,9.445662,
memetic,best,"['transpose', 'exchange', 'insert']",5,30,0.8,11,25,0.1,0.5,N-be75eec_150,4135907,3443664,10.441035,
memetic,best,"['transpose', 'exchange', 'insert']",5,30,0.8,11,25,0.1,0.5,N-be75eec_150,4135907,3446244,10.808571,
memetic,best,"['transpose', 'exchange', 'insert']",5,30,0.8,11,25,0.1,0.5,N-be75eec_150,4135907,3446904,12.94655,
memetic,best,"['transpose', 'exchange', 'insert']",5,30,0.8,11,25,0.1,0.5,N-be75eec_150,4135907,3449463,13.53932,
memetic,best,"['transpose', 'exchange', 'insert']",5,30,0.8,11,25,0.1,0.5,N-be75eec_150,4135907,3450441,14.317911,
memetic,best,"['transpose', 'exchange', 'insert']",5,30,0.8,11,25,0.1,0.5,N-be75eec_150,4135907,3450548,14.567707,
memetic,best,"['transpose', 'exchange', 'insert']",5,30,0.8,11,25,0.1,0.5,N-be75eec_150,4135907,3451244,15.292166,
memetic,best,"['transpose', 'exchange', 'insert']",5,30,0.8,11,25,0.1,0.5,N-be75eec_150,4135907,3451416,15.540091,
memetic,best,"['transpose', 'exchange', 'insert']",5,30,0.8,11,25,0.1,0.5,N-be75eec_150,4135907,3451643,16.271187,
memetic,best,"['transpose', 'exchange', 'insert']",5,30,0.8,11,25,0.1,0.5,N-be75eec_150,4135907,3453694,16.974403,
memetic,best,"['transpose', 'exchange', 'insert']",5,30,0.8,11,25,0.1,0.5,N-be75eec_150,4135907,3454172,17.942331,
memetic,best,"['transpose', 'exchange', 'insert']",5,30,0.8,11,25,0.1,0.5,N-be75eec_150,4135907,3454228,18.450571,
memetic,best,"['transpose', 'exchange', 'insert']",5,30,0.8,11,25,0.1,0.5,N-be75eec_150,4135907,3454528,18.698168,
memetic,best,"['transpose', 'exchange', 'insert']",5,30,0.8,11,25,0.1,0.5,N-be75eec_150,4135907,3454718,19.196728,
memetic,best,"['transpose', 'exchange', 'insert']",5,30,0.8,11,25,0.1,0.5,N-be75eec_150,4135907,3455608,19.390808,
memetic,best,"['transpose', 'exchange', 'insert']",5,30,0.8,11,25,0.1,0.5,N-be75eec_150,4135907,3455829,21.043783,
memetic,best,"['transpose', 'exchange', 'insert']",5,30,0.8,11,25,0.1,0.5,N-be75eec_150,4135907,3456117,22.12396,
memetic,best,"['transpose', 'exchange', 'insert']",5,30,0.8,11,25,0.1,0.5,N-be75eec_150,4135907,3456190,22.908039,
memetic,best,"['transpose', 'exchange', 'insert']",5,30,0.8,11,25,0.1,0.5,N-be75eec_150,4135907,3456197,23.056345,
memetic,best,"['transpose', 'exchange', 'insert']",5,30,0.8,11,25,0.1,0.5,N-be75eec_150,4135907,3457125,23.367857,
memetic,best,"['transpose', 'exchange', 'insert']",5,30,0.8,11,25,0.1,0.5,N-be75eec_150,4135907,3458880,24.124866,
memetic,best,"['transpose', 'exchange', 'insert']",5,30,0.8,11,25,0.1,0.5,N-be75eec_150,4135907,3459249,25.512766,
memetic,best,"['transpose', 'exchange', 'insert']",5,30,0.8,11,25,0.1,0.5,N-be75eec_150,4135907,3459299,26.14373,
memetic,best,"['transpose', 'exchange', 'insert']",5,30,0.8,11,25,0.1,0.5,N-be75eec_150,4135907,3459423,26.309759,
memetic,best,"['transpose', 'exchange', 'insert']",5,30,0.8,11,25,0.1,0.5,N-be75eec_150,4135907,3459555,26.895275,
memetic,best,"['transpose', 'exchange', 'insert']",5,30,0.8,11,25,0.1,0.5,N-be75eec_150,4135907,3459600,27.098324,
memetic,best,"['transpose', 'exchange', 'insert']",5,30,0.8,11,25,0.1,0.5,N-be75eec_150,4135907,3459631,27.217031,
memetic,best,"['transpose', 'exchange', 'insert']",5,30,0.8,11,25,0.1,0.5,N-be75eec_150,4135907,3459643,27.497297,
memetic,best,"['transpose', 'exchange', 'insert']",5,30,0.8,11,25,0.1,0.5,N-be75eec_150,4135907,3459661,27.677076,
memetic,best,"['transpose', 'exchange', 'insert']",5,30,0.8,11,25,0.1,0.5,N-be75eec_150,4135907,3459714,28.119305,
memetic,best,"['transpose', 'exchange', 'insert']",5,30,0.8,11,25,0.1,0.5,N-be75eec_150,4135907,3459719,28.899454,
memetic,best,"['transpose', 'exchange', 'insert']",5,30,0.8,11,25,0.1,0.5,N-be75eec_150,4135907,3459722,29.251867,
memetic,best,"['transpose', 'exchange', 'insert']",5,30,0.8,11,25,0.1,0.5,N-be75eec_150,4135907,3459734,29.435698,
memetic,best,"['transpose', 'exchange', 'insert']",5,30,0.8,11,25,0.1,0.5,N-be75eec_150,4135907,3459785,29.805796,
memetic,best,"['transpose', 'exchange', 'insert']",5,30,0.8,11,25,0.1,0.5,N-be75eec_150,4135907,3459801,33.050137,
memetic,best,"['transpose', 'exchange', 'insert']",5,30,0.8,11,25,0.1,0.5,N-be75eec_150,4135907,3459886,33.381542,
memetic,best,"['transpose', 'exchange', 'insert']",5,30,0.8,11,25,0.1,0.5,N-be75eec_150,4135907,3459888,33.487755,
memetic,best,"['transpose', 'exchange', 'insert']",5,30,0.8,11,25,0.1,0.5,N-be75eec_150,4135907,3459907,33.611465,
memetic,best,"['transpose', 'exchange', 'insert']",5,30,0.8,11,25,0.1,0.5,N-be75eec_150,4135907,3459941,33.79047,
memetic,best,"['transpose', 'exchange', 'insert']",5,30,0.8,11,25,0.1,0.5,N-be75eec_150,4135907,3459960,34.194218,
memetic,best,"['transpose', 'exchange', 'insert']",5,30,0.8,11,25,0.1,0.5,N-be75eec_150,4135907,3460020,34.947205,
memetic,best,"['transpose', 'exchange', 'insert']",5,30,0.8,11,25,0.1,0.5,N-be75eec_150,4135907,3460068,35.713917,
memetic,best,"['transpose', 'exchange', 'insert']",5,30,0.8,11,25,0.1,0.5,N-be75eec_150,4135907,3460140,35.819752,
memetic,best,"['transpose', 'exchange', 'insert']",5,30,0.8,11,25,0.1,0.5,N-be75eec_150,4135907,3460696,36.397438,
memetic,best,"['transpose', 'exchange', 'insert']",5,30,0.8,11,25,0.1,0.5,N-be75eec_150,4135907,3460756,36.872723,
memetic,best,"['transpose', 'exchange', 'insert']",5,30,0.8,11,25,0.1,0.5,N-be75eec_150,4135907,3460762,37.103775,
memetic,best,"['transpose', 'exchange', 'insert']",5,30,0.8,11,25,0.1,0.5,N-be75eec_150,4135907,3460806,38.575382,
memetic,best,"['transpose', 'exchange', 'insert']",5,30,0.8,11,25,0.1,0.5,N-be75eec_150,4135907,3460859,39.564342,
memetic,best,"['transpose', 'exchange', 'insert']",5,30,0.8,11,25,0.1,0.5,N-be75eec_150,4135907,3460861,39.91074,
memetic,best,"['transpose', 'exchange', 'insert']",5,30,0.8,11,25,0.1,0.5,N-be75eec_150,4135907,3460863,40.559319,
memetic,best,"['transpose', 'exchange', 'insert']",5,30,0.8,11,25,0.1,0.5,N-be75eec_150,4135907,3460875,40.672089,
memetic,best,"['transpose', 'exchange', 'insert']",5,30,0.8,11,25,0.1,0.5,N-be75eec_150,4135907,3460923,57.825432,
memetic,best,"['transpose', 'exchange', 'insert']",5,30,0.8,11,25,0.1,0.5,N-be75eec_150,4135907,3460983,74.597214,
memetic,best,"['transpose', 'exchange', 'insert']",5,30,0.8,11,25,0.1,0.5,N-be75eec_150,4135907,3461799,74.866402,
memetic,best,"['transpose', 'exchange', 'insert']",5,30,0.8,11,25,0.1,0.5,N-be75eec_150,4135907,3462371,76.331253,
memetic,best,"['transpose', 'exchange', 'insert']",5,30,0.8,11,25,0.1,0.5,N-be75eec_150,4135907,3462452,77.556274,
memetic,best,"['transpose', 'exchange', 'insert']",5,30,0.8,11,25,0.1,0.5,N-be75eec_150,4135907,3463127,78.016785,
memetic,best,"['transpose', 'exchange', 'insert']",5,30,0.8,11,25,0.1,0.5,N-be75eec_150,4135907,3463239,78.352791,
memetic,best,"['transpose', 'exchange', 'insert']",5,30,0.8,11,25,0.1,0.5,N-be75eec_150,4135907,3463763,78.548401,
memetic,best,"['transpose', 'exchange', 'insert']",5,30,0.8,11,25,0.1,0.5,N-be75eec_150,4135907,3464241,78.916229,
memetic,best,"['transpose', 'exchange', 'insert']",5,30,0.8,11,25,0.1,0.5,N-be75eec_150,4135907,3464907,80.619041,
memetic,best,"['transpose', 'exchange', 'insert']",5,30,0.8,11,25,0.1,0.5,N-be75eec_150,4135907,3465323,80.809914,
memetic,best,"['transpose', 'exchange', 'insert']",5,30,0.8,11,25,0.1,0.5,N-be75eec_150,4135907,3465765,81.015213,
memetic,best,"['transpose', 'exchange', 'insert']",5,30,0.8,11,25,0.1,0.5,N-be75eec_150,4135907,3465784,81.794617,
memetic,best,"['transpose', 'exchange', 'insert']",5,30,0.8,11,25,0.1,0.5,N-be75eec_150,4135907,3465972,81.956474,
memetic,best,"['transpose', 'exchange', 'insert']",5,30,0.8,11,25,0.1,0.5,N-be75eec_150,4135907,3466085,82.674957,
memetic,best,"['transpose', 'exchange', 'insert']",5,30,0.8,11,25,0.1,0.5,N-be75eec_150,4135907,3466150,82.784821,
memetic,best,"['transpose', 'exchange', 'insert']",5,30,0.8,11,25,0.1,0.5,N-be75eec_150,4135907,3466165,82.902397,
memetic,best,"['transpose', 'exchange', 'insert']",5,30,0.8,11,25,0.1,0.5,N-be75eec_150,4135907,3466188,82.982018,
memetic,best,"['transpose', 'exchange', 'insert']",5,30,0.8,11,25,0.1,0.5,N-be75eec_150,4135907,3466218,83.111656,
memetic,best,"['transpose', 'exchange', 'insert']",5,30,0.8,11,25,0.1,0.5,N-be75eec_150,4135907,3466289,83.220276,
memetic,best,"['transpose', 'exchange', 'insert']",5,30,0.8,11,25,0.1,0.5,N-be75eec_150,4135907,3466516,83.320198,
memetic,best,"['transpose', 'exchange', 'insert']",5,30,0.8,11,25,0.1,0.5,N-be75eec_150,4135907,3466521,83.638519,
memetic,best,"['transpose', 'exchange', 'insert']",5,30,0.8,11,25,0.1,0.5,N-be75eec_150,4135907,3466541,83.946434,
memetic,best,"['transpose', 'exchange', 'insert']",5,30,0.8,11,25,0.1,0.5,N-be75eec_150,4135907,3466549,84.030823,
memetic,best,"['transpose', 'exchange', 'insert']",5,30,0.8,11,25,0.1,0.5,N-be75eec_150,4135907,3466566,84.223,
memetic,best,"['transpose', 'exchange', 'insert']",5,30,0.8,11,25,0.1,0.5,N-be75eec_150,4135907,3466578,84.690392,
memetic,best,"['transpose', 'exchange', 'insert']",5,30,0.8,11,25,0.1,0.5,N-be75eec_150,4135907,3466605,85.424004,
memetic,best,"['transpose', 'exchange', 'insert']",5,30,0.8,11,25,0.1,0.5,N-be75eec_150,4135907,3466618,86.731926,
memetic,best,"['transpose', 'exchange', 'insert']",5,30,0.8,11,25,0.1,0.5,N-be75eec_150,4135907,3466628,89.504097,
memetic,best,"['transpose', 'exchange', 'insert']",5,30,0.8,11,25,0.1,0.5,N-be75eec_150,4135907,3466630,89.87748,
memetic,best,"['transpose', 'exchange', 'insert']",5,30,0.8,11,25,0.1,0.5,N-be75eec_150,4135907,3466712,93.317245,
memetic,best,"['transpose', 'exchange', 'insert']",5,30,0.8,11,25,0.1,0.5,N-be75eec_150,4135907,3466715,125.883148,
memetic,best,"['transpose', 'exchange', 'insert']",5,30,0.8,11,25,0.1,0.5,N-be75eec_150,4135907,3466715,187.71373,
memetic,best,"['transpose', 'exchange', 'insert']",5,30,0.8,11,25,0.1,0.5,N-be75eec_150,958192,3415872,0.578268,
memetic,best,"['transpose', 'exchange', 'insert']",5,30,0.8,11,25,0.1,0.5,N-be75eec_150,958192,3423133,1.655671,
memetic,best,"['transpose', 'exchange', 'insert']",5,30,0.8,11,25,0.1,0.5,N-be75eec_150,958192,3426082,2.586734,
memetic,best,"['transpose', 'exchange', 'insert']",5,30,0.8,11,25,0.1,0.5,N-be75eec_150,958192,3426289,3.03593,
memetic,best,"['transpose', 'exchange', 'insert']",5,30,0.8,11,25,0.1,0.5,N-be75eec_150,958192,3427977,3.953015,
memetic,best,"['transpose', 'exchange', 'insert']",5,30,0.8,11,25,0.1,0.5,N-be75eec_150,958192,3428661,4.315924,
memetic,best,"['transpose', 'exchange', 'insert']",5,30,0.8,11,25,0.1,0.5,N-be75eec_150,958192,3433434,5.172316,
memetic,best,"['transpose', 'exchange', 'insert']",5,30,0.8,11,25,0.1,0.5,N-be75eec_150,958192,3434886,5.603696,
memetic,best,"['transpose', 'exchange', 'insert']",5,30,0.8,11,25,0.1,0.5,N-be75eec_150,958192,3435117,6.342743,
memetic,best,"['transpose', 'exchange', 'insert']",5,30,0.8,11,25,0.1,0.5,N-be75eec_150,958192,3439025,6.761634,
memetic,best,"['transpose', 'exchange', 'insert']",5,30,0.8,11,25,0.1,0.5,N-be75eec_150,958192,3439548,7.760523,
memetic,best,"['transpose', 'exchange', 'insert']",5,30,0.8,11,25,0.1,0.5,N-be75eec_150,958192,3441883,8.150617,
memetic,best,"['transpose', 'exchange', 'insert']",5,30,0.8,11,25,0.1,0.5,N-be75eec_150,958192,3443528,9.36391,
memetic,best,"['transpose', 'exchange', 'insert']",5,30,0.8,11,25,0.1,0.5,N-be75eec_150,958192,3443664,10.354676,
memetic,best,"['transpose', 'exchange', 'insert']",5,30,0.8,11,25,0.1,0.5,N-be75eec_150,958192,3446244,10.715066,
memetic,best,"['transpose', 'exchange', 'insert']",5,30,0.8,11,25,0.1,0.5,N-be75eec_150,958192,3446904,12.840787,
memetic,best,"['transpose', 'exchange', 'insert']",5,30,0.8,11,25,0.1,0.5,N-be75eec_150,958192,3449463,13.427069,
memetic,best,"['transpose', 'exchange', 'insert']",5,30,0.8,11,25,0.1,0.5,N-be75eec_150,958192,3450441,14.201734,
memetic,best,"['transpose', 'exchange', 'insert']",5,30,0.8,11,25,0.1,0.5,N-be75eec_150,958192,3450548,14.451448,
memetic,best,"['transpose', 'exchange', 'insert']",5,30,0.8,11,25,0.1,0.5,N-be75eec_150,958192,3451244,15.173533,
memetic,best,"['transpose', 'exchange', 'insert']",5,30,0.8,11,25,0.1,0.5,N-be75eec_150,958192,3451416,15.418346,
memetic,best,"['transpose', 'exchange', 'insert']",5,30,0.8,11,25,0.1,0.5,N-be75eec_150,958192,3451643,16.146173,
memetic,best,"['transpose', 'exchange', 'insert']",5,30,0.8,11,25,0.1,0.5,N-be75eec_150,958192,3453694,16.842674,
memetic,best,"['transpose', 'exchange', 'insert']",5,30,0.8,11,25,0.1,0.5,N-be75eec_150,958192,3454172,17.805489,
memetic,best,"['transpose', 'exchange', 'insert']",5,30,0.8,11,25,0.1,0.5,N-be75eec_150,958192,3454228,18.311481,
memetic,best,"['transpose', 'exchange', 'insert']",5,30,0.8,11,25,0.1,0.5,N-be75eec_150,958192,3454528,18.557068,
memetic,best,"['transpose', 'exchange', 'insert']",5,30,0.8,11,25,0.1,0.5,N-be75eec_150,958192,3454718,19.052286,
memetic,best,"['transpose', 'exchange', 'insert']",5,30,0.8,11,25,0.1,0.5,N-be75eec_150,958192,3455608,19.244801,
memetic,best,"['transpose', 'exchange', 'insert']",5,30,0.8,11,25,0.1,0.5,N-be75eec_150,958192,3455829,20.881256,
memetic,best,"['transpose', 'exchange', 'insert']",5,30,0.8,11,25,0.1,0.5,N-be75eec_150,958192,3456117,21.956524,
memetic,best,"['transpose', 'exchange', 'insert']",5,30,0.8,11,25,0.1,0.5,N-be75eec_150,958192,3456190,22.734716,
memetic,best,"['transpose', 'exchange', 'insert']",5,30,0.8,11,25,0.1,0.5,N-be75eec_150,958192,3456197,22.882589,
memetic,best,"['transpose', 'exchange', 'insert']",5,30,0.8,11,25,0.1,0.5,N-be75eec_150,958192,3457125,23.191143,
memetic,best,"['transpose', 'exchange', 'insert']",5,30,0.8,11,25,0.1,0.5,N-be75eec_150,958192,3458880,23.950031,
memetic,best,"['transpose', 'exchange', 'insert']",5,30,0.8,11,25,0.1,0.5,N-be75eec_150,958192,3459249,25.335415,
memetic,best,"['transpose', 'exchange', 'insert']",5,30,0.8,11,25,0.1,0.5,N-be75eec_150,958192,3459299,25.960106,
memetic,best,"['transpose', 'exchange', 'insert']",5,30,0.8,11,25,0.1,0.5,N-be75eec_150,958192,3459423,26.125601,
memetic,best,"['transpose', 'exchange', 'insert']",5,30,0.8,11,25,0.1,0.5,N-be75eec_150,958192,3459555,26.700638,
memetic,best,"['transpose', 'exchange', 'insert']",5,30,0.8,11,25,0.1,0.5,N-be75eec_150,958192,3459600,26.900942,
memetic,best,"['transpose', 'exchange', 'insert']",5,30,0.8,11,25,0.1,0.5,N-be75eec_150,958192,3459631,27.017395,
memetic,best,"['transpose', 'exchange', 'insert']",5,30,0.8,11,25,0.1,0.5,N-be75eec_150,958192,3459643,27.293894,
memetic,best,"['transpose', 'exchange', 'insert']",5,30,0.8,11,25,0.1,0.5,N-be75eec_150,958192,3459661,27.471569,
memetic,best,"['transpose', 'exchange', 'insert']",5,30,0.8,11,25,0.1,0.5,N-be75eec_150,958192,3459714,27.910408,
memetic,best,"['transpose', 'exchange', 'insert']",5,30,0.8,11,25,0.1,0.5,N-be75eec_150,958192,3459719,28.676928,
memetic,best,"['transpose', 'exchange', 'insert']",5,30,0.8,11,25,0.1,0.5,N-be75eec_150,958192,3459722,29.025984,
memetic,best,"['transpose', 'exchange', 'insert']",5,30,0.8,11,25,0.1,0.5,N-be75eec_150,958192,3459734,29.206982,
memetic,best,"['transpose', 'exchange', 'insert']",5,30,0.8,11,25,0.1,0.5,N-be75eec_150,958192,3459785,29.575945,
memetic,best,"['transpose', 'exchange', 'insert']",5,30,0.8,11,25,0.1,0.5,N-be75eec_150,958192,3459801,32.797813,
memetic,best,"['transpose', 'exchange', 'insert']",5,30,0.8,11,25,0.1,0.5,N-be75eec_150,958192,3459886,33.126118,
memetic,best,"['transpose', 'exchange', 'insert']",5,30,0.8,11,25,0.1,0.5,N-be75eec_150,958192,3459888,33.232674,
memetic,best,"['transpose', 'exchange', 'insert']",5,30,0.8,11,25,0.1,0.5,N-be75eec_150,958192,3459907,33.3568,
memetic,best,"['transpose', 'exchange', 'insert']",5,30,0.8,11,25,0.1,0.5,N-be75eec_150,958192,3459941,33.534344,
memetic,best,"['transpose', 'exchange', 'insert']",5,30,0.8,11,25,0.1,0.5,N-be75eec_150,958192,3459960,33.933086,
memetic,best,"['transpose', 'exchange', 'insert']",5,30,0.8,11,25,0.1,0.5,N-be75eec_150,958192,3460020,34.680588,
memetic,best,"['transpose', 'exchange', 'insert']",5,30,0.8,11,25,0.1,0.5,N-be75eec_150,958192,3460068,35.44075,
memetic,best,"['transpose', 'exchange', 'insert']",5,30,0.8,11,25,0.1,0.5,N-be75eec_150,958192,3460140,35.544952,
memetic,best,"['transpose', 'exchange', 'insert']",5,30,0.8,11,25,0.1,0.5,N-be75eec_150,958192,3460696,36.115993,
memetic,best,"['transpose', 'exchange', 'insert']",5,30,0.8,11,25,0.1,0.5,N-be75eec_150,958192,3460756,36.587631,
memetic,best,"['transpose', 'exchange', 'insert']",5,30,0.8,11,25,0.1,0.5,N-be75eec_150,958192,3460762,36.817898,
memetic,best,"['transpose', 'exchange', 'insert']",5,30,0.8,11,25,0.1,0.5,N-be75eec_150,958192,3460806,38.280651,
memetic,best,"['transpose', 'exchange', 'insert']",5,30,0.8,11,25,0.1,0.5,N-be75eec_150,958192,3460859,39.257545,
memetic,best,"['transpose', 'exchange', 'insert']",5,30,0.8,11,25,0.1,0.5,N-be75eec_150,958192,3460861,39.600098,
memetic,best,"['transpose', 'exchange', 'insert']",5,30,0.8,11,25,0.1,0.5,N-be75eec_150,958192,3460863,40.244576,
memetic,best,"['transpose', 'exchange', 'insert']",5,30,0.8,11,25,0.1,0.5,N-be75eec_150,958192,3460875,40.357132,
memetic,best,"['transpose', 'exchange', 'insert']",5,30,0.8,11,25,0.1,0.5,N-be75eec_150,958192,3460923,57.433445,
memetic,best,"['transpose', 'exchange', 'insert']",5,30,0.8,11,25,0.1,0.5,N-be75eec_150,958192,3460983,74.125534,
memetic,best,"['transpose', 'exchange', 'insert']",5,30,0.8,11,25,0.1,0.5,N-be75eec_150,958192,3461799,74.39489,
memetic,best,"['transpose', 'exchange', 'insert']",5,30,0.8,11,25,0.1,0.5,N-be75eec_150,958192,3462371,75.849289,
memetic,best,"['transpose', 'exchange', 'insert']",5,30,0.8,11,25,0.1,0.5,N-be75eec_150,958192,3462452,77.066254,
memetic,best,"['transpose', 'exchange', 'insert']",5,30,0.8,11,25,0.1,0.5,N-be75eec_150,958192,3463127,77.525101,
memetic,best,"['transpose', 'exchange', 'insert']",5,30,0.8,11,25,0.1,0.5,N-be75eec_150,958192,3463239,77.859528,
memetic,best,"['transpose', 'exchange', 'insert']",5,30,0.8,11,25,0.1,0.5,N-be75eec_150,958192,3463763,78.052368,
memetic,best,"['transpose', 'exchange', 'insert']",5,30,0.8,11,25,0.1,0.5,N-be75eec_150,958192,3464241,78.416649,
memetic,best,"['transpose', 'exchange', 'insert']",5,30,0.8,11,25,0.1,0.5,N-be75eec_150,958192,3464907,80.095093,
memetic,best,"['transpose', 'exchange', 'insert']",5,30,0.8,11,25,0.1,0.5,N-be75eec_150,958192,3465323,80.287315,
memetic,best,"['transpose', 'exchange', 'insert']",5,30,0.8,11,25,0.1,0.5,N-be75eec_150,958192,3465765,80.490044,
memetic,best,"['transpose', 'exchange', 'insert']",5,30,0.8,11,25,0.1,0.5,N-be75eec_150,958192,3465784,81.270844,
memetic,best,"['transpose', 'exchange', 'insert']",5,30,0.8,11,25,0.1,0.5,N-be75eec_150,958192,3465972,81.431938,
memetic,best,"['transpose', 'exchange', 'insert']",5,30,0.8,11,25,0.1,0.5,N-be75eec_150,958192,3466085,82.151649,
memetic,best,"['transpose', 'exchange', 'insert']",5,30,0.8,11,25,0.1,0.5,N-be75eec_150,958192,3466150,82.260315,
memetic,best,"['transpose', 'exchange', 'insert']",5,30,0.8,11,25,0.1,0.5,N-be75eec_150,958192,3466165,82.377121,
memetic,best,"['transpose', 'exchange', 'insert']",5,30,0.8,11,25,0.1,0.5,N-be75eec_150,958192,3466188,82.453896,
memetic,best,"['transpose', 'exchange', 'insert']",5,30,0.8,11,25,0.1,0.5,N-be75eec_150,958192,3466218,82.580154,
memetic,best,"['transpose', 'exchange', 'insert']",5,30,0.8,11,25,0.1,0.5,N-be75eec_150,958192,3466289,82.68618,
memetic,best,"['transpose', 'exchange', 'insert']",5,30,0.8,11,25,0.1,0.5,N-be75eec_150,958192,3466516,82.787659,
memetic,best,"['transpose', 'exchange', 'insert']",5,30,0.8,11,25,0.1,0.5,N-be75eec_150,958192,3466521,83.105629,
memetic,best,"['transpose', 'exchange', 'insert']",5,30,0.8,11,25,0.1,0.5,N-be75eec_150,958192,3466541,83.408096,
memetic,best,"['transpose', 'exchange', 'insert']",5,30,0.8,11,25,0.1,0.5,N-be75eec_150,958192,3466549,83.490913,
memetic,best,"['transpose', 'exchange', 'insert']",5,30,0.8,11,25,0.1,0.5,N-be75eec_150,958192,3466566,83.683945,
memetic,best,"['transpose', 'exchange', 'insert']",5,30,0.8,11,25,0.1,0.5,N-be75eec_150,958192,3466578,84.144882,
memetic,best,"['transpose', 'exchange', 'insert']",5,30,0.8,11,25,0.1,0.5,N-be75eec_150,958192,3466605,84.870918,
memetic,best,"['transpose', 'exchange', 'insert']",5,30,0.8,11,25,0.1,0.5,N-be75eec_150,958192,3466618,86.166763,
memetic,best,"['transpose', 'exchange', 'insert']",5,30,0.8,11,25,0.1,0.5,N-be75eec_150,958192,3466628,88.921135,
memetic,best,"['transpose', 'exchange', 'insert']",5,30,0.8,11,25,0.1,0.5,N-be75eec_150,958192,3466630,89.293892,
memetic,best,"['transpose', 'exchange', 'insert']",5,30,0.8,11,25,0.1,0.5,N-be75eec_150,958192,3466712,92.707115,
memetic,best,"['transpose', 'exchange', 'insert']",5,30,0.8,11,25,0.1,0.5,N-be75eec_150,958192,3466715,125.071808,
memetic,best,"['transpose', 'exchange', 'insert']",5,30,0.8,11,25,0.1,0.5,N-be75eec_150,958192,3466715,186.587204,
memetic,best,"['transpose', 'exchange', 'insert']",5,30,0.8,11,25,0.1,0.5,N-be75eec_150,1219295,3415872,0.566368,
memetic,best,"['transpose', 'exchange', 'insert']",5,30,0.8,11,25,0.1,0.5,N-be75eec_150,1219295,3423133,1.627243,
memetic,best,"['transpose', 'exchange', 'insert']",5,30,0.8,11,25,0.1,0.5,N-be75eec_150,1219295,3426082,2.560236,
memetic,best,"['transpose', 'exchange', 'insert']",5,30,0.8,11,25,0.1,0.5,N-be75eec_150,1219295,3426289,3.008857,
memetic,best,"['transpose', 'exchange', 'insert']",5,30,0.8,11,25,0.1,0.5,N-be75eec_150,1219295,3427977,3.935598,
memetic,best,"['transpose', 'exchange', 'insert']",5,30,0.8,11,25,0.1,0.5,N-be75eec_150,1219295,3428661,4.307605,
memetic,best,"['transpose', 'exchange', 'insert']",5,30,0.8,11,25,0.1,0.5,N-be75eec_150,1219295,3433434,5.172742,
memetic,best,"['transpose', 'exchange', 'insert']",5,30,0.8,11,25,0.1,0.5,N-be75eec_150,1219295,3434886,5.609373,
memetic,best,"['transpose', 'exchange', 'insert']",5,30,0.8,11,25,0.1,0.5,N-be75eec_150,1219295,3435117,6.354629,
memetic,best,"['transpose', 'exchange', 'insert']",5,30,0.8,11,25,0.1,0.5,N-be75eec_150,1219295,3439025,6.775895,
memetic,best,"['transpose', 'exchange', 'insert']",5,30,0.8,11,25,0.1,0.5,N-be75eec_150,1219295,3439548,7.783683,
memetic,best,"['transpose', 'exchange', 'insert']",5,30,0.8,11,25,0.1,0.5,N-be75eec_150,1219295,3441883,8.177682,
memetic,best,"['transpose', 'exchange', 'insert']",5,30,0.8,11,25,0.1,0.5,N-be75eec_150,1219295,3443528,9.39255,
memetic,best,"['transpose', 'exchange', 'insert']",5,30,0.8,11,25,0.1,0.5,N-be75eec_150,1219295,3443664,10.393382,
memetic,best,"['transpose', 'exchange', 'insert']",5,30,0.8,11,25,0.1,0.5,N-be75eec_150,1219295,3446244,10.756147,
memetic,best,"['transpose', 'exchange', 'insert']",5,30,0.8,11,25,0.1,0.5,N-be75eec_150,1219295,3446904,12.907823,
memetic,best,"['transpose', 'exchange', 'insert']",5,30,0.8,11,25,0.1,0.5,N-be75eec_150,1219295,3449463,13.503851,
memetic,best,"['transpose', 'exchange', 'insert']",5,30,0.8,11,25,0.1,0.5,N-be75eec_150,1219295,3450441,14.281635,
memetic,best,"['transpose', 'exchange', 'insert']",5,30,0.8,11,25,0.1,0.5,N-be75eec_150,1219295,3450548,14.534036,
memetic,best,"['transpose', 'exchange', 'insert']",5,30,0.8,11,25,0.1,0.5,N-be75eec_150,1219295,3451244,15.261524,
memetic,best,"['transpose', 'exchange', 'insert']",5,30,0.8,11,25,0.1,0.5,N-be75eec_150,1219295,3451416,15.511439,
memetic,best,"['transpose', 'exchange', 'insert']",5,30,0.8,11,25,0.1,0.5,N-be75eec_150,1219295,3451643,16.247173,
memetic,best,"['transpose', 'exchange', 'insert']",5,30,0.8,11,25,0.1,0.5,N-be75eec_150,1219295,3453694,16.951597,
memetic,best,"['transpose', 'exchange', 'insert']",5,30,0.8,11,25,0.1,0.5,N-be75eec_150,1219295,3454172,17.928814,
memetic,best,"['transpose', 'exchange', 'insert']",5,30,0.8,11,25,0.1,0.5,N-be75eec_150,1219295,3454228,18.441803,
memetic,best,"['transpose', 'exchange', 'insert']",5,30,0.8,11,25,0.1,0.5,N-be75eec_150,1219295,3454528,18.690737,
memetic,best,"['transpose', 'exchange', 'insert']",5,30,0.8,11,25,0.1,0.5,N-be75eec_150,1219295,3454718,19.192291,
memetic,best,"['transpose', 'exchange', 'insert']",5,30,0.8,11,25,0.1,0.5,N-be75eec_150,1219295,3455608,19.38723,
memetic,best,"['transpose', 'exchange', 'insert']",5,30,0.8,11,25,0.1,0.5,N-be75eec_150,1219295,3455829,21.053312,
memetic,best,"['transpose', 'exchange', 'insert']",5,30,0.8,11,25,0.1,0.5,N-be75eec_150,1219295,3456117,22.14119,
memetic,best,"['transpose', 'exchange', 'insert']",5,30,0.8,11,25,0.1,0.5,N-be75eec_150,1219295,3456190,22.929537,
memetic,best,"['transpose', 'exchange', 'insert']",5,30,0.8,11,25,0.1,0.5,N-be75eec_150,1219295,3456197,23.079823,
memetic,best,"['transpose', 'exchange', 'insert']",5,30,0.8,11,25,0.1,0.5,N-be75eec_150,1219295,3457125,23.393848,
memetic,best,"['transpose', 'exchange', 'insert']",5,30,0.8,11,25,0.1,0.5,N-be75eec_150,1219295,3458880,24.162743,
memetic,best,"['transpose', 'exchange', 'insert']",5,30,0.8,11,25,0.1,0.5,N-be75eec_150,1219295,3459249,25.561979,
memetic,best,"['transpose', 'exchange', 'insert']",5,30,0.8,11,25,0.1,0.5,N-be75eec_150,1219295,3459299,26.200529,
memetic,best,"['transpose', 'exchange', 'insert']",5,30,0.8,11,25,0.1,0.5,N-be75eec_150,1219295,3459423,26.368006,
memetic,best,"['transpose', 'exchange', 'insert']",5,30,0.8,11,25,0.1,0.5,N-be75eec_150,1219295,3459555,26.956181,
memetic,best,"['transpose', 'exchange', 'insert']",5,30,0.8,11,25,0.1,0.5,N-be75eec_150,1219295,3459600,27.160341,
memetic,best,"['transpose', 'exchange', 'insert']",5,30,0.8,11,25,0.1,0.5,N-be75eec_150,1219295,3459631,27.277674,
memetic,best,"['transpose', 'exchange', 'insert']",5,30,0.8,11,25,0.1,0.5,N-be75eec_150,1219295,3459643,27.557077,
memetic,best,"['transpose', 'exchange', 'insert']",5,30,0.8,11,25,0.1,0.5,N-be75eec_150,1219295,3459661,27.73683,
memetic,best,"['transpose', 'exchange', 'insert']",5,30,0.8,11,25,0.1,0.5,N-be75eec_150,1219295,3459714,28.182587,
memetic,best,"['transpose', 'exchange', 'insert']",5,30,0.8,11,25,0.1,0.5,N-be75eec_150,1219295,3459719,28.966679,
memetic,best,"['transpose', 'exchange', 'insert']",5,30,0.8,11,25,0.1,0.5,N-be75eec_150,1219295,3459722,29.320795,
memetic,best,"['transpose', 'exchange', 'insert']",5,30,0.8,11,25,0.1,0.5,N-be75eec_150,1219295,3459734,29.505327,
memetic,best,"['transpose', 'exchange', 'insert']",5,30,0.8,11,25,0.1,0.5,N-be75eec_150,1219295,3459785,29.879877,
memetic,best,"['transpose', 'exchange', 'insert']",5,30,0.8,11,25,0.1,0.5,N-be75eec_150,1219295,3459801,33.146713,
memetic,best,"['transpose', 'exchange', 'insert']",5,30,0.8,11,25,0.1,0.5,N-be75eec_150,1219295,3459886,33.480614,
memetic,best,"['transpose', 'exchange', 'insert']",5,30,0.8,11,25,0.1,0.5,N-be75eec_150,1219295,3459888,33.5881,
memetic,best,"['transpose', 'exchange', 'insert']",5,30,0.8,11,25,0.1,0.5,N-be75eec_150,1219295,3459907,33.713406,
memetic,best,"['transpose', 'exchange', 'insert']",5,30,0.8,11,25,0.1,0.5,N-be75eec_150,1219295,3459941,33.893196,
memetic,best,"['transpose', 'exchange', 'insert']",5,30,0.8,11,25,0.1,0.5,N-be75eec_150,1219295,3459960,34.298866,
memetic,best,"['transpose', 'exchange', 'insert']",5,30,0.8,11,25,0.1,0.5,N-be75eec_150,1219295,3460020,35.05888,
memetic,best,"['transpose', 'exchange', 'insert']",5,30,0.8,11,25,0.1,0.5,N-be75eec_150,1219295,3460068,35.832867,
memetic,best,"['transpose', 'exchange', 'insert']",5,30,0.8,11,25,0.1,0.5,N-be75eec_150,1219295,3460140,35.939186,
memetic,best,"['transpose', 'exchange', 'insert']",5,30,0.8,11,25,0.1,0.5,N-be75eec_150,1219295,3460696,36.51955,
memetic,best,"['transpose', 'exchange', 'insert']",5,30,0.8,11,25,0.1,0.5,N-be75eec_150,1219295,3460756,36.999706,
memetic,best,"['transpose', 'exchange', 'insert']",5,30,0.8,11,25,0.1,0.5,N-be75eec_150,1219295,3460762,37.2327,
memetic,best,"['transpose', 'exchange', 'insert']",5,30,0.8,11,25,0.1,0.5,N-be75eec_150,1219295,3460806,38.709492,
memetic,best,"['transpose', 'exchange', 'insert']",5,30,0.8,11,25,0.1,0.5,N-be75eec_150,1219295,3460859,39.704777,
memetic,best,"['transpose', 'exchange', 'insert']",5,30,0.8,11,25,0.1,0.5,N-be75eec_150,1219295,3460861,40.054077,
memetic,best,"['transpose', 'exchange', 'insert']",5,30,0.8,11,25,0.1,0.5,N-be75eec_150,1219295,3460863,40.709133,
memetic,best,"['transpose', 'exchange', 'insert']",5,30,0.8,11,25,0.1,0.5,N-be75eec_150,1219295,3460875,40.823437,
memetic,best,"['transpose', 'exchange', 'insert']",5,30,0.8,11,25,0.1,0.5,N-be75eec_150,1219295,3460923,58.090801,
memetic,best,"['transpose', 'exchange', 'insert']",5,30,0.8,11,25,0.1,0.5,N-be75eec_150,1219295,3460983,74.934906,
memetic,best,"['transpose', 'exchange', 'insert']",5,30,0.8,11,25,0.1,0.5,N-be75eec_150,1219295,3461799,75.208527,
memetic,best,"['transpose', 'exchange', 'insert']",5,30,0.8,11,25,0.1,0.5,N-be75eec_150,1219295,3462371,76.685959,
memetic,best,"['transpose', 'exchange', 'insert']",5,30,0.8,11,25,0.1,0.5,N-be75eec_150,1219295,3462452,77.918678,
memetic,best,"['transpose', 'exchange', 'insert']",5,30,0.8,11,25,0.1,0.5,N-be75eec_150,1219295,3463127,78.380806,
memetic,best,"['transpose', 'exchange', 'insert']",5,30,0.8,11,25,0.1,0.5,N-be75eec_150,1219295,3463239,78.718918,
memetic,best,"['transpose', 'exchange', 'insert']",5,30,0.8,11,25,0.1,0.5,N-be75eec_150,1219295,3463763,78.914185,
memetic,best,"['transpose', 'exchange', 'insert']",5,30,0.8,11,25,0.1,0.5,N-be75eec_150,1219295,3464241,79.282928,
memetic,best,"['transpose', 'exchange', 'insert']",5,30,0.8,11,25,0.1,0.5,N-be75eec_150,1219295,3464907,80.98774,
memetic,best,"['transpose', 'exchange', 'insert']",5,30,0.8,11,25,0.1,0.5,N-be75eec_150,1219295,3465323,81.180794,
memetic,best,"['transpose', 'exchange', 'insert']",5,30,0.8,11,25,0.1,0.5,N-be75eec_150,1219295,3465765,81.385521,
memetic,best,"['transpose', 'exchange', 'insert']",5,30,0.8,11,25,0.1,0.5,N-be75eec_150,1219295,3465784,82.174873,
memetic,best,"['transpose', 'exchange', 'insert']",5,30,0.8,11,25,0.1,0.5,N-be75eec_150,1219295,3465972,82.338654,
memetic,best,"['transpose', 'exchange', 'insert']",5,30,0.8,11,25,0.1,0.5,N-be75eec_150,1219295,3466085,83.067482,
memetic,best,"['transpose', 'exchange', 'insert']",5,30,0.8,11,25,0.1,0.5,N-be75eec_150,1219295,3466150,83.177254,
memetic,best,"['transpose', 'exchange', 'insert']",5,30,0.8,11,25,0.1,0.5,N-be75eec_150,1219295,3466165,83.294067,
memetic,best,"['transpose', 'exchange', 'insert']",5,30,0.8,11,25,0.1,0.5,N-be75eec_150,1219295,3466188,83.374153,
memetic,best,"['transpose', 'exchange', 'insert']",5,30,0.8,11,25,0.1,0.5,N-be75eec_150,1219295,3466218,83.504898,
memetic,best,"['transpose', 'exchange', 'insert']",5,30,0.8,11,25,0.1,0.5,N-be75eec_150,1219295,3466289,83.612679,
memetic,best,"['transpose', 'exchange', 'insert']",5,30,0.8,11,25,0.1,0.5,N-be75eec_150,1219295,3466516,83.715919,
memetic,best,"['transpose', 'exchange', 'insert']",5,30,0.8,11,25,0.1,0.5,N-be75eec_150,1219295,3466521,84.036186,
memetic,best,"['transpose', 'exchange', 'insert']",5,30,0.8,11,25,0.1,0.5,N-be75eec_150,1219295,3466541,84.343338,
memetic,best,"['transpose', 'exchange', 'insert']",5,30,0.8,11,25,0.1,0.5,N-be75eec_150,1219295,3466549,84.428505,
memetic,best,"['transpose', 'exchange', 'insert']",5,30,0.8,11,25,0.1,0.5,N-be75eec_150,1219295,3466566,84.623764,
memetic,best,"['transpose', 'exchange', 'insert']",5,30,0.8,11,25,0.1,0.5,N-be75eec_150,1219295,3466578,85.094597,
memetic,best,"['transpose', 'exchange', 'insert']",5,30,0.8,11,25,0.1,0.5,N-be75eec_150,1219295,3466605,85.834335,
memetic,best,"['transpose', 'exchange', 'insert']",5,30,0.8,11,25,0.1,0.5,N-be75eec_150,1219295,3466618,87.147987,
memetic,best,"['transpose', 'exchange', 'insert']",5,30,0.8,11,25,0.1,0.5,N-be75eec_150,1219295,3466628,89.938896,
memetic,best,"['transpose', 'exchange', 'insert']",5,30,0.8,11,25,0.1,0.5,N-be75eec_150,1219295,3466630,90.315926,
memetic,best,"['transpose', 'exchange', 'insert']",5,30,0.8,11,25,0.1,0.5,N-be75eec_150,1219295,3466712,93.779831,
memetic,best,"['transpose', 'exchange', 'insert']",5,30,0.8,11,25,0.1,0.5,N-be75eec_150,1219295,3466715,126.470337,
memetic,best,"['transpose', 'exchange', 'insert']",5,30,0.8,11,25,0.1,0.5,N-be75eec_150,1219295,3466715,188.51474,
memetic,best,"['transpose', 'exchange', 'insert']",5,30,0.8,11,25,0.1,0.5,N-be75eec_150,1940755,3415872,0.563921,
memetic,best,"['transpose', 'exchange', 'insert']",5,30,0.8,11,25,0.1,0.5,N-be75eec_150,1940755,3423133,1.621761,
memetic,best,"['transpose', 'exchange', 'insert']",5,30,0.8,11,25,0.1,0.5,N-be75eec_150,1940755,3426082,2.543637,
memetic,best,"['transpose', 'exchange', 'insert']",5,30,0.8,11,25,0.1,0.5,N-be75eec_150,1940755,3426289,2.987946,
memetic,best,"['transpose', 'exchange', 'insert']",5,30,0.8,11,25,0.1,0.5,N-be75eec_150,1940755,3427977,3.905445,
memetic,best,"['transpose', 'exchange', 'insert']",5,30,0.8,11,25,0.1,0.5,N-be75eec_150,1940755,3428661,4.274267,
memetic,best,"['transpose', 'exchange', 'insert']",5,30,0.8,11,25,0.1,0.5,N-be75eec_150,1940755,3433434,5.134112,
memetic,best,"['transpose', 'exchange', 'insert']",5,30,0.8,11,25,0.1,0.5,N-be75eec_150,1940755,3434886,5.568325,
memetic,best,"['transpose', 'exchange', 'insert']",5,30,0.8,11,25,0.1,0.5,N-be75eec_150,1940755,3435117,6.305641,
memetic,best,"['transpose', 'exchange', 'insert']",5,30,0.8,11,25,0.1,0.5,N-be75eec_150,1940755,3439025,6.722226,
memetic,best,"['transpose', 'exchange', 'insert']",5,30,0.8,11,25,0.1,0.5,N-be75eec_150,1940755,3439548,7.718357,
memetic,best,"['transpose', 'exchange', 'insert']",5,30,0.8,11,25,0.1,0.5,N-be75eec_150,1940755,3441883,8.105609,
memetic,best,"['transpose', 'exchange', 'insert']",5,30,0.8,11,25,0.1,0.5,N-be75eec_150,1940755,3443528,9.318199,
memetic,best,"['transpose', 'exchange', 'insert']",5,30,0.8,11,25,0.1,0.5,N-be75eec_150,1940755,3443664,10.30463,
memetic,best,"['transpose', 'exchange', 'insert']",5,30,0.8,11,25,0.1,0.5,N-be75eec_150,1940755,3446244,10.665946,
memetic,best,"['transpose', 'exchange', 'insert']",5,30,0.8,11,25,0.1,0.5,N-be75eec_150,1940755,3446904,12.789958,
memetic,best,"['transpose', 'exchange', 'insert']",5,30,0.8,11,25,0.1,0.5,N-be75eec_150,1940755,3449463,13.376826,
memetic,best,"['transpose', 'exchange', 'insert']",5,30,0.8,11,25,0.1,0.5,N-be75eec_150,1940755,3450441,14.149084,
memetic,best,"['transpose', 'exchange', 'insert']",5,30,0.8,11,25,0.1,0.5,N-be75eec_150,1940755,3450548,14.398509,
memetic,best,"['transpose', 'exchange', 'insert']",5,30,0.8,11,25,0.1,0.5,N-be75eec_150,1940755,3451244,15.116187,
memetic,best,"['transpose', 'exchange', 'insert']",5,30,0.8,11,25,0.1,0.5,N-be75eec_150,1940755,3451416,15.36273,
memetic,best,"['transpose', 'exchange', 'insert']",5,30,0.8,11,25,0.1,0.5,N-be75eec_150,1940755,3451643,16.085381,
memetic,best,"['transpose', 'exchange', 'insert']",5,30,0.8,11,25,0.1,0.5,N-be75eec_150,1940755,3453694,16.782375,
memetic,best,"['transpose', 'exchange', 'insert']",5,30,0.8,11,25,0.1,0.5,N-be75eec_150,1940755,3454172,17.745956,
memetic,best,"['transpose', 'exchange', 'insert']",5,30,0.8,11,25,0.1,0.5,N-be75eec_150,1940755,3454228,18.249777,
memetic,best,"['transpose', 'exchange', 'insert']",5,30,0.8,11,25,0.1,0.5,N-be75eec_150,1940755,3454528,18.495211,
memetic,best,"['transpose', 'exchange', 'insert']",5,30,0.8,11,25,0.1,0.5,N-be75eec_150,1940755,3454718,18.987389,
memetic,best,"['transpose', 'exchange', 'insert']",5,30,0.8,11,25,0.1,0.5,N-be75eec_150,1940755,3455608,19.179848,
memetic,best,"['transpose', 'exchange', 'insert']",5,30,0.8,11,25,0.1,0.5,N-be75eec_150,1940755,3455829,20.816893,
memetic,best,"['transpose', 'exchange', 'insert']",5,30,0.8,11,25,0.1,0.5,N-be75eec_150,1940755,3456117,21.890858,
memetic,best,"['transpose', 'exchange', 'insert']",5,30,0.8,11,25,0.1,0.5,N-be75eec_150,1940755,3456190,22.669918,
memetic,best,"['transpose', 'exchange', 'insert']",5,30,0.8,11,25,0.1,0.5,N-be75eec_150,1940755,3456197,22.816696,
memetic,best,"['transpose', 'exchange', 'insert']",5,30,0.8,11,25,0.1,0.5,N-be75eec_150,1940755,3457125,23.12616,
memetic,best,"['transpose', 'exchange', 'insert']",5,30,0.8,11,25,0.1,0.5,N-be75eec_150,1940755,3458880,23.884899,
memetic,best,"['transpose', 'exchange', 'insert']",5,30,0.8,11,25,0.1,0.5,N-be75eec_150,1940755,3459249,25.262468,
memetic,best,"['transpose', 'exchange', 'insert']",5,30,0.8,11,25,0.1,0.5,N-be75eec_150,1940755,3459299,25.892967,
memetic,best,"['transpose', 'exchange', 'insert']",5,30,0.8,11,25,0.1,0.5,N-be75eec_150,1940755,3459423,26.057535,
memetic,best,"['transpose', 'exchange', 'insert']",5,30,0.8,11,25,0.1,0.5,N-be75eec_150,1940755,3459555,26.637514,
memetic,best,"['transpose', 'exchange', 'insert']",5,30,0.8,11,25,0.1,0.5,N-be75eec_150,1940755,3459600,26.839066,
memetic,best,"['transpose', 'exchange', 'insert']",5,30,0.8,11,25,0.1,0.5,N-be75eec_150,1940755,3459631,26.955883,
memetic,best,"['transpose', 'exchange', 'insert']",5,30,0.8,11,25,0.1,0.5,N-be75eec_150,1940755,3459643,27.233603,
memetic,best,"['transpose', 'exchange', 'insert']",5,30,0.8,11,25,0.1,0.5,N-be75eec_150,1940755,3459661,27.410875,
memetic,best,"['transpose', 'exchange', 'insert']",5,30,0.8,11,25,0.1,0.5,N-be75eec_150,1940755,3459714,27.848299,
memetic,best,"['transpose', 'exchange', 'insert']",5,30,0.8,11,25,0.1,0.5,N-be75eec_150,1940755,3459719,28.619293,
memetic,best,"['transpose', 'exchange', 'insert']",5,30,0.8,11,25,0.1,0.5,N-be75eec_150,1940755,3459722,28.967379,
memetic,best,"['transpose', 'exchange', 'insert']",5,30,0.8,11,25,0.1,0.5,N-be75eec_150,1940755,3459734,29.149206,
memetic,best,"['transpose', 'exchange', 'insert']",5,30,0.8,11,25,0.1,0.5,N-be75eec_150,1940755,3459785,29.518633,
memetic,best,"['transpose', 'exchange', 'insert']",5,30,0.8,11,25,0.1,0.5,N-be75eec_150,1940755,3459801,32.73698,
memetic,best,"['transpose', 'exchange', 'insert']",5,30,0.8,11,25,0.1,0.5,N-be75eec_150,1940755,3459886,33.065159,
memetic,best,"['transpose', 'exchange', 'insert']",5,30,0.8,11,25,0.1,0.5,N-be75eec_150,1940755,3459888,33.170925,
memetic,best,"['transpose', 'exchange', 'insert']",5,30,0.8,11,25,0.1,0.5,N-be75eec_150,1940755,3459907,33.293262,
memetic,best,"['transpose', 'exchange', 'insert']",5,30,0.8,11,25,0.1,0.5,N-be75eec_150,1940755,3459941,33.470528,
memetic,best,"['transpose', 'exchange', 'insert']",5,30,0.8,11,25,0.1,0.5,N-be75eec_150,1940755,3459960,33.870605,
memetic,best,"['transpose', 'exchange', 'insert']",5,30,0.8,11,25,0.1,0.5,N-be75eec_150,1940755,3460020,34.617043,
memetic,best,"['transpose', 'exchange', 'insert']",5,30,0.8,11,25,0.1,0.5,N-be75eec_150,1940755,3460068,35.378216,
memetic,best,"['transpose', 'exchange', 'insert']",5,30,0.8,11,25,0.1,0.5,N-be75eec_150,1940755,3460140,35.482388,
memetic,best,"['transpose', 'exchange', 'insert']",5,30,0.8,11,25,0.1,0.5,N-be75eec_150,1940755,3460696,36.055416,
memetic,best,"['transpose', 'exchange', 'insert']",5,30,0.8,11,25,0.1,0.5,N-be75eec_150,1940755,3460756,36.526852,
memetic,best,"['transpose', 'exchange', 'insert']",5,30,0.8,11,25,0.1,0.5,N-be75eec_150,1940755,3460762,36.757793,
memetic,best,"['transpose', 'exchange', 'insert']",5,30,0.8,11,25,0.1,0.5,N-be75eec_150,1940755,3460806,38.214809,
memetic,best,"['transpose', 'exchange', 'insert']",5,30,0.8,11,25,0.1,0.5,N-be75eec_150,1940755,3460859,39.195999,
memetic,best,"['transpose', 'exchange', 'insert']",5,30,0.8,11,25,0.1,0.5,N-be75eec_150,1940755,3460861,39.539406,
memetic,best,"['transpose', 'exchange', 'insert']",5,30,0.8,11,25,0.1,0.5,N-be75eec_150,1940755,3460863,40.181694,
memetic,best,"['transpose', 'exchange', 'insert']",5,30,0.8,11,25,0.1,0.5,N-be75eec_150,1940755,3460875,40.293385,
memetic,best,"['transpose', 'exchange', 'insert']",5,30,0.8,11,25,0.1,0.5,N-be75eec_150,1940755,3460923,57.372826,
memetic,best,"['transpose', 'exchange', 'insert']",5,30,0.8,11,25,0.1,0.5,N-be75eec_150,1940755,3460983,74.035461,
memetic,best,"['transpose', 'exchange', 'insert']",5,30,0.8,11,25,0.1,0.5,N-be75eec_150,1940755,3461799,74.304459,
memetic,best,"['transpose', 'exchange', 'insert']",5,30,0.8,11,25,0.1,0.5,N-be75eec_150,1940755,3462371,75.758881,
memetic,best,"['transpose', 'exchange', 'insert']",5,30,0.8,11,25,0.1,0.5,N-be75eec_150,1940755,3462452,76.974304,
memetic,best,"['transpose', 'exchange', 'insert']",5,30,0.8,11,25,0.1,0.5,N-be75eec_150,1940755,3463127,77.428017,
memetic,best,"['transpose', 'exchange', 'insert']",5,30,0.8,11,25,0.1,0.5,N-be75eec_150,1940755,3463239,77.760597,
memetic,best,"['transpose', 'exchange', 'insert']",5,30,0.8,11,25,0.1,0.5,N-be75eec_150,1940755,3463763,77.952835,
memetic,best,"['transpose', 'exchange', 'insert']",5,30,0.8,11,25,0.1,0.5,N-be75eec_150,1940755,3464241,78.318466,
memetic,best,"['transpose', 'exchange', 'insert']",5,30,0.8,11,25,0.1,0.5,N-be75eec_150,1940755,3464907,79.999382,
memetic,best,"['transpose', 'exchange', 'insert']",5,30,0.8,11,25,0.1,0.5,N-be75eec_150,1940755,3465323,80.191925,
memetic,best,"['transpose', 'exchange', 'insert']",5,30,0.8,11,25,0.1,0.5,N-be75eec_150,1940755,3465765,80.39566,
memetic,best,"['transpose', 'exchange', 'insert']",5,30,0.8,11,25,0.1,0.5,N-be75eec_150,1940755,3465784,81.174454,
memetic,best,"['transpose', 'exchange', 'insert']",5,30,0.8,11,25,0.1,0.5,N-be75eec_150,1940755,3465972,81.336792,
memetic,best,"['transpose', 'exchange', 'insert']",5,30,0.8,11,25,0.1,0.5,N-be75eec_150,1940755,3466085,82.048386,
memetic,best,"['transpose', 'exchange', 'insert']",5,30,0.8,11,25,0.1,0.5,N-be75eec_150,1940755,3466150,82.159302,
memetic,best,"['transpose', 'exchange', 'insert']",5,30,0.8,11,25,0.1,0.5,N-be75eec_150,1940755,3466165,82.275444,
memetic,best,"['transpose', 'exchange', 'insert']",5,30,0.8,11,25,0.1,0.5,N-be75eec_150,1940755,3466188,82.354195,
memetic,best,"['transpose', 'exchange', 'insert']",5,30,0.8,11,25,0.1,0.5,N-be75eec_150,1940755,3466218,82.48317,
memetic,best,"['transpose', 'exchange', 'insert']",5,30,0.8,11,25,0.1,0.5,N-be75eec_150,1940755,3466289,82.589943,
memetic,best,"['transpose', 'exchange', 'insert']",5,30,0.8,11,25,0.1,0.5,N-be75eec_150,1940755,3466516,82.691376,
memetic,best,"['transpose', 'exchange', 'insert']",5,30,0.8,11,25,0.1,0.5,N-be75eec_150,1940755,3466521,83.005211,
memetic,best,"['transpose', 'exchange', 'insert']",5,30,0.8,11,25,0.1,0.5,N-be75eec_150,1940755,3466541,83.310188,
memetic,best,"['transpose', 'exchange', 'insert']",5,30,0.8,11,25,0.1,0.5,N-be75eec_150,1940755,3466549,83.391838,
memetic,best,"['transpose', 'exchange', 'insert']",5,30,0.8,11,25,0.1,0.5,N-be75eec_150,1940755,3466566,83.58358,
memetic,best,"['transpose', 'exchange', 'insert']",5,30,0.8,11,25,0.1,0.5,N-be75eec_150,1940755,3466578,84.044861,
memetic,best,"['transpose', 'exchange', 'insert']",5,30,0.8,11,25,0.1,0.5,N-be75eec_150,1940755,3466605,84.772484,
memetic,best,"['transpose', 'exchange', 'insert']",5,30,0.8,11,25,0.1,0.5,N-be75eec_150,1940755,3466618,86.062965,
memetic,best,"['transpose', 'exchange', 'insert']",5,30,0.8,11,25,0.1,0.5,N-be75eec_150,1940755,3466628,88.80526,
memetic,best,"['transpose', 'exchange', 'insert']",5,30,0.8,11,25,0.1,0.5,N-be75eec_150,1940755,3466630,89.176956,
memetic,best,"['transpose', 'exchange', 'insert']",5,30,0.8,11,25,0.1,0.5,N-be75eec_150,1940755,3466712,92.589409,
memetic,best,"['transpose', 'exchange', 'insert']",5,30,0.8,11,25,0.1,0.5,N-be75eec_150,1940755,3466715,124.87072,
memetic,best,"['transpose', 'exchange', 'insert']",5,30,0.8,11,25,0.1,0.5,N-be75eec_150,1940755,3466715,186.234589,
memetic,best,"['transpose', 'exchange', 'insert']",5,30,0.8,11,25,0.1,0.5,N-be75eec_150,2056347,3415872,0.538835,
memetic,best,"['transpose', 'exchange', 'insert']",5,30,0.8,11,25,0.1,0.5,N-be75eec_150,2056347,3423133,1.593523,
memetic,best,"['transpose', 'exchange', 'insert']",5,30,0.8,11,25,0.1,0.5,N-be75eec_150,2056347,3426082,2.515254,
memetic,best,"['transpose', 'exchange', 'insert']",5,30,0.8,11,25,0.1,0.5,N-be75eec_150,2056347,3426289,2.963548,
memetic,best,"['transpose', 'exchange', 'insert']",5,30,0.8,11,25,0.1,0.5,N-be75eec_150,2056347,3427977,3.879903,
memetic,best,"['transpose', 'exchange', 'insert']",5,30,0.8,11,25,0.1,0.5,N-be75eec_150,2056347,3428661,4.249346,
memetic,best,"['transpose', 'exchange', 'insert']",5,30,0.8,11,25,0.1,0.5,N-be75eec_150,2056347,3433434,5.10238,
memetic,best,"['transpose', 'exchange', 'insert']",5,30,0.8,11,25,0.1,0.5,N-be75eec_150,2056347,3434886,5.535161,
memetic,best,"['transpose', 'exchange', 'insert']",5,30,0.8,11,25,0.1,0.5,N-be75eec_150,2056347,3435117,6.269831,
memetic,best,"['transpose', 'exchange', 'insert']",5,30,0.8,11,25,0.1,0.5,N-be75eec_150,2056347,3439025,6.688222,
memetic,best,"['transpose', 'exchange', 'insert']",5,30,0.8,11,25,0.1,0.5,N-be75eec_150,2056347,3439548,7.690606,
memetic,best,"['transpose', 'exchange', 'insert']",5,30,0.8,11,25,0.1,0.5,N-be75eec_150,2056347,3441883,8.081412,
memetic,best,"['transpose', 'exchange', 'insert']",5,30,0.8,11,25,0.1,0.5,N-be75eec_150,2056347,3443528,9.293398,
memetic,best,"['transpose', 'exchange', 'insert']",5,30,0.8,11,25,0.1,0.5,N-be75eec_150,2056347,3443664,10.284062,
memetic,best,"['transpose', 'exchange', 'insert']",5,30,0.8,11,25,0.1,0.5,N-be75eec_150,2056347,3446244,10.646055,
memetic,best,"['transpose', 'exchange', 'insert']",5,30,0.8,11,25,0.1,0.5,N-be75eec_150,2056347,3446904,12.785066,
memetic,best,"['transpose', 'exchange', 'insert']",5,30,0.8,11,25,0.1,0.5,N-be75eec_150,2056347,3449463,13.373641,
memetic,best,"['transpose', 'exchange', 'insert']",5,30,0.8,11,25,0.1,0.5,N-be75eec_150,2056347,3450441,14.149528,
memetic,best,"['transpose', 'exchange', 'insert']",5,30,0.8,11,25,0.1,0.5,N-be75eec_150,2056347,3450548,14.398944,
memetic,best,"['transpose', 'exchange', 'insert']",5,30,0.8,11,25,0.1,0.5,N-be75eec_150,2056347,3451244,15.119698,
memetic,best,"['transpose', 'exchange', 'insert']",5,30,0.8,11,25,0.1,0.5,N-be75eec_150,2056347,3451416,15.367151,
memetic,best,"['transpose', 'exchange', 'insert']",5,30,0.8,11,25,0.1,0.5,N-be75eec_150,2056347,3451643,16.095375,
memetic,best,"['transpose', 'exchange', 'insert']",5,30,0.8,11,25,0.1,0.5,N-be75eec_150,2056347,3453694,16.796679,
memetic,best,"['transpose', 'exchange', 'insert']",5,30,0.8,11,25,0.1,0.5,N-be75eec_150,2056347,3454172,17.766129,
memetic,best,"['transpose', 'exchange', 'insert']",5,30,0.8,11,25,0.1,0.5,N-be75eec_150,2056347,3454228,18.27417,
memetic,best,"['transpose', 'exchange', 'insert']",5,30,0.8,11,25,0.1,0.5,N-be75eec_150,2056347,3454528,18.520988,
memetic,best,"['transpose', 'exchange', 'insert']",5,30,0.8,11,25,0.1,0.5,N-be75eec_150,2056347,3454718,19.019081,
memetic,best,"['transpose', 'exchange', 'insert']",5,30,0.8,11,25,0.1,0.5,N-be75eec_150,2056347,3455608,19.213217,
memetic,best,"['transpose', 'exchange', 'insert']",5,30,0.8,11,25,0.1,0.5,N-be75eec_150,2056347,3455829,20.858349,
memetic,best,"['transpose', 'exchange', 'insert']",5,30,0.8,11,25,0.1,0.5,N-be75eec_150,2056347,3456117,21.937,
memetic,best,"['transpose', 'exchange', 'insert']",5,30,0.8,11,25,0.1,0.5,N-be75eec_150,2056347,3456190,22.719408,
memetic,best,"['transpose', 'exchange', 'insert']",5,30,0.8,11,25,0.1,0.5,N-be75eec_150,2056347,3456197,22.86842,
memetic,best,"['transpose', 'exchange', 'insert']",5,30,0.8,11,25,0.1,0.5,N-be75eec_150,2056347,3457125,23.179375,
memetic,best,"['transpose', 'exchange', 'insert']",5,30,0.8,11,25,0.1,0.5,N-be75eec_150,2056347,3458880,23.945084,
memetic,best,"['transpose', 'exchange', 'insert']",5,30,0.8,11,25,0.1,0.5,N-be75eec_150,2056347,3459249,25.341103,
memetic,best,"['transpose', 'exchange', 'insert']",5,30,0.8,11,25,0.1,0.5,N-be75eec_150,2056347,3459299,25.97509,
memetic,best,"['transpose', 'exchange', 'insert']",5,30,0.8,11,25,0.1,0.5,N-be75eec_150,2056347,3459423,26.141232,
memetic,best,"['transpose', 'exchange', 'insert']",5,30,0.8,11,25,0.1,0.5,N-be75eec_150,2056347,3459555,26.726234,
memetic,best,"['transpose', 'exchange', 'insert']",5,30,0.8,11,25,0.1,0.5,N-be75eec_150,2056347,3459600,26.930902,
memetic,best,"['transpose', 'exchange', 'insert']",5,30,0.8,11,25,0.1,0.5,N-be75eec_150,2056347,3459631,27.048473,
memetic,best,"['transpose', 'exchange', 'insert']",5,30,0.8,11,25,0.1,0.5,N-be75eec_150,2056347,3459643,27.327312,
memetic,best,"['transpose', 'exchange', 'insert']",5,30,0.8,11,25,0.1,0.5,N-be75eec_150,2056347,3459661,27.50568,
memetic,best,"['transpose', 'exchange', 'insert']",5,30,0.8,11,25,0.1,0.5,N-be75eec_150,2056347,3459714,27.946327,
memetic,best,"['transpose', 'exchange', 'insert']",5,30,0.8,11,25,0.1,0.5,N-be75eec_150,2056347,3459719,28.721039,
memetic,best,"['transpose', 'exchange', 'insert']",5,30,0.8,11,25,0.1,0.5,N-be75eec_150,2056347,3459722,29.073643,
memetic,best,"['transpose', 'exchange', 'insert']",5,30,0.8,11,25,0.1,0.5,N-be75eec_150,2056347,3459734,29.258162,
memetic,best,"['transpose', 'exchange', 'insert']",5,30,0.8,11,25,0.1,0.5,N-be75eec_150,2056347,3459785,29.633081,
memetic,best,"['transpose', 'exchange', 'insert']",5,30,0.8,11,25,0.1,0.5,N-be75eec_150,2056347,3459801,32.883076,
memetic,best,"['transpose', 'exchange', 'insert']",5,30,0.8,11,25,0.1,0.5,N-be75eec_150,2056347,3459886,33.214474,
memetic,best,"['transpose', 'exchange', 'insert']",5,30,0.8,11,25,0.1,0.5,N-be75eec_150,2056347,3459888,33.321644,
memetic,best,"['transpose', 'exchange', 'insert']",5,30,0.8,11,25,0.1,0.5,N-be75eec_150,2056347,3459907,33.446384,
memetic,best,"['transpose', 'exchange', 'insert']",5,30,0.8,11,25,0.1,0.5,N-be75eec_150,2056347,3459941,33.626038,
memetic,best,"['transpose', 'exchange', 'insert']",5,30,0.8,11,25,0.1,0.5,N-be75eec_150,2056347,3459960,34.029747,
memetic,best,"['transpose', 'exchange', 'insert']",5,30,0.8,11,25,0.1,0.5,N-be75eec_150,2056347,3460020,34.787312,
memetic,best,"['transpose', 'exchange', 'insert']",5,30,0.8,11,25,0.1,0.5,N-be75eec_150,2056347,3460068,35.554226,
memetic,best,"['transpose', 'exchange', 'insert']",5,30,0.8,11,25,0.1,0.5,N-be75eec_150,2056347,3460140,35.660015,
memetic,best,"['transpose', 'exchange', 'insert']",5,30,0.8,11,25,0.1,0.5,N-be75eec_150,2056347,3460696,36.238674,
memetic,best,"['transpose', 'exchange', 'insert']",5,30,0.8,11,25,0.1,0.5,N-be75eec_150,2056347,3460756,36.715267,
memetic,best,"['transpose', 'exchange', 'insert']",5,30,0.8,11,25,0.1,0.5,N-be75eec_150,2056347,3460762,36.946815,
memetic,best,"['transpose', 'exchange', 'insert']",5,30,0.8,11,25,0.1,0.5,N-be75eec_150,2056347,3460806,38.424896,
memetic,best,"['transpose', 'exchange', 'insert']",5,30,0.8,11,25,0.1,0.5,N-be75eec_150,2056347,3460859,39.413925,
memetic,best,"['transpose', 'exchange', 'insert']",5,30,0.8,11,25,0.1,0.5,N-be75eec_150,2056347,3460861,39.759129,
memetic,best,"['transpose', 'exchange', 'insert']",5,30,0.8,11,25,0.1,0.5,N-be75eec_150,2056347,3460863,40.411278,
memetic,best,"['transpose', 'exchange', 'insert']",5,30,0.8,11,25,0.1,0.5,N-be75eec_150,2056347,3460875,40.52536,
memetic,best,"['transpose', 'exchange', 'insert']",5,30,0.8,11,25,0.1,0.5,N-be75eec_150,2056347,3460923,57.676403,
memetic,best,"['transpose', 'exchange', 'insert']",5,30,0.8,11,25,0.1,0.5,N-be75eec_150,2056347,3460983,74.409294,
memetic,best,"['transpose', 'exchange', 'insert']",5,30,0.8,11,25,0.1,0.5,N-be75eec_150,2056347,3461799,74.680138,
memetic,best,"['transpose', 'exchange', 'insert']",5,30,0.8,11,25,0.1,0.5,N-be75eec_150,2056347,3462371,76.147125,
memetic,best,"['transpose', 'exchange', 'insert']",5,30,0.8,11,25,0.1,0.5,N-be75eec_150,2056347,3462452,77.379089,
memetic,best,"['transpose', 'exchange', 'insert']",5,30,0.8,11,25,0.1,0.5,N-be75eec_150,2056347,3463127,77.840164,
memetic,best,"['transpose', 'exchange', 'insert']",5,30,0.8,11,25,0.1,0.5,N-be75eec_150,2056347,3463239,78.179657,
memetic,best,"['transpose', 'exchange', 'insert']",5,30,0.8,11,25,0.1,0.5,N-be75eec_150,2056347,3463763,78.374367,
memetic,best,"['transpose', 'exchange', 'insert']",5,30,0.8,11,25,0.1,0.5,N-be75eec_150,2056347,3464241,78.743942,
memetic,best,"['transpose', 'exchange', 'insert']",5,30,0.8,11,25,0.1,0.5,N-be75eec_150,2056347,3464907,80.430656,
memetic,best,"['transpose', 'exchange', 'insert']",5,30,0.8,11,25,0.1,0.5,N-be75eec_150,2056347,3465323,80.622803,
memetic,best,"['transpose', 'exchange', 'insert']",5,30,0.8,11,25,0.1,0.5,N-be75eec_150,2056347,3465765,80.826714,
memetic,best,"['transpose', 'exchange', 'insert']",5,30,0.8,11,25,0.1,0.5,N-be75eec_150,2056347,3465784,81.612251,
memetic,best,"['transpose', 'exchange', 'insert']",5,30,0.8,11,25,0.1,0.5,N-be75eec_150,2056347,3465972,81.775162,
memetic,best,"['transpose', 'exchange', 'insert']",5,30,0.8,11,25,0.1,0.5,N-be75eec_150,2056347,3466085,82.494781,
memetic,best,"['transpose', 'exchange', 'insert']",5,30,0.8,11,25,0.1,0.5,N-be75eec_150,2056347,3466150,82.60508,
memetic,best,"['transpose', 'exchange', 'insert']",5,30,0.8,11,25,0.1,0.5,N-be75eec_150,2056347,3466165,82.721352,
memetic,best,"['transpose', 'exchange', 'insert']",5,30,0.8,11,25,0.1,0.5,N-be75eec_150,2056347,3466188,82.800713,
memetic,best,"['transpose', 'exchange', 'insert']",5,30,0.8,11,25,0.1,0.5,N-be75eec_150,2056347,3466218,82.928909,
memetic,best,"['transpose', 'exchange', 'insert']",5,30,0.8,11,25,0.1,0.5,N-be75eec_150,2056347,3466289,83.037254,
memetic,best,"['transpose', 'exchange', 'insert']",5,30,0.8,11,25,0.1,0.5,N-be75eec_150,2056347,3466516,83.139603,
memetic,best,"['transpose', 'exchange', 'insert']",5,30,0.8,11,25,0.1,0.5,N-be75eec_150,2056347,3466521,83.460365,
memetic,best,"['transpose', 'exchange', 'insert']",5,30,0.8,11,25,0.1,0.5,N-be75eec_150,2056347,3466541,83.768829,
memetic,best,"['transpose', 'exchange', 'insert']",5,30,0.8,11,25,0.1,0.5,N-be75eec_150,2056347,3466549,83.852142,
memetic,best,"['transpose', 'exchange', 'insert']",5,30,0.8,11,25,0.1,0.5,N-be75eec_150,2056347,3466566,84.046677,
memetic,best,"['transpose', 'exchange', 'insert']",5,30,0.8,11,25,0.1,0.5,N-be75eec_150,2056347,3466578,84.516609,
memetic,best,"['transpose', 'exchange', 'insert']",5,30,0.8,11,25,0.1,0.5,N-be75eec_150,2056347,3466605,85.253593,
memetic,best,"['transpose', 'exchange', 'insert']",5,30,0.8,11,25,0.1,0.5,N-be75eec_150,2056347,3466618,86.561333,
memetic,best,"['transpose', 'exchange', 'insert']",5,30,0.8,11,25,0.1,0.5,N-be75eec_150,2056347,3466628,89.336861,
memetic,best,"['transpose', 'exchange', 'insert']",5,30,0.8,11,25,0.1,0.5,N-be75eec_150,2056347,3466630,89.713867,
memetic,best,"['transpose', 'exchange', 'insert']",5,30,0.8,11,25,0.1,0.5,N-be75eec_150,2056347,3466712,93.164368,
memetic,best,"['transpose', 'exchange', 'insert']",5,30,0.8,11,25,0.1,0.5,N-be75eec_150,2056347,3466715,125.669258,
memetic,best,"['transpose', 'exchange', 'insert']",5,30,0.8,11,25,0.1,0.5,N-be75eec_150,2056347,3466715,187.472931,
memetic,best,"['transpose', 'exchange', 'insert']",5,30,0.8,11,25,0.1,0.5,N-be75eec_150,2823758,3415872,0.523002,
memetic,best,"['transpose', 'exchange', 'insert']",5,30,0.8,11,25,0.1,0.5,N-be75eec_150,2823758,3423133,1.55762,
memetic,best,"['transpose', 'exchange', 'insert']",5,30,0.8,11,25,0.1,0.5,N-be75eec_150,2823758,3426082,2.470737,
memetic,best,"['transpose', 'exchange', 'insert']",5,30,0.8,11,25,0.1,0.5,N-be75eec_150,2823758,3426289,2.911164,
memetic,best,"['transpose', 'exchange', 'insert']",5,30,0.8,11,25,0.1,0.5,N-be75eec_150,2823758,3427977,3.819776,
memetic,best,"['transpose', 'exchange', 'insert']",5,30,0.8,11,25,0.1,0.5,N-be75eec_150,2823758,3428661,4.183036,
memetic,best,"['transpose', 'exchange', 'insert']",5,30,0.8,11,25,0.1,0.5,N-be75eec_150,2823758,3433434,5.030235,
memetic,best,"['transpose', 'exchange', 'insert']",5,30,0.8,11,25,0.1,0.5,N-be75eec_150,2823758,3434886,5.46093,
memetic,best,"['transpose', 'exchange', 'insert']",5,30,0.8,11,25,0.1,0.5,N-be75eec_150,2823758,3435117,6.187946,
memetic,best,"['transpose', 'exchange', 'insert']",5,30,0.8,11,25,0.1,0.5,N-be75eec_150,2823758,3439025,6.600325,
memetic,best,"['transpose', 'exchange', 'insert']",5,30,0.8,11,25,0.1,0.5,N-be75eec_150,2823758,3439548,7.585412,
memetic,best,"['transpose', 'exchange', 'insert']",5,30,0.8,11,25,0.1,0.5,N-be75eec_150,2823758,3441883,7.971377,
memetic,best,"['transpose', 'exchange', 'insert']",5,30,0.8,11,25,0.1,0.5,N-be75eec_150,2823758,3443528,9.170397,
memetic,best,"['transpose', 'exchange', 'insert']",5,30,0.8,11,25,0.1,0.5,N-be75eec_150,2823758,3443664,10.153845,
memetic,best,"['transpose', 'exchange', 'insert']",5,30,0.8,11,25,0.1,0.5,N-be75eec_150,2823758,3446244,10.512259,
memetic,best,"['transpose', 'exchange', 'insert']",5,30,0.8,11,25,0.1,0.5,N-be75eec_150,2823758,3446904,12.622333,
memetic,best,"['transpose', 'exchange', 'insert']",5,30,0.8,11,25,0.1,0.5,N-be75eec_150,2823758,3449463,13.205474,
memetic,best,"['transpose', 'exchange', 'insert']",5,30,0.8,11,25,0.1,0.5,N-be75eec_150,2823758,3450441,13.972275,
memetic,best,"['transpose', 'exchange', 'insert']",5,30,0.8,11,25,0.1,0.5,N-be75eec_150,2823758,3450548,14.219031,
memetic,best,"['transpose', 'exchange', 'insert']",5,30,0.8,11,25,0.1,0.5,N-be75eec_150,2823758,3451244,14.931491,
memetic,best,"['transpose', 'exchange', 'insert']",5,30,0.8,11,25,0.1,0.5,N-be75eec_150,2823758,3451416,15.176602,
memetic,best,"['transpose', 'exchange', 'insert']",5,30,0.8,11,25,0.1,0.5,N-be75eec_150,2823758,3451643,15.899253,
memetic,best,"['transpose', 'exchange', 'insert']",5,30,0.8,11,25,0.1,0.5,N-be75eec_150,2823758,3453694,16.58967,
memetic,best,"['transpose', 'exchange', 'insert']",5,30,0.8,11,25,0.1,0.5,N-be75eec_150,2823758,3454172,17.544905,
memetic,best,"['transpose', 'exchange', 'insert']",5,30,0.8,11,25,0.1,0.5,N-be75eec_150,2823758,3454228,18.046282,
memetic,best,"['transpose', 'exchange', 'insert']",5,30,0.8,11,25,0.1,0.5,N-be75eec_150,2823758,3454528,18.289497,
memetic,best,"['transpose', 'exchange', 'insert']",5,30,0.8,11,25,0.1,0.5,N-be75eec_150,2823758,3454718,18.781956,
memetic,best,"['transpose', 'exchange', 'insert']",5,30,0.8,11,25,0.1,0.5,N-be75eec_150,2823758,3455608,18.974705,
memetic,best,"['transpose', 'exchange', 'insert']",5,30,0.8,11,25,0.1,0.5,N-be75eec_150,2823758,3455829,20.606743,
memetic,best,"['transpose', 'exchange', 'insert']",5,30,0.8,11,25,0.1,0.5,N-be75eec_150,2823758,3456117,21.675795,
memetic,best,"['transpose', 'exchange', 'insert']",5,30,0.8,11,25,0.1,0.5,N-be75eec_150,2823758,3456190,22.453863,
memetic,best,"['transpose', 'exchange', 'insert']",5,30,0.8,11,25,0.1,0.5,N-be75eec_150,2823758,3456197,22.601671,
memetic,best,"['transpose', 'exchange', 'insert']",5,30,0.8,11,25,0.1,0.5,N-be75eec_150,2823758,3457125,22.910086,
memetic,best,"['transpose', 'exchange', 'insert']",5,30,0.8,11,25,0.1,0.5,N-be75eec_150,2823758,3458880,23.66264,
memetic,best,"['transpose', 'exchange', 'insert']",5,30,0.8,11,25,0.1,0.5,N-be75eec_150,2823758,3459249,25.038595,
memetic,best,"['transpose', 'exchange', 'insert']",5,30,0.8,11,25,0.1,0.5,N-be75eec_150,2823758,3459299,25.661846,
memetic,best,"['transpose', 'exchange', 'insert']",5,30,0.8,11,25,0.1,0.5,N-be75eec_150,2823758,3459423,25.82625,
memetic,best,"['transpose', 'exchange', 'insert']",5,30,0.8,11,25,0.1,0.5,N-be75eec_150,2823758,3459555,26.400103,
memetic,best,"['transpose', 'exchange', 'insert']",5,30,0.8,11,25,0.1,0.5,N-be75eec_150,2823758,3459600,26.601997,
memetic,best,"['transpose', 'exchange', 'insert']",5,30,0.8,11,25,0.1,0.5,N-be75eec_150,2823758,3459631,26.718903,
memetic,best,"['transpose', 'exchange', 'insert']",5,30,0.8,11,25,0.1,0.5,N-be75eec_150,2823758,3459643,26.994713,
memetic,best,"['transpose', 'exchange', 'insert']",5,30,0.8,11,25,0.1,0.5,N-be75eec_150,2823758,3459661,27.171078,
memetic,best,"['transpose', 'exchange', 'insert']",5,30,0.8,11,25,0.1,0.5,N-be75eec_150,2823758,3459714,27.609308,
memetic,best,"['transpose', 'exchange', 'insert']",5,30,0.8,11,25,0.1,0.5,N-be75eec_150,2823758,3459719,28.376305,
memetic,best,"['transpose', 'exchange', 'insert']",5,30,0.8,11,25,0.1,0.5,N-be75eec_150,2823758,3459722,28.722441,
memetic,best,"['transpose', 'exchange', 'insert']",5,30,0.8,11,25,0.1,0.5,N-be75eec_150,2823758,3459734,28.903875,
memetic,best,"['transpose', 'exchange', 'insert']",5,30,0.8,11,25,0.1,0.5,N-be75eec_150,2823758,3459785,29.274075,
memetic,best,"['transpose', 'exchange', 'insert']",5,30,0.8,11,25,0.1,0.5,N-be75eec_150,2823758,3459801,32.487877,
memetic,best,"['transpose', 'exchange', 'insert']",5,30,0.8,11,25,0.1,0.5,N-be75eec_150,2823758,3459886,32.816357,
memetic,best,"['transpose', 'exchange', 'insert']",5,30,0.8,11,25,0.1,0.5,N-be75eec_150,2823758,3459888,32.921871,
memetic,best,"['transpose', 'exchange', 'insert']",5,30,0.8,11,25,0.1,0.5,N-be75eec_150,2823758,3459907,33.044418,
memetic,best,"['transpose', 'exchange', 'insert']",5,30,0.8,11,25,0.1,0.5,N-be75eec_150,2823758,3459941,33.220383,
memetic,best,"['transpose', 'exchange', 'insert']",5,30,0.8,11,25,0.1,0.5,N-be75eec_150,2823758,3459960,33.619003,
memetic,best,"['transpose', 'exchange', 'insert']",5,30,0.8,11,25,0.1,0.5,N-be75eec_150,2823758,3460020,34.36375,
memetic,best,"['transpose', 'exchange', 'insert']",5,30,0.8,11,25,0.1,0.5,N-be75eec_150,2823758,3460068,35.121948,
memetic,best,"['transpose', 'exchange', 'insert']",5,30,0.8,11,25,0.1,0.5,N-be75eec_150,2823758,3460140,35.22578,
memetic,best,"['transpose', 'exchange', 'insert']",5,30,0.8,11,25,0.1,0.5,N-be75eec_150,2823758,3460696,35.794418,
memetic,best,"['transpose', 'exchange', 'insert']",5,30,0.8,11,25,0.1,0.5,N-be75eec_150,2823758,3460756,36.263367,
memetic,best,"['transpose', 'exchange', 'insert']",5,30,0.8,11,25,0.1,0.5,N-be75eec_150,2823758,3460762,36.492657,
memetic,best,"['transpose', 'exchange', 'insert']",5,30,0.8,11,25,0.1,0.5,N-be75eec_150,2823758,3460806,37.946377,
memetic,best,"['transpose', 'exchange', 'insert']",5,30,0.8,11,25,0.1,0.5,N-be75eec_150,2823758,3460859,38.923679,
memetic,best,"['transpose', 'exchange', 'insert']",5,30,0.8,11,25,0.1,0.5,N-be75eec_150,2823758,3460861,39.266743,
memetic,best,"['transpose', 'exchange', 'insert']",5,30,0.8,11,25,0.1,0.5,N-be75eec_150,2823758,3460863,39.905209,
memetic,best,"['transpose', 'exchange', 'insert']",5,30,0.8,11,25,0.1,0.5,N-be75eec_150,2823758,3460875,40.016632,
memetic,best,"['transpose', 'exchange', 'insert']",5,30,0.8,11,25,0.1,0.5,N-be75eec_150,2823758,3460923,56.943436,
memetic,best,"['transpose', 'exchange', 'insert']",5,30,0.8,11,25,0.1,0.5,N-be75eec_150,2823758,3460983,73.517731,
memetic,best,"['transpose', 'exchange', 'insert']",5,30,0.8,11,25,0.1,0.5,N-be75eec_150,2823758,3461799,73.787361,
memetic,best,"['transpose', 'exchange', 'insert']",5,30,0.8,11,25,0.1,0.5,N-be75eec_150,2823758,3462371,75.234146,
memetic,best,"['transpose', 'exchange', 'insert']",5,30,0.8,11,25,0.1,0.5,N-be75eec_150,2823758,3462452,76.448692,
memetic,best,"['transpose', 'exchange', 'insert']",5,30,0.8,11,25,0.1,0.5,N-be75eec_150,2823758,3463127,76.902466,
memetic,best,"['transpose', 'exchange', 'insert']",5,30,0.8,11,25,0.1,0.5,N-be75eec_150,2823758,3463239,77.237213,
memetic,best,"['transpose', 'exchange', 'insert']",5,30,0.8,11,25,0.1,0.5,N-be75eec_150,2823758,3463763,77.428627,
memetic,best,"['transpose', 'exchange', 'insert']",5,30,0.8,11,25,0.1,0.5,N-be75eec_150,2823758,3464241,77.791786,
memetic,best,"['transpose', 'exchange', 'insert']",5,30,0.8,11,25,0.1,0.5,N-be75eec_150,2823758,3464907,79.45903,
memetic,best,"['transpose', 'exchange', 'insert']",5,30,0.8,11,25,0.1,0.5,N-be75eec_150,2823758,3465323,79.648674,
memetic,best,"['transpose', 'exchange', 'insert']",5,30,0.8,11,25,0.1,0.5,N-be75eec_150,2823758,3465765,79.850357,
memetic,best,"['transpose', 'exchange', 'insert']",5,30,0.8,11,25,0.1,0.5,N-be75eec_150,2823758,3465784,80.61972,
memetic,best,"['transpose', 'exchange', 'insert']",5,30,0.8,11,25,0.1,0.5,N-be75eec_150,2823758,3465972,80.779602,
memetic,best,"['transpose', 'exchange', 'insert']",5,30,0.8,11,25,0.1,0.5,N-be75eec_150,2823758,3466085,81.491875,
memetic,best,"['transpose', 'exchange', 'insert']",5,30,0.8,11,25,0.1,0.5,N-be75eec_150,2823758,3466150,81.601479,
memetic,best,"['transpose', 'exchange', 'insert']",5,30,0.8,11,25,0.1,0.5,N-be75eec_150,2823758,3466165,81.717026,
memetic,best,"['transpose', 'exchange', 'insert']",5,30,0.8,11,25,0.1,0.5,N-be75eec_150,2823758,3466188,81.794792,
memetic,best,"['transpose', 'exchange', 'insert']",5,30,0.8,11,25,0.1,0.5,N-be75eec_150,2823758,3466218,81.921837,
memetic,best,"['transpose', 'exchange', 'insert']",5,30,0.8,11,25,0.1,0.5,N-be75eec_150,2823758,3466289,82.028229,
memetic,best,"['transpose', 'exchange', 'insert']",5,30,0.8,11,25,0.1,0.5,N-be75eec_150,2823758,3466516,82.128281,
memetic,best,"['transpose', 'exchange', 'insert']",5,30,0.8,11,25,0.1,0.5,N-be75eec_150,2823758,3466521,82.444016,
memetic,best,"['transpose', 'exchange', 'insert']",5,30,0.8,11,25,0.1,0.5,N-be75eec_150,2823758,3466541,82.746712,
memetic,best,"['transpose', 'exchange', 'insert']",5,30,0.8,11,25,0.1,0.5,N-be75eec_150,2823758,3466549,82.830002,
memetic,best,"['transpose', 'exchange', 'insert']",5,30,0.8,11,25,0.1,0.5,N-be75eec_150,2823758,3466566,83.022552,
memetic,best,"['transpose', 'exchange', 'insert']",5,30,0.8,11,25,0.1,0.5,N-be75eec_150,2823758,3466578,83.484192,
memetic,best,"['transpose', 'exchange', 'insert']",5,30,0.8,11,25,0.1,0.5,N-be75eec_150,2823758,3466605,84.209312,
memetic,best,"['transpose', 'exchange', 'insert']",5,30,0.8,11,25,0.1,0.5,N-be75eec_150,2823758,3466618,85.498329,
memetic,best,"['transpose', 'exchange', 'insert']",5,30,0.8,11,25,0.1,0.5,N-be75eec_150,2823758,3466628,88.233986,
memetic,best,"['transpose', 'exchange', 'insert']",5,30,0.8,11,25,0.1,0.5,N-be75eec_150,2823758,3466630,88.605057,
memetic,best,"['transpose', 'exchange', 'insert']",5,30,0.8,11,25,0.1,0.5,N-be75eec_150,2823758,3466712,92.006416,
memetic,best,"['transpose', 'exchange', 'insert']",5,30,0.8,11,25,0.1,0.5,N-be75eec_150,2823758,3466715,124.146133,
memetic,best,"['transpose', 'exchange', 'insert']",5,30,0.8,11,25,0.1,0.5,N-be75eec_150,2823758,3466715,185.244217,
